snapshot_time,part_number,part_id,part_title,part_url,reads,votes,comments,hours_since_publish,actual_publish_time
2026-07-20T08:00:33+08:00,1,1643734560,Chapter 1 massive earthquake-1,https://www.wattpad.com/1643734560-planet-phoenix-chapter-1-massive-earthquake-1,0,0,0,0.01,2026-07-20T00:00:02Z
2026-07-20T10:00:27+08:00,1,1643734560,Chapter 1 massive earthquake-1,https://www.wattpad.com/1643734560-planet-phoenix-chapter-1-massive-earthquake-1,0,0,0,2.01,2026-07-20T00:00:02Z
2026-07-20T11:00:30+08:00,1,1643734560,Chapter 1 massive earthquake-1,https://www.wattpad.com/1643734560-planet-phoenix-chapter-1-massive-earthquake-1,0,0,0,3.01,2026-07-20T00:00:02Z
2026-07-20T12:00:28+08:00,1,1643734560,Chapter 1 massive earthquake-1,https://www.wattpad.com/1643734560-planet-phoenix-chapter-1-massive-earthquake-1,0,0,0,4.01,2026-07-20T00:00:02Z
2026-07-20T13:00:28+08:00,1,1643734560,Chapter 1 massive earthquake-1,https://www.wattpad.com/1643734560-planet-phoenix-chapter-1-massive-earthquake-1,0,0,0,5.01,2026-07-20T00:00:02Z
2026-07-20T14:00:29+08:00,1,1643734560,Chapter 1 massive earthquake-1,https://www.wattpad.com/1643734560-planet-phoenix-chapter-1-massive-earthquake-1,0,0,0,6.01,2026-07-20T00:00:02Z
2026-07-20T15:00:32+08:00,1,1643734560,Chapter 1 massive earthquake-1,https://www.wattpad.com/1643734560-planet-phoenix-chapter-1-massive-earthquake-1,0,0,0,7.01,2026-07-20T00:00:02Z
2026-07-20T16:00:34+08:00,1,1643734560,Chapter 1 massive earthquake-1,https://www.wattpad.com/1643734560-planet-phoenix-chapter-1-massive-earthquake-1,0,0,0,8.01,2026-07-20T00:00:02Z
2026-07-20T17:00:32+08:00,1,1643734560,Chapter 1 massive earthquake-1,https://www.wattpad.com/1643734560-planet-phoenix-chapter-1-massive-earthquake-1,0,0,0,9.01,2026-07-20T00:00:02Z
2026-07-20T18:00:32+08:00,1,1643734560,Chapter 1 massive earthquake-1,https://www.wattpad.com/1643734560-planet-phoenix-chapter-1-massive-earthquake-1,0,0,0,10.01,2026-07-20T00:00:02Z
2026-07-20T19:00:32+08:00,1,1643734560,Chapter 1 massive earthquake-1,https://www.wattpad.com/1643734560-planet-phoenix-chapter-1-massive-earthquake-1,0,0,0,11.01,2026-07-20T00:00:02Z
2026-07-20T20:00:37+08:00,1,1643734560,Chapter 1 massive earthquake-1,https://www.wattpad.com/1643734560-planet-phoenix-chapter-1-massive-earthquake-1,0,0,0,12.01,2026-07-20T00:00:02Z
2026-07-20T21:00:32+08:00,1,1643734560,Chapter 1 massive earthquake-1,https://www.wattpad.com/1643734560-planet-phoenix-chapter-1-massive-earthquake-1,0,0,0,13.01,2026-07-20T00:00:02Z
2026-07-20T22:00:35+08:00,1,1643734560,Chapter 1 massive earthquake-1,https://www.wattpad.com/1643734560-planet-phoenix-chapter-1-massive-earthquake-1,0,0,0,14.01,2026-07-20T00:00:02Z
2026-07-20T22:00:35+08:00,2,1643743618,Chapter 2 massive earthquake-2,https://www.wattpad.com/1643743618-planet-phoenix-chapter-2-massive-earthquake-2,0,0,0,0.01,2026-07-20T14:00:02Z
2026-07-20T23:00:39+08:00,1,1643734560,Chapter 1 massive earthquake-1,https://www.wattpad.com/1643734560-planet-phoenix-chapter-1-massive-earthquake-1,0,0,0,15.01,2026-07-20T00:00:02Z
2026-07-20T23:00:39+08:00,2,1643743618,Chapter 2 massive earthquake-2,https://www.wattpad.com/1643743618-planet-phoenix-chapter-2-massive-earthquake-2,1,0,1,1.01,2026-07-20T14:00:02Z
2026-07-21T00:00:32+08:00,1,1643734560,Chapter 1 massive earthquake-1,https://www.wattpad.com/1643734560-planet-phoenix-chapter-1-massive-earthquake-1,0,0,0,16.01,2026-07-20T00:00:02Z
2026-07-21T00:00:32+08:00,2,1643743618,Chapter 2 massive earthquake-2,https://www.wattpad.com/1643743618-planet-phoenix-chapter-2-massive-earthquake-2,1,0,1,2.01,2026-07-20T14:00:02Z
2026-07-21T01:00:33+08:00,1,1643734560,Chapter 1 massive earthquake-1,https://www.wattpad.com/1643734560-planet-phoenix-chapter-1-massive-earthquake-1,0,0,0,17.01,2026-07-20T00:00:02Z
2026-07-21T01:00:33+08:00,2,1643743618,Chapter 2 massive earthquake-2,https://www.wattpad.com/1643743618-planet-phoenix-chapter-2-massive-earthquake-2,1,0,1,3.01,2026-07-20T14:00:02Z
2026-07-21T02:00:38+08:00,1,1643734560,Chapter 1 massive earthquake-1,https://www.wattpad.com/1643734560-planet-phoenix-chapter-1-massive-earthquake-1,0,0,0,18.01,2026-07-20T00:00:02Z
2026-07-21T02:00:38+08:00,2,1643743618,Chapter 2 massive earthquake-2,https://www.wattpad.com/1643743618-planet-phoenix-chapter-2-massive-earthquake-2,1,0,1,4.01,2026-07-20T14:00:02Z
2026-07-21T03:00:33+08:00,1,1643734560,Chapter 1 massive earthquake-1,https://www.wattpad.com/1643734560-planet-phoenix-chapter-1-massive-earthquake-1,0,0,0,19.01,2026-07-20T00:00:02Z
2026-07-21T03:00:33+08:00,2,1643743618,Chapter 2 massive earthquake-2,https://www.wattpad.com/1643743618-planet-phoenix-chapter-2-massive-earthquake-2,1,0,1,5.01,2026-07-20T14:00:02Z
2026-07-21T04:00:35+08:00,1,1643734560,Chapter 1 massive earthquake-1,https://www.wattpad.com/1643734560-planet-phoenix-chapter-1-massive-earthquake-1,0,0,0,20.01,2026-07-20T00:00:02Z
2026-07-21T04:00:35+08:00,2,1643743618,Chapter 2 massive earthquake-2,https://www.wattpad.com/1643743618-planet-phoenix-chapter-2-massive-earthquake-2,1,0,1,6.01,2026-07-20T14:00:02Z
2026-07-21T05:00:32+08:00,1,1643734560,Chapter 1 massive earthquake-1,https://www.wattpad.com/1643734560-planet-phoenix-chapter-1-massive-earthquake-1,0,0,0,21.01,2026-07-20T00:00:02Z
2026-07-21T05:00:32+08:00,2,1643743618,Chapter 2 massive earthquake-2,https://www.wattpad.com/1643743618-planet-phoenix-chapter-2-massive-earthquake-2,1,0,1,7.01,2026-07-20T14:00:02Z
2026-07-21T06:00:31+08:00,1,1643734560,Chapter 1 massive earthquake-1,https://www.wattpad.com/1643734560-planet-phoenix-chapter-1-massive-earthquake-1,0,0,0,22.01,2026-07-20T00:00:02Z
2026-07-21T06:00:31+08:00,2,1643743618,Chapter 2 massive earthquake-2,https://www.wattpad.com/1643743618-planet-phoenix-chapter-2-massive-earthquake-2,2,0,1,8.01,2026-07-20T14:00:02Z
2026-07-21T07:00:31+08:00,1,1643734560,Chapter 1 massive earthquake-1,https://www.wattpad.com/1643734560-planet-phoenix-chapter-1-massive-earthquake-1,0,0,0,23.01,2026-07-20T00:00:02Z
2026-07-21T07:00:31+08:00,2,1643743618,Chapter 2 massive earthquake-2,https://www.wattpad.com/1643743618-planet-phoenix-chapter-2-massive-earthquake-2,2,0,1,9.01,2026-07-20T14:00:02Z
2026-07-21T08:00:33+08:00,1,1643734560,Chapter 1 massive earthquake-1,https://www.wattpad.com/1643734560-planet-phoenix-chapter-1-massive-earthquake-1,0,0,0,24.01,2026-07-20T00:00:02Z
2026-07-21T08:00:33+08:00,2,1643743618,Chapter 2 massive earthquake-2,https://www.wattpad.com/1643743618-planet-phoenix-chapter-2-massive-earthquake-2,3,0,1,10.01,2026-07-20T14:00:02Z
2026-07-21T09:00:28+08:00,1,1643734560,Chapter 1 massive earthquake-1,https://www.wattpad.com/1643734560-planet-phoenix-chapter-1-massive-earthquake-1,0,0,0,25.01,2026-07-20T00:00:02Z
2026-07-21T09:00:28+08:00,2,1643743618,Chapter 2 massive earthquake-2,https://www.wattpad.com/1643743618-planet-phoenix-chapter-2-massive-earthquake-2,3,0,1,11.01,2026-07-20T14:00:02Z
2026-07-21T10:00:34+08:00,1,1643734560,Chapter 1 massive earthquake-1,https://www.wattpad.com/1643734560-planet-phoenix-chapter-1-massive-earthquake-1,0,0,0,26.01,2026-07-20T00:00:02Z
2026-07-21T10:00:34+08:00,2,1643743618,Chapter 2 massive earthquake-2,https://www.wattpad.com/1643743618-planet-phoenix-chapter-2-massive-earthquake-2,3,0,1,12.01,2026-07-20T14:00:02Z
2026-07-21T11:00:32+08:00,1,1643734560,Chapter 1 massive earthquake-1,https://www.wattpad.com/1643734560-planet-phoenix-chapter-1-massive-earthquake-1,0,0,0,27.01,2026-07-20T00:00:02Z
2026-07-21T11:00:32+08:00,2,1643743618,Chapter 2 massive earthquake-2,https://www.wattpad.com/1643743618-planet-phoenix-chapter-2-massive-earthquake-2,3,0,1,13.01,2026-07-20T14:00:02Z
2026-07-21T12:00:36+08:00,1,1643734560,Chapter 1 massive earthquake-1,https://www.wattpad.com/1643734560-planet-phoenix-chapter-1-massive-earthquake-1,0,0,0,28.01,2026-07-20T00:00:02Z
2026-07-21T12:00:36+08:00,2,1643743618,Chapter 2 massive earthquake-2,https://www.wattpad.com/1643743618-planet-phoenix-chapter-2-massive-earthquake-2,3,0,1,14.01,2026-07-20T14:00:02Z
2026-07-21T12:00:36+08:00,3,1643746352,Chapter 3 massive earthquake-3,https://www.wattpad.com/1643746352-planet-phoenix-chapter-3-massive-earthquake-3,0,0,0,0.01,2026-07-21T04:00:02Z
2026-07-21T13:00:32+08:00,1,1643734560,Chapter 1 massive earthquake-1,https://www.wattpad.com/1643734560-planet-phoenix-chapter-1-massive-earthquake-1,0,0,0,29.01,2026-07-20T00:00:02Z
2026-07-21T13:00:32+08:00,2,1643743618,Chapter 2 massive earthquake-2,https://www.wattpad.com/1643743618-planet-phoenix-chapter-2-massive-earthquake-2,3,0,1,15.01,2026-07-20T14:00:02Z
2026-07-21T13:00:32+08:00,3,1643746352,Chapter 3 massive earthquake-3,https://www.wattpad.com/1643746352-planet-phoenix-chapter-3-massive-earthquake-3,0,0,0,1.01,2026-07-21T04:00:02Z
2026-07-21T14:00:31+08:00,1,1643734560,Chapter 1 massive earthquake-1,https://www.wattpad.com/1643734560-planet-phoenix-chapter-1-massive-earthquake-1,0,0,0,30.01,2026-07-20T00:00:02Z
2026-07-21T14:00:31+08:00,2,1643743618,Chapter 2 massive earthquake-2,https://www.wattpad.com/1643743618-planet-phoenix-chapter-2-massive-earthquake-2,3,0,1,16.01,2026-07-20T14:00:02Z
2026-07-21T14:00:31+08:00,3,1643746352,Chapter 3 massive earthquake-3,https://www.wattpad.com/1643746352-planet-phoenix-chapter-3-massive-earthquake-3,0,0,0,2.01,2026-07-21T04:00:02Z
2026-07-21T15:00:35+08:00,1,1643734560,Chapter 1 massive earthquake-1,https://www.wattpad.com/1643734560-planet-phoenix-chapter-1-massive-earthquake-1,0,0,0,31.01,2026-07-20T00:00:02Z
2026-07-21T15:00:35+08:00,2,1643743618,Chapter 2 massive earthquake-2,https://www.wattpad.com/1643743618-planet-phoenix-chapter-2-massive-earthquake-2,3,0,1,17.01,2026-07-20T14:00:02Z
2026-07-21T15:00:35+08:00,3,1643746352,Chapter 3 massive earthquake-3,https://www.wattpad.com/1643746352-planet-phoenix-chapter-3-massive-earthquake-3,0,0,0,3.01,2026-07-21T04:00:02Z
2026-07-21T16:00:37+08:00,1,1643734560,Chapter 1 massive earthquake-1,https://www.wattpad.com/1643734560-planet-phoenix-chapter-1-massive-earthquake-1,0,0,0,32.01,2026-07-20T00:00:02Z
2026-07-21T16:00:37+08:00,2,1643743618,Chapter 2 massive earthquake-2,https://www.wattpad.com/1643743618-planet-phoenix-chapter-2-massive-earthquake-2,3,0,1,18.01,2026-07-20T14:00:02Z
2026-07-21T16:00:37+08:00,3,1643746352,Chapter 3 massive earthquake-3,https://www.wattpad.com/1643746352-planet-phoenix-chapter-3-massive-earthquake-3,0,0,0,4.01,2026-07-21T04:00:02Z
2026-07-21T17:00:38+08:00,1,1643734560,Chapter 1 massive earthquake-1,https://www.wattpad.com/1643734560-planet-phoenix-chapter-1-massive-earthquake-1,0,0,0,33.01,2026-07-20T00:00:02Z
2026-07-21T17:00:38+08:00,2,1643743618,Chapter 2 massive earthquake-2,https://www.wattpad.com/1643743618-planet-phoenix-chapter-2-massive-earthquake-2,3,0,1,19.01,2026-07-20T14:00:02Z
2026-07-21T17:00:38+08:00,3,1643746352,Chapter 3 massive earthquake-3,https://www.wattpad.com/1643746352-planet-phoenix-chapter-3-massive-earthquake-3,0,0,0,5.01,2026-07-21T04:00:02Z
2026-07-21T18:00:38+08:00,1,1643734560,Chapter 1 massive earthquake-1,https://www.wattpad.com/1643734560-planet-phoenix-chapter-1-massive-earthquake-1,0,0,0,34.01,2026-07-20T00:00:02Z
2026-07-21T18:00:38+08:00,2,1643743618,Chapter 2 massive earthquake-2,https://www.wattpad.com/1643743618-planet-phoenix-chapter-2-massive-earthquake-2,3,0,1,20.01,2026-07-20T14:00:02Z
2026-07-21T18:00:38+08:00,3,1643746352,Chapter 3 massive earthquake-3,https://www.wattpad.com/1643746352-planet-phoenix-chapter-3-massive-earthquake-3,0,0,0,6.01,2026-07-21T04:00:02Z
2026-07-21T19:00:37+08:00,1,1643734560,Chapter 1 massive earthquake-1,https://www.wattpad.com/1643734560-planet-phoenix-chapter-1-massive-earthquake-1,0,0,0,35.01,2026-07-20T00:00:02Z
2026-07-21T19:00:37+08:00,2,1643743618,Chapter 2 massive earthquake-2,https://www.wattpad.com/1643743618-planet-phoenix-chapter-2-massive-earthquake-2,3,0,1,21.01,2026-07-20T14:00:02Z
2026-07-21T19:00:37+08:00,3,1643746352,Chapter 3 massive earthquake-3,https://www.wattpad.com/1643746352-planet-phoenix-chapter-3-massive-earthquake-3,0,0,0,7.01,2026-07-21T04:00:02Z
2026-07-21T20:00:42+08:00,1,1643734560,Chapter 1 massive earthquake-1,https://www.wattpad.com/1643734560-planet-phoenix-chapter-1-massive-earthquake-1,0,0,0,36.01,2026-07-20T00:00:02Z
2026-07-21T20:00:42+08:00,2,1643743618,Chapter 2 massive earthquake-2,https://www.wattpad.com/1643743618-planet-phoenix-chapter-2-massive-earthquake-2,3,0,1,22.01,2026-07-20T14:00:02Z
2026-07-21T20:00:42+08:00,3,1643746352,Chapter 3 massive earthquake-3,https://www.wattpad.com/1643746352-planet-phoenix-chapter-3-massive-earthquake-3,0,0,0,8.01,2026-07-21T04:00:02Z
2026-07-21T21:00:42+08:00,1,1643734560,Chapter 1 massive earthquake-1,https://www.wattpad.com/1643734560-planet-phoenix-chapter-1-massive-earthquake-1,1,0,0,37.01,2026-07-20T00:00:02Z
2026-07-21T21:00:42+08:00,2,1643743618,Chapter 2 massive earthquake-2,https://www.wattpad.com/1643743618-planet-phoenix-chapter-2-massive-earthquake-2,3,0,1,23.01,2026-07-20T14:00:02Z
2026-07-21T21:00:42+08:00,3,1643746352,Chapter 3 massive earthquake-3,https://www.wattpad.com/1643746352-planet-phoenix-chapter-3-massive-earthquake-3,0,0,0,9.01,2026-07-21T04:00:02Z
2026-07-21T22:00:34+08:00,1,1643734560,Chapter 1 massive earthquake-1,https://www.wattpad.com/1643734560-planet-phoenix-chapter-1-massive-earthquake-1,1,0,0,38.01,2026-07-20T00:00:02Z
2026-07-21T22:00:34+08:00,2,1643743618,Chapter 2 massive earthquake-2,https://www.wattpad.com/1643743618-planet-phoenix-chapter-2-massive-earthquake-2,3,0,1,24.01,2026-07-20T14:00:02Z
2026-07-21T22:00:34+08:00,3,1643746352,Chapter 3 massive earthquake-3,https://www.wattpad.com/1643746352-planet-phoenix-chapter-3-massive-earthquake-3,0,0,0,10.01,2026-07-21T04:00:02Z
2026-07-21T23:00:39+08:00,1,1643734560,Chapter 1 massive earthquake-1,https://www.wattpad.com/1643734560-planet-phoenix-chapter-1-massive-earthquake-1,1,0,0,39.01,2026-07-20T00:00:02Z
2026-07-21T23:00:39+08:00,2,1643743618,Chapter 2 massive earthquake-2,https://www.wattpad.com/1643743618-planet-phoenix-chapter-2-massive-earthquake-2,3,0,1,25.01,2026-07-20T14:00:02Z
2026-07-21T23:00:39+08:00,3,1643746352,Chapter 3 massive earthquake-3,https://www.wattpad.com/1643746352-planet-phoenix-chapter-3-massive-earthquake-3,0,0,0,11.01,2026-07-21T04:00:02Z
2026-07-22T00:00:42+08:00,1,1643734560,Chapter 1 massive earthquake-1,https://www.wattpad.com/1643734560-planet-phoenix-chapter-1-massive-earthquake-1,1,0,0,40.01,2026-07-20T00:00:02Z
2026-07-22T00:00:42+08:00,2,1643743618,Chapter 2 massive earthquake-2,https://www.wattpad.com/1643743618-planet-phoenix-chapter-2-massive-earthquake-2,3,0,1,26.01,2026-07-20T14:00:02Z
2026-07-22T00:00:42+08:00,3,1643746352,Chapter 3 massive earthquake-3,https://www.wattpad.com/1643746352-planet-phoenix-chapter-3-massive-earthquake-3,0,0,0,12.01,2026-07-21T04:00:02Z
2026-07-22T01:00:37+08:00,1,1643734560,Chapter 1 massive earthquake-1,https://www.wattpad.com/1643734560-planet-phoenix-chapter-1-massive-earthquake-1,1,0,0,41.01,2026-07-20T00:00:02Z
2026-07-22T01:00:37+08:00,2,1643743618,Chapter 2 massive earthquake-2,https://www.wattpad.com/1643743618-planet-phoenix-chapter-2-massive-earthquake-2,3,0,1,27.01,2026-07-20T14:00:02Z
2026-07-22T01:00:37+08:00,3,1643746352,Chapter 3 massive earthquake-3,https://www.wattpad.com/1643746352-planet-phoenix-chapter-3-massive-earthquake-3,0,0,0,13.01,2026-07-21T04:00:02Z
2026-07-22T02:00:37+08:00,1,1643734560,Chapter 1 massive earthquake-1,https://www.wattpad.com/1643734560-planet-phoenix-chapter-1-massive-earthquake-1,1,0,0,42.01,2026-07-20T00:00:02Z
2026-07-22T02:00:37+08:00,2,1643743618,Chapter 2 massive earthquake-2,https://www.wattpad.com/1643743618-planet-phoenix-chapter-2-massive-earthquake-2,3,0,1,28.01,2026-07-20T14:00:02Z
2026-07-22T02:00:37+08:00,3,1643746352,Chapter 3 massive earthquake-3,https://www.wattpad.com/1643746352-planet-phoenix-chapter-3-massive-earthquake-3,0,0,0,14.01,2026-07-21T04:00:02Z
2026-07-22T02:00:37+08:00,4,1643746654,Chapter 4 massive earthquake-4,https://www.wattpad.com/1643746654-planet-phoenix-chapter-4-massive-earthquake-4,0,0,0,0.01,2026-07-21T18:00:02Z
2026-07-22T03:00:35+08:00,1,1643734560,Chapter 1 massive earthquake-1,https://www.wattpad.com/1643734560-planet-phoenix-chapter-1-massive-earthquake-1,1,0,0,43.01,2026-07-20T00:00:02Z
2026-07-22T03:00:35+08:00,2,1643743618,Chapter 2 massive earthquake-2,https://www.wattpad.com/1643743618-planet-phoenix-chapter-2-massive-earthquake-2,3,0,0,29.01,2026-07-20T14:00:02Z
2026-07-22T03:00:35+08:00,3,1643746352,Chapter 3 massive earthquake-3,https://www.wattpad.com/1643746352-planet-phoenix-chapter-3-massive-earthquake-3,0,0,0,15.01,2026-07-21T04:00:02Z
2026-07-22T03:00:35+08:00,4,1643746654,Chapter 4 massive earthquake-4,https://www.wattpad.com/1643746654-planet-phoenix-chapter-4-massive-earthquake-4,1,1,1,1.01,2026-07-21T18:00:02Z
2026-07-22T04:00:34+08:00,1,1643734560,Chapter 1 massive earthquake-1,https://www.wattpad.com/1643734560-planet-phoenix-chapter-1-massive-earthquake-1,1,0,0,44.01,2026-07-20T00:00:02Z
2026-07-22T04:00:34+08:00,2,1643743618,Chapter 2 massive earthquake-2,https://www.wattpad.com/1643743618-planet-phoenix-chapter-2-massive-earthquake-2,3,0,0,30.01,2026-07-20T14:00:02Z
2026-07-22T04:00:34+08:00,3,1643746352,Chapter 3 massive earthquake-3,https://www.wattpad.com/1643746352-planet-phoenix-chapter-3-massive-earthquake-3,0,0,0,16.01,2026-07-21T04:00:02Z
2026-07-22T04:00:34+08:00,4,1643746654,Chapter 4 massive earthquake-4,https://www.wattpad.com/1643746654-planet-phoenix-chapter-4-massive-earthquake-4,2,1,2,2.01,2026-07-21T18:00:02Z
2026-07-22T05:00:36+08:00,1,1643734560,Chapter 1 massive earthquake-1,https://www.wattpad.com/1643734560-planet-phoenix-chapter-1-massive-earthquake-1,1,0,0,45.01,2026-07-20T00:00:02Z
2026-07-22T05:00:36+08:00,2,1643743618,Chapter 2 massive earthquake-2,https://www.wattpad.com/1643743618-planet-phoenix-chapter-2-massive-earthquake-2,3,0,0,31.01,2026-07-20T14:00:02Z
2026-07-22T05:00:36+08:00,3,1643746352,Chapter 3 massive earthquake-3,https://www.wattpad.com/1643746352-planet-phoenix-chapter-3-massive-earthquake-3,0,0,0,17.01,2026-07-21T04:00:02Z
2026-07-22T05:00:36+08:00,4,1643746654,Chapter 4 massive earthquake-4,https://www.wattpad.com/1643746654-planet-phoenix-chapter-4-massive-earthquake-4,2,1,2,3.01,2026-07-21T18:00:02Z
2026-07-22T06:00:29+08:00,1,1643734560,Chapter 1 massive earthquake-1,https://www.wattpad.com/1643734560-planet-phoenix-chapter-1-massive-earthquake-1,1,0,0,46.01,2026-07-20T00:00:02Z
2026-07-22T06:00:29+08:00,2,1643743618,Chapter 2 massive earthquake-2,https://www.wattpad.com/1643743618-planet-phoenix-chapter-2-massive-earthquake-2,3,0,0,32.01,2026-07-20T14:00:02Z
2026-07-22T06:00:29+08:00,3,1643746352,Chapter 3 massive earthquake-3,https://www.wattpad.com/1643746352-planet-phoenix-chapter-3-massive-earthquake-3,0,0,0,18.01,2026-07-21T04:00:02Z
2026-07-22T06:00:29+08:00,4,1643746654,Chapter 4 massive earthquake-4,https://www.wattpad.com/1643746654-planet-phoenix-chapter-4-massive-earthquake-4,3,1,2,4.01,2026-07-21T18:00:02Z
2026-07-22T07:00:31+08:00,1,1643734560,Chapter 1 massive earthquake-1,https://www.wattpad.com/1643734560-planet-phoenix-chapter-1-massive-earthquake-1,1,0,0,47.01,2026-07-20T00:00:02Z
2026-07-22T07:00:31+08:00,2,1643743618,Chapter 2 massive earthquake-2,https://www.wattpad.com/1643743618-planet-phoenix-chapter-2-massive-earthquake-2,3,0,0,33.01,2026-07-20T14:00:02Z
2026-07-22T07:00:31+08:00,3,1643746352,Chapter 3 massive earthquake-3,https://www.wattpad.com/1643746352-planet-phoenix-chapter-3-massive-earthquake-3,0,0,0,19.01,2026-07-21T04:00:02Z
2026-07-22T07:00:31+08:00,4,1643746654,Chapter 4 massive earthquake-4,https://www.wattpad.com/1643746654-planet-phoenix-chapter-4-massive-earthquake-4,3,1,2,5.01,2026-07-21T18:00:02Z
2026-07-22T08:00:36+08:00,1,1643734560,Chapter 1 massive earthquake-1,https://www.wattpad.com/1643734560-planet-phoenix-chapter-1-massive-earthquake-1,1,0,0,48.01,2026-07-20T00:00:02Z
2026-07-22T08:00:36+08:00,2,1643743618,Chapter 2 massive earthquake-2,https://www.wattpad.com/1643743618-planet-phoenix-chapter-2-massive-earthquake-2,3,0,0,34.01,2026-07-20T14:00:02Z
2026-07-22T08:00:36+08:00,3,1643746352,Chapter 3 massive earthquake-3,https://www.wattpad.com/1643746352-planet-phoenix-chapter-3-massive-earthquake-3,0,0,0,20.01,2026-07-21T04:00:02Z
2026-07-22T08:00:36+08:00,4,1643746654,Chapter 4 massive earthquake-4,https://www.wattpad.com/1643746654-planet-phoenix-chapter-4-massive-earthquake-4,3,1,2,6.01,2026-07-21T18:00:02Z
2026-07-22T09:00:33+08:00,1,1643734560,Chapter 1 massive earthquake-1,https://www.wattpad.com/1643734560-planet-phoenix-chapter-1-massive-earthquake-1,1,0,0,49.01,2026-07-20T00:00:02Z
2026-07-22T09:00:33+08:00,2,1643743618,Chapter 2 massive earthquake-2,https://www.wattpad.com/1643743618-planet-phoenix-chapter-2-massive-earthquake-2,3,0,0,35.01,2026-07-20T14:00:02Z
2026-07-22T09:00:33+08:00,3,1643746352,Chapter 3 massive earthquake-3,https://www.wattpad.com/1643746352-planet-phoenix-chapter-3-massive-earthquake-3,0,0,0,21.01,2026-07-21T04:00:02Z
2026-07-22T09:00:33+08:00,4,1643746654,Chapter 4 massive earthquake-4,https://www.wattpad.com/1643746654-planet-phoenix-chapter-4-massive-earthquake-4,3,1,2,7.01,2026-07-21T18:00:02Z
2026-07-22T10:00:30+08:00,1,1643734560,Chapter 1 massive earthquake-1,https://www.wattpad.com/1643734560-planet-phoenix-chapter-1-massive-earthquake-1,2,0,0,50.01,2026-07-20T00:00:02Z
2026-07-22T10:00:30+08:00,2,1643743618,Chapter 2 massive earthquake-2,https://www.wattpad.com/1643743618-planet-phoenix-chapter-2-massive-earthquake-2,3,0,0,36.01,2026-07-20T14:00:02Z
2026-07-22T10:00:30+08:00,3,1643746352,Chapter 3 massive earthquake-3,https://www.wattpad.com/1643746352-planet-phoenix-chapter-3-massive-earthquake-3,0,0,0,22.01,2026-07-21T04:00:02Z
2026-07-22T10:00:30+08:00,4,1643746654,Chapter 4 massive earthquake-4,https://www.wattpad.com/1643746654-planet-phoenix-chapter-4-massive-earthquake-4,3,1,2,8.01,2026-07-21T18:00:02Z
2026-07-22T11:00:32+08:00,1,1643734560,Chapter 1 massive earthquake-1,https://www.wattpad.com/1643734560-planet-phoenix-chapter-1-massive-earthquake-1,2,0,0,51.01,2026-07-20T00:00:02Z
2026-07-22T11:00:32+08:00,2,1643743618,Chapter 2 massive earthquake-2,https://www.wattpad.com/1643743618-planet-phoenix-chapter-2-massive-earthquake-2,3,0,0,37.01,2026-07-20T14:00:02Z
2026-07-22T11:00:32+08:00,3,1643746352,Chapter 3 massive earthquake-3,https://www.wattpad.com/1643746352-planet-phoenix-chapter-3-massive-earthquake-3,0,0,0,23.01,2026-07-21T04:00:02Z
2026-07-22T11:00:32+08:00,4,1643746654,Chapter 4 massive earthquake-4,https://www.wattpad.com/1643746654-planet-phoenix-chapter-4-massive-earthquake-4,3,1,2,9.01,2026-07-21T18:00:02Z
2026-07-22T12:00:29+08:00,1,1643734560,Chapter 1 massive earthquake-1,https://www.wattpad.com/1643734560-planet-phoenix-chapter-1-massive-earthquake-1,3,0,0,52.01,2026-07-20T00:00:02Z
2026-07-22T12:00:29+08:00,2,1643743618,Chapter 2 massive earthquake-2,https://www.wattpad.com/1643743618-planet-phoenix-chapter-2-massive-earthquake-2,4,0,0,38.01,2026-07-20T14:00:02Z
2026-07-22T12:00:29+08:00,3,1643746352,Chapter 3 massive earthquake-3,https://www.wattpad.com/1643746352-planet-phoenix-chapter-3-massive-earthquake-3,1,0,0,24.01,2026-07-21T04:00:02Z
2026-07-22T12:00:29+08:00,4,1643746654,Chapter 4 massive earthquake-4,https://www.wattpad.com/1643746654-planet-phoenix-chapter-4-massive-earthquake-4,4,1,2,10.01,2026-07-21T18:00:02Z
2026-07-22T13:00:31+08:00,1,1643734560,Chapter 1 massive earthquake-1,https://www.wattpad.com/1643734560-planet-phoenix-chapter-1-massive-earthquake-1,3,0,0,53.01,2026-07-20T00:00:02Z
2026-07-22T13:00:31+08:00,2,1643743618,Chapter 2 massive earthquake-2,https://www.wattpad.com/1643743618-planet-phoenix-chapter-2-massive-earthquake-2,5,0,0,39.01,2026-07-20T14:00:02Z
2026-07-22T13:00:31+08:00,3,1643746352,Chapter 3 massive earthquake-3,https://www.wattpad.com/1643746352-planet-phoenix-chapter-3-massive-earthquake-3,1,0,0,25.01,2026-07-21T04:00:02Z
2026-07-22T13:00:31+08:00,4,1643746654,Chapter 4 massive earthquake-4,https://www.wattpad.com/1643746654-planet-phoenix-chapter-4-massive-earthquake-4,4,1,2,11.01,2026-07-21T18:00:02Z
2026-07-22T14:00:32+08:00,1,1643734560,Chapter 1 massive earthquake-1,https://www.wattpad.com/1643734560-planet-phoenix-chapter-1-massive-earthquake-1,3,0,0,54.01,2026-07-20T00:00:02Z
2026-07-22T14:00:32+08:00,2,1643743618,Chapter 2 massive earthquake-2,https://www.wattpad.com/1643743618-planet-phoenix-chapter-2-massive-earthquake-2,5,0,0,40.01,2026-07-20T14:00:02Z
2026-07-22T14:00:32+08:00,3,1643746352,Chapter 3 massive earthquake-3,https://www.wattpad.com/1643746352-planet-phoenix-chapter-3-massive-earthquake-3,1,0,0,26.01,2026-07-21T04:00:02Z
2026-07-22T14:00:32+08:00,4,1643746654,Chapter 4 massive earthquake-4,https://www.wattpad.com/1643746654-planet-phoenix-chapter-4-massive-earthquake-4,4,1,2,12.01,2026-07-21T18:00:02Z
2026-07-22T15:00:37+08:00,1,1643734560,Chapter 1 massive earthquake-1,https://www.wattpad.com/1643734560-planet-phoenix-chapter-1-massive-earthquake-1,3,0,0,55.01,2026-07-20T00:00:02Z
2026-07-22T15:00:37+08:00,2,1643743618,Chapter 2 massive earthquake-2,https://www.wattpad.com/1643743618-planet-phoenix-chapter-2-massive-earthquake-2,5,0,0,41.01,2026-07-20T14:00:02Z
2026-07-22T15:00:37+08:00,3,1643746352,Chapter 3 massive earthquake-3,https://www.wattpad.com/1643746352-planet-phoenix-chapter-3-massive-earthquake-3,1,0,0,27.01,2026-07-21T04:00:02Z
2026-07-22T15:00:37+08:00,4,1643746654,Chapter 4 massive earthquake-4,https://www.wattpad.com/1643746654-planet-phoenix-chapter-4-massive-earthquake-4,4,1,2,13.01,2026-07-21T18:00:02Z
2026-07-22T16:00:33+08:00,1,1643734560,Chapter 1 massive earthquake-1,https://www.wattpad.com/1643734560-planet-phoenix-chapter-1-massive-earthquake-1,3,0,0,56.01,2026-07-20T00:00:02Z
2026-07-22T16:00:33+08:00,2,1643743618,Chapter 2 massive earthquake-2,https://www.wattpad.com/1643743618-planet-phoenix-chapter-2-massive-earthquake-2,5,0,0,42.01,2026-07-20T14:00:02Z
2026-07-22T16:00:33+08:00,3,1643746352,Chapter 3 massive earthquake-3,https://www.wattpad.com/1643746352-planet-phoenix-chapter-3-massive-earthquake-3,1,0,0,28.01,2026-07-21T04:00:02Z
2026-07-22T16:00:33+08:00,4,1643746654,Chapter 4 massive earthquake-4,https://www.wattpad.com/1643746654-planet-phoenix-chapter-4-massive-earthquake-4,4,1,2,14.01,2026-07-21T18:00:02Z
2026-07-22T16:00:33+08:00,5,1643747136,Chapter 5 Escape from death,https://www.wattpad.com/1643747136-planet-phoenix-chapter-5-escape-from-death,0,0,0,0.01,2026-07-22T08:00:03Z
2026-07-22T17:00:34+08:00,1,1643734560,Chapter 1 massive earthquake-1,https://www.wattpad.com/1643734560-planet-phoenix-chapter-1-massive-earthquake-1,3,0,0,57.01,2026-07-20T00:00:02Z
2026-07-22T17:00:34+08:00,2,1643743618,Chapter 2 massive earthquake-2,https://www.wattpad.com/1643743618-planet-phoenix-chapter-2-massive-earthquake-2,5,0,0,43.01,2026-07-20T14:00:02Z
2026-07-22T17:00:34+08:00,3,1643746352,Chapter 3 massive earthquake-3,https://www.wattpad.com/1643746352-planet-phoenix-chapter-3-massive-earthquake-3,1,0,0,29.01,2026-07-21T04:00:02Z
2026-07-22T17:00:34+08:00,4,1643746654,Chapter 4 massive earthquake-4,https://www.wattpad.com/1643746654-planet-phoenix-chapter-4-massive-earthquake-4,4,1,2,15.01,2026-07-21T18:00:02Z
2026-07-22T17:00:34+08:00,5,1643747136,Chapter 5 Escape from death,https://www.wattpad.com/1643747136-planet-phoenix-chapter-5-escape-from-death,0,0,0,1.01,2026-07-22T08:00:03Z
2026-07-22T18:00:38+08:00,1,1643734560,Chapter 1 massive earthquake-1,https://www.wattpad.com/1643734560-planet-phoenix-chapter-1-massive-earthquake-1,3,0,0,58.01,2026-07-20T00:00:02Z
2026-07-22T18:00:38+08:00,2,1643743618,Chapter 2 massive earthquake-2,https://www.wattpad.com/1643743618-planet-phoenix-chapter-2-massive-earthquake-2,5,0,0,44.01,2026-07-20T14:00:02Z
2026-07-22T18:00:38+08:00,3,1643746352,Chapter 3 massive earthquake-3,https://www.wattpad.com/1643746352-planet-phoenix-chapter-3-massive-earthquake-3,1,0,0,30.01,2026-07-21T04:00:02Z
2026-07-22T18:00:38+08:00,4,1643746654,Chapter 4 massive earthquake-4,https://www.wattpad.com/1643746654-planet-phoenix-chapter-4-massive-earthquake-4,4,1,2,16.01,2026-07-21T18:00:02Z
2026-07-22T18:00:38+08:00,5,1643747136,Chapter 5 Escape from death,https://www.wattpad.com/1643747136-planet-phoenix-chapter-5-escape-from-death,0,0,0,2.01,2026-07-22T08:00:03Z
2026-07-22T19:00:35+08:00,1,1643734560,Chapter 1 massive earthquake-1,https://www.wattpad.com/1643734560-planet-phoenix-chapter-1-massive-earthquake-1,3,0,0,59.01,2026-07-20T00:00:02Z
2026-07-22T19:00:35+08:00,2,1643743618,Chapter 2 massive earthquake-2,https://www.wattpad.com/1643743618-planet-phoenix-chapter-2-massive-earthquake-2,5,0,0,45.01,2026-07-20T14:00:02Z
2026-07-22T19:00:35+08:00,3,1643746352,Chapter 3 massive earthquake-3,https://www.wattpad.com/1643746352-planet-phoenix-chapter-3-massive-earthquake-3,1,0,0,31.01,2026-07-21T04:00:02Z
2026-07-22T19:00:35+08:00,4,1643746654,Chapter 4 massive earthquake-4,https://www.wattpad.com/1643746654-planet-phoenix-chapter-4-massive-earthquake-4,4,1,2,17.01,2026-07-21T18:00:02Z
2026-07-22T19:00:35+08:00,5,1643747136,Chapter 5 Escape from death,https://www.wattpad.com/1643747136-planet-phoenix-chapter-5-escape-from-death,0,0,0,3.01,2026-07-22T08:00:03Z
2026-07-22T20:00:40+08:00,1,1643734560,Chapter 1 massive earthquake-1,https://www.wattpad.com/1643734560-planet-phoenix-chapter-1-massive-earthquake-1,3,0,0,60.01,2026-07-20T00:00:02Z
2026-07-22T20:00:40+08:00,2,1643743618,Chapter 2 massive earthquake-2,https://www.wattpad.com/1643743618-planet-phoenix-chapter-2-massive-earthquake-2,5,0,0,46.01,2026-07-20T14:00:02Z
2026-07-22T20:00:40+08:00,3,1643746352,Chapter 3 massive earthquake-3,https://www.wattpad.com/1643746352-planet-phoenix-chapter-3-massive-earthquake-3,1,0,0,32.01,2026-07-21T04:00:02Z
2026-07-22T20:00:40+08:00,4,1643746654,Chapter 4 massive earthquake-4,https://www.wattpad.com/1643746654-planet-phoenix-chapter-4-massive-earthquake-4,4,1,2,18.01,2026-07-21T18:00:02Z
2026-07-22T20:00:40+08:00,5,1643747136,Chapter 5 Escape from death,https://www.wattpad.com/1643747136-planet-phoenix-chapter-5-escape-from-death,0,0,0,4.01,2026-07-22T08:00:03Z
2026-07-22T21:00:43+08:00,1,1643734560,Chapter 1 massive earthquake-1,https://www.wattpad.com/1643734560-planet-phoenix-chapter-1-massive-earthquake-1,3,0,0,61.01,2026-07-20T00:00:02Z
2026-07-22T21:00:43+08:00,2,1643743618,Chapter 2 massive earthquake-2,https://www.wattpad.com/1643743618-planet-phoenix-chapter-2-massive-earthquake-2,5,0,0,47.01,2026-07-20T14:00:02Z
2026-07-22T21:00:43+08:00,3,1643746352,Chapter 3 massive earthquake-3,https://www.wattpad.com/1643746352-planet-phoenix-chapter-3-massive-earthquake-3,1,0,0,33.01,2026-07-21T04:00:02Z
2026-07-22T21:00:43+08:00,4,1643746654,Chapter 4 massive earthquake-4,https://www.wattpad.com/1643746654-planet-phoenix-chapter-4-massive-earthquake-4,4,1,2,19.01,2026-07-21T18:00:02Z
2026-07-22T21:00:43+08:00,5,1643747136,Chapter 5 Escape from death,https://www.wattpad.com/1643747136-planet-phoenix-chapter-5-escape-from-death,0,0,0,5.01,2026-07-22T08:00:03Z
2026-07-22T22:00:37+08:00,1,1643734560,Chapter 1 massive earthquake-1,https://www.wattpad.com/1643734560-planet-phoenix-chapter-1-massive-earthquake-1,3,0,0,62.01,2026-07-20T00:00:02Z
2026-07-22T22:00:37+08:00,2,1643743618,Chapter 2 massive earthquake-2,https://www.wattpad.com/1643743618-planet-phoenix-chapter-2-massive-earthquake-2,5,0,0,48.01,2026-07-20T14:00:02Z
2026-07-22T22:00:37+08:00,3,1643746352,Chapter 3 massive earthquake-3,https://www.wattpad.com/1643746352-planet-phoenix-chapter-3-massive-earthquake-3,1,0,0,34.01,2026-07-21T04:00:02Z
2026-07-22T22:00:37+08:00,4,1643746654,Chapter 4 massive earthquake-4,https://www.wattpad.com/1643746654-planet-phoenix-chapter-4-massive-earthquake-4,4,1,2,20.01,2026-07-21T18:00:02Z
2026-07-22T22:00:37+08:00,5,1643747136,Chapter 5 Escape from death,https://www.wattpad.com/1643747136-planet-phoenix-chapter-5-escape-from-death,0,0,0,6.01,2026-07-22T08:00:03Z
2026-07-22T23:00:42+08:00,1,1643734560,Chapter 1 massive earthquake-1,https://www.wattpad.com/1643734560-planet-phoenix-chapter-1-massive-earthquake-1,3,0,0,63.01,2026-07-20T00:00:02Z
2026-07-22T23:00:42+08:00,2,1643743618,Chapter 2 massive earthquake-2,https://www.wattpad.com/1643743618-planet-phoenix-chapter-2-massive-earthquake-2,5,0,0,49.01,2026-07-20T14:00:02Z
2026-07-22T23:00:42+08:00,3,1643746352,Chapter 3 massive earthquake-3,https://www.wattpad.com/1643746352-planet-phoenix-chapter-3-massive-earthquake-3,1,0,0,35.01,2026-07-21T04:00:02Z
2026-07-22T23:00:42+08:00,4,1643746654,Chapter 4 massive earthquake-4,https://www.wattpad.com/1643746654-planet-phoenix-chapter-4-massive-earthquake-4,4,1,2,21.01,2026-07-21T18:00:02Z
2026-07-22T23:00:42+08:00,5,1643747136,Chapter 5 Escape from death,https://www.wattpad.com/1643747136-planet-phoenix-chapter-5-escape-from-death,0,0,0,7.01,2026-07-22T08:00:03Z
2026-07-23T00:00:46+08:00,1,1643734560,Chapter 1 massive earthquake-1,https://www.wattpad.com/1643734560-planet-phoenix-chapter-1-massive-earthquake-1,3,0,0,64.01,2026-07-20T00:00:02Z
2026-07-23T00:00:46+08:00,2,1643743618,Chapter 2 massive earthquake-2,https://www.wattpad.com/1643743618-planet-phoenix-chapter-2-massive-earthquake-2,5,0,0,50.01,2026-07-20T14:00:02Z
2026-07-23T00:00:46+08:00,3,1643746352,Chapter 3 massive earthquake-3,https://www.wattpad.com/1643746352-planet-phoenix-chapter-3-massive-earthquake-3,1,0,0,36.01,2026-07-21T04:00:02Z
2026-07-23T00:00:46+08:00,4,1643746654,Chapter 4 massive earthquake-4,https://www.wattpad.com/1643746654-planet-phoenix-chapter-4-massive-earthquake-4,4,1,2,22.01,2026-07-21T18:00:02Z
2026-07-23T00:00:46+08:00,5,1643747136,Chapter 5 Escape from death,https://www.wattpad.com/1643747136-planet-phoenix-chapter-5-escape-from-death,0,0,0,8.01,2026-07-22T08:00:03Z
2026-07-23T01:00:33+08:00,1,1643734560,Chapter 1 massive earthquake-1,https://www.wattpad.com/1643734560-planet-phoenix-chapter-1-massive-earthquake-1,3,0,0,65.01,2026-07-20T00:00:02Z
2026-07-23T01:00:33+08:00,2,1643743618,Chapter 2 massive earthquake-2,https://www.wattpad.com/1643743618-planet-phoenix-chapter-2-massive-earthquake-2,5,0,0,51.01,2026-07-20T14:00:02Z
2026-07-23T01:00:33+08:00,3,1643746352,Chapter 3 massive earthquake-3,https://www.wattpad.com/1643746352-planet-phoenix-chapter-3-massive-earthquake-3,1,0,0,37.01,2026-07-21T04:00:02Z
2026-07-23T01:00:33+08:00,4,1643746654,Chapter 4 massive earthquake-4,https://www.wattpad.com/1643746654-planet-phoenix-chapter-4-massive-earthquake-4,4,1,2,23.01,2026-07-21T18:00:02Z
2026-07-23T01:00:33+08:00,5,1643747136,Chapter 5 Escape from death,https://www.wattpad.com/1643747136-planet-phoenix-chapter-5-escape-from-death,0,0,0,9.01,2026-07-22T08:00:03Z
2026-07-23T02:00:36+08:00,1,1643734560,Chapter 1 massive earthquake-1,https://www.wattpad.com/1643734560-planet-phoenix-chapter-1-massive-earthquake-1,3,0,0,66.01,2026-07-20T00:00:02Z
2026-07-23T02:00:36+08:00,2,1643743618,Chapter 2 massive earthquake-2,https://www.wattpad.com/1643743618-planet-phoenix-chapter-2-massive-earthquake-2,5,0,0,52.01,2026-07-20T14:00:02Z
2026-07-23T02:00:36+08:00,3,1643746352,Chapter 3 massive earthquake-3,https://www.wattpad.com/1643746352-planet-phoenix-chapter-3-massive-earthquake-3,1,0,0,38.01,2026-07-21T04:00:02Z
2026-07-23T02:00:36+08:00,4,1643746654,Chapter 4 massive earthquake-4,https://www.wattpad.com/1643746654-planet-phoenix-chapter-4-massive-earthquake-4,5,1,-1,24.01,2026-07-21T18:00:02Z
2026-07-23T02:00:36+08:00,5,1643747136,Chapter 5 Escape from death,https://www.wattpad.com/1643747136-planet-phoenix-chapter-5-escape-from-death,0,0,0,10.01,2026-07-22T08:00:03Z
2026-07-23T03:00:36+08:00,1,1643734560,Chapter 1 massive earthquake-1,https://www.wattpad.com/1643734560-planet-phoenix-chapter-1-massive-earthquake-1,3,0,0,67.01,2026-07-20T00:00:02Z
2026-07-23T03:00:36+08:00,2,1643743618,Chapter 2 massive earthquake-2,https://www.wattpad.com/1643743618-planet-phoenix-chapter-2-massive-earthquake-2,5,0,0,53.01,2026-07-20T14:00:02Z
2026-07-23T03:00:36+08:00,3,1643746352,Chapter 3 massive earthquake-3,https://www.wattpad.com/1643746352-planet-phoenix-chapter-3-massive-earthquake-3,1,0,0,39.01,2026-07-21T04:00:02Z
2026-07-23T03:00:36+08:00,4,1643746654,Chapter 4 massive earthquake-4,https://www.wattpad.com/1643746654-planet-phoenix-chapter-4-massive-earthquake-4,5,1,-1,25.01,2026-07-21T18:00:02Z
2026-07-23T03:00:36+08:00,5,1643747136,Chapter 5 Escape from death,https://www.wattpad.com/1643747136-planet-phoenix-chapter-5-escape-from-death,0,0,0,11.01,2026-07-22T08:00:03Z
2026-07-23T04:00:35+08:00,1,1643734560,Chapter 1 massive earthquake-1,https://www.wattpad.com/1643734560-planet-phoenix-chapter-1-massive-earthquake-1,3,0,0,68.01,2026-07-20T00:00:02Z
2026-07-23T04:00:35+08:00,2,1643743618,Chapter 2 massive earthquake-2,https://www.wattpad.com/1643743618-planet-phoenix-chapter-2-massive-earthquake-2,5,0,0,54.01,2026-07-20T14:00:02Z
2026-07-23T04:00:35+08:00,3,1643746352,Chapter 3 massive earthquake-3,https://www.wattpad.com/1643746352-planet-phoenix-chapter-3-massive-earthquake-3,1,0,0,40.01,2026-07-21T04:00:02Z
2026-07-23T04:00:35+08:00,4,1643746654,Chapter 4 massive earthquake-4,https://www.wattpad.com/1643746654-planet-phoenix-chapter-4-massive-earthquake-4,5,1,-1,26.01,2026-07-21T18:00:02Z
2026-07-23T04:00:35+08:00,5,1643747136,Chapter 5 Escape from death,https://www.wattpad.com/1643747136-planet-phoenix-chapter-5-escape-from-death,0,0,0,12.01,2026-07-22T08:00:03Z
2026-07-23T05:00:38+08:00,1,1643734560,Chapter 1 massive earthquake-1,https://www.wattpad.com/1643734560-planet-phoenix-chapter-1-massive-earthquake-1,3,0,0,69.01,2026-07-20T00:00:02Z
2026-07-23T05:00:38+08:00,2,1643743618,Chapter 2 massive earthquake-2,https://www.wattpad.com/1643743618-planet-phoenix-chapter-2-massive-earthquake-2,5,0,0,55.01,2026-07-20T14:00:02Z
2026-07-23T05:00:38+08:00,3,1643746352,Chapter 3 massive earthquake-3,https://www.wattpad.com/1643746352-planet-phoenix-chapter-3-massive-earthquake-3,1,0,0,41.01,2026-07-21T04:00:02Z
2026-07-23T05:00:38+08:00,4,1643746654,Chapter 4 massive earthquake-4,https://www.wattpad.com/1643746654-planet-phoenix-chapter-4-massive-earthquake-4,5,1,-1,27.01,2026-07-21T18:00:02Z
2026-07-23T05:00:38+08:00,5,1643747136,Chapter 5 Escape from death,https://www.wattpad.com/1643747136-planet-phoenix-chapter-5-escape-from-death,0,0,0,13.01,2026-07-22T08:00:03Z
2026-07-23T06:00:36+08:00,1,1643734560,Chapter 1 massive earthquake-1,https://www.wattpad.com/1643734560-planet-phoenix-chapter-1-massive-earthquake-1,3,0,0,70.01,2026-07-20T00:00:02Z
2026-07-23T06:00:36+08:00,2,1643743618,Chapter 2 massive earthquake-2,https://www.wattpad.com/1643743618-planet-phoenix-chapter-2-massive-earthquake-2,5,0,0,56.01,2026-07-20T14:00:02Z
2026-07-23T06:00:36+08:00,3,1643746352,Chapter 3 massive earthquake-3,https://www.wattpad.com/1643746352-planet-phoenix-chapter-3-massive-earthquake-3,1,0,0,42.01,2026-07-21T04:00:02Z
2026-07-23T06:00:36+08:00,4,1643746654,Chapter 4 massive earthquake-4,https://www.wattpad.com/1643746654-planet-phoenix-chapter-4-massive-earthquake-4,6,1,-1,28.01,2026-07-21T18:00:02Z
2026-07-23T06:00:36+08:00,5,1643747136,Chapter 5 Escape from death,https://www.wattpad.com/1643747136-planet-phoenix-chapter-5-escape-from-death,0,0,0,14.01,2026-07-22T08:00:03Z
2026-07-23T06:00:36+08:00,6,1643747955,Chapter 6：Interlude,https://www.wattpad.com/1643747955-planet-phoenix-chapter-6%EF%BC%9Ainterlude,0,0,0,0.01,2026-07-22T22:00:02Z
2026-07-23T07:00:32+08:00,1,1643734560,Chapter 1 massive earthquake-1,https://www.wattpad.com/1643734560-planet-phoenix-chapter-1-massive-earthquake-1,3,0,0,71.01,2026-07-20T00:00:02Z
2026-07-23T07:00:32+08:00,2,1643743618,Chapter 2 massive earthquake-2,https://www.wattpad.com/1643743618-planet-phoenix-chapter-2-massive-earthquake-2,5,0,0,57.01,2026-07-20T14:00:02Z
2026-07-23T07:00:32+08:00,3,1643746352,Chapter 3 massive earthquake-3,https://www.wattpad.com/1643746352-planet-phoenix-chapter-3-massive-earthquake-3,1,0,0,43.01,2026-07-21T04:00:02Z
2026-07-23T07:00:32+08:00,4,1643746654,Chapter 4 massive earthquake-4,https://www.wattpad.com/1643746654-planet-phoenix-chapter-4-massive-earthquake-4,6,1,-1,29.01,2026-07-21T18:00:02Z
2026-07-23T07:00:32+08:00,5,1643747136,Chapter 5 Escape from death,https://www.wattpad.com/1643747136-planet-phoenix-chapter-5-escape-from-death,0,0,0,15.01,2026-07-22T08:00:03Z
2026-07-23T07:00:32+08:00,6,1643747955,Chapter 6：Interlude,https://www.wattpad.com/1643747955-planet-phoenix-chapter-6%EF%BC%9Ainterlude,0,0,0,1.01,2026-07-22T22:00:02Z
2026-07-23T08:00:34+08:00,1,1643734560,Chapter 1 massive earthquake-1,https://www.wattpad.com/1643734560-planet-phoenix-chapter-1-massive-earthquake-1,3,0,0,72.01,2026-07-20T00:00:02Z
2026-07-23T08:00:34+08:00,2,1643743618,Chapter 2 massive earthquake-2,https://www.wattpad.com/1643743618-planet-phoenix-chapter-2-massive-earthquake-2,5,0,0,58.01,2026-07-20T14:00:02Z
2026-07-23T08:00:34+08:00,3,1643746352,Chapter 3 massive earthquake-3,https://www.wattpad.com/1643746352-planet-phoenix-chapter-3-massive-earthquake-3,1,0,0,44.01,2026-07-21T04:00:02Z
2026-07-23T08:00:34+08:00,4,1643746654,Chapter 4 massive earthquake-4,https://www.wattpad.com/1643746654-planet-phoenix-chapter-4-massive-earthquake-4,6,1,-1,30.01,2026-07-21T18:00:02Z
2026-07-23T08:00:34+08:00,5,1643747136,Chapter 5 Escape from death,https://www.wattpad.com/1643747136-planet-phoenix-chapter-5-escape-from-death,0,0,0,16.01,2026-07-22T08:00:03Z
2026-07-23T08:00:34+08:00,6,1643747955,Chapter 6：Interlude,https://www.wattpad.com/1643747955-planet-phoenix-chapter-6%EF%BC%9Ainterlude,0,0,0,2.01,2026-07-22T22:00:02Z
2026-07-23T09:00:30+08:00,1,1643734560,Chapter 1 massive earthquake-1,https://www.wattpad.com/1643734560-planet-phoenix-chapter-1-massive-earthquake-1,3,0,0,73.01,2026-07-20T00:00:02Z
2026-07-23T09:00:30+08:00,2,1643743618,Chapter 2 massive earthquake-2,https://www.wattpad.com/1643743618-planet-phoenix-chapter-2-massive-earthquake-2,5,0,0,59.01,2026-07-20T14:00:02Z
2026-07-23T09:00:30+08:00,3,1643746352,Chapter 3 massive earthquake-3,https://www.wattpad.com/1643746352-planet-phoenix-chapter-3-massive-earthquake-3,1,0,0,45.01,2026-07-21T04:00:02Z
2026-07-23T09:00:30+08:00,4,1643746654,Chapter 4 massive earthquake-4,https://www.wattpad.com/1643746654-planet-phoenix-chapter-4-massive-earthquake-4,6,1,-1,31.01,2026-07-21T18:00:02Z
2026-07-23T09:00:30+08:00,5,1643747136,Chapter 5 Escape from death,https://www.wattpad.com/1643747136-planet-phoenix-chapter-5-escape-from-death,0,0,0,17.01,2026-07-22T08:00:03Z
2026-07-23T09:00:30+08:00,6,1643747955,Chapter 6：Interlude,https://www.wattpad.com/1643747955-planet-phoenix-chapter-6%EF%BC%9Ainterlude,1,0,1,3.01,2026-07-22T22:00:02Z
2026-07-23T10:00:31+08:00,1,1643734560,Chapter 1 massive earthquake-1,https://www.wattpad.com/1643734560-planet-phoenix-chapter-1-massive-earthquake-1,4,0,0,74.01,2026-07-20T00:00:02Z
2026-07-23T10:00:31+08:00,2,1643743618,Chapter 2 massive earthquake-2,https://www.wattpad.com/1643743618-planet-phoenix-chapter-2-massive-earthquake-2,6,0,0,60.01,2026-07-20T14:00:02Z
2026-07-23T10:00:31+08:00,3,1643746352,Chapter 3 massive earthquake-3,https://www.wattpad.com/1643746352-planet-phoenix-chapter-3-massive-earthquake-3,2,0,0,46.01,2026-07-21T04:00:02Z
2026-07-23T10:00:31+08:00,4,1643746654,Chapter 4 massive earthquake-4,https://www.wattpad.com/1643746654-planet-phoenix-chapter-4-massive-earthquake-4,7,1,-1,32.01,2026-07-21T18:00:02Z
2026-07-23T10:00:31+08:00,5,1643747136,Chapter 5 Escape from death,https://www.wattpad.com/1643747136-planet-phoenix-chapter-5-escape-from-death,1,0,0,18.01,2026-07-22T08:00:03Z
2026-07-23T10:00:31+08:00,6,1643747955,Chapter 6：Interlude,https://www.wattpad.com/1643747955-planet-phoenix-chapter-6%EF%BC%9Ainterlude,4,0,1,4.01,2026-07-22T22:00:02Z
2026-07-23T11:00:31+08:00,1,1643734560,Chapter 1 massive earthquake-1,https://www.wattpad.com/1643734560-planet-phoenix-chapter-1-massive-earthquake-1,4,0,0,75.01,2026-07-20T00:00:02Z
2026-07-23T11:00:31+08:00,2,1643743618,Chapter 2 massive earthquake-2,https://www.wattpad.com/1643743618-planet-phoenix-chapter-2-massive-earthquake-2,6,0,0,61.01,2026-07-20T14:00:02Z
2026-07-23T11:00:31+08:00,3,1643746352,Chapter 3 massive earthquake-3,https://www.wattpad.com/1643746352-planet-phoenix-chapter-3-massive-earthquake-3,2,0,0,47.01,2026-07-21T04:00:02Z
2026-07-23T11:00:31+08:00,4,1643746654,Chapter 4 massive earthquake-4,https://www.wattpad.com/1643746654-planet-phoenix-chapter-4-massive-earthquake-4,7,1,-1,33.01,2026-07-21T18:00:02Z
2026-07-23T11:00:31+08:00,5,1643747136,Chapter 5 Escape from death,https://www.wattpad.com/1643747136-planet-phoenix-chapter-5-escape-from-death,1,0,0,19.01,2026-07-22T08:00:03Z
2026-07-23T11:00:31+08:00,6,1643747955,Chapter 6：Interlude,https://www.wattpad.com/1643747955-planet-phoenix-chapter-6%EF%BC%9Ainterlude,4,0,1,5.01,2026-07-22T22:00:02Z
2026-07-23T12:00:32+08:00,1,1643734560,Chapter 1 massive earthquake-1,https://www.wattpad.com/1643734560-planet-phoenix-chapter-1-massive-earthquake-1,4,0,0,76.01,2026-07-20T00:00:02Z
2026-07-23T12:00:32+08:00,2,1643743618,Chapter 2 massive earthquake-2,https://www.wattpad.com/1643743618-planet-phoenix-chapter-2-massive-earthquake-2,6,0,0,62.01,2026-07-20T14:00:02Z
2026-07-23T12:00:32+08:00,3,1643746352,Chapter 3 massive earthquake-3,https://www.wattpad.com/1643746352-planet-phoenix-chapter-3-massive-earthquake-3,2,0,0,48.01,2026-07-21T04:00:02Z
2026-07-23T12:00:32+08:00,4,1643746654,Chapter 4 massive earthquake-4,https://www.wattpad.com/1643746654-planet-phoenix-chapter-4-massive-earthquake-4,7,1,-1,34.01,2026-07-21T18:00:02Z
2026-07-23T12:00:32+08:00,5,1643747136,Chapter 5 Escape from death,https://www.wattpad.com/1643747136-planet-phoenix-chapter-5-escape-from-death,1,0,0,20.01,2026-07-22T08:00:03Z
2026-07-23T12:00:32+08:00,6,1643747955,Chapter 6：Interlude,https://www.wattpad.com/1643747955-planet-phoenix-chapter-6%EF%BC%9Ainterlude,4,0,1,6.01,2026-07-22T22:00:02Z
2026-07-23T13:00:32+08:00,1,1643734560,Chapter 1 massive earthquake-1,https://www.wattpad.com/1643734560-planet-phoenix-chapter-1-massive-earthquake-1,4,0,0,77.01,2026-07-20T00:00:02Z
2026-07-23T13:00:32+08:00,2,1643743618,Chapter 2 massive earthquake-2,https://www.wattpad.com/1643743618-planet-phoenix-chapter-2-massive-earthquake-2,6,0,0,63.01,2026-07-20T14:00:02Z
2026-07-23T13:00:32+08:00,3,1643746352,Chapter 3 massive earthquake-3,https://www.wattpad.com/1643746352-planet-phoenix-chapter-3-massive-earthquake-3,2,0,0,49.01,2026-07-21T04:00:02Z
2026-07-23T13:00:32+08:00,4,1643746654,Chapter 4 massive earthquake-4,https://www.wattpad.com/1643746654-planet-phoenix-chapter-4-massive-earthquake-4,7,1,-1,35.01,2026-07-21T18:00:02Z
2026-07-23T13:00:32+08:00,5,1643747136,Chapter 5 Escape from death,https://www.wattpad.com/1643747136-planet-phoenix-chapter-5-escape-from-death,1,0,0,21.01,2026-07-22T08:00:03Z
2026-07-23T13:00:32+08:00,6,1643747955,Chapter 6：Interlude,https://www.wattpad.com/1643747955-planet-phoenix-chapter-6%EF%BC%9Ainterlude,4,0,1,7.01,2026-07-22T22:00:02Z
2026-07-23T14:00:37+08:00,1,1643734560,Chapter 1 massive earthquake-1,https://www.wattpad.com/1643734560-planet-phoenix-chapter-1-massive-earthquake-1,4,0,0,78.01,2026-07-20T00:00:02Z
2026-07-23T14:00:37+08:00,2,1643743618,Chapter 2 massive earthquake-2,https://www.wattpad.com/1643743618-planet-phoenix-chapter-2-massive-earthquake-2,6,0,0,64.01,2026-07-20T14:00:02Z
2026-07-23T14:00:37+08:00,3,1643746352,Chapter 3 massive earthquake-3,https://www.wattpad.com/1643746352-planet-phoenix-chapter-3-massive-earthquake-3,2,0,0,50.01,2026-07-21T04:00:02Z
2026-07-23T14:00:37+08:00,4,1643746654,Chapter 4 massive earthquake-4,https://www.wattpad.com/1643746654-planet-phoenix-chapter-4-massive-earthquake-4,7,1,-1,36.01,2026-07-21T18:00:02Z
2026-07-23T14:00:37+08:00,5,1643747136,Chapter 5 Escape from death,https://www.wattpad.com/1643747136-planet-phoenix-chapter-5-escape-from-death,1,0,0,22.01,2026-07-22T08:00:03Z
2026-07-23T14:00:37+08:00,6,1643747955,Chapter 6：Interlude,https://www.wattpad.com/1643747955-planet-phoenix-chapter-6%EF%BC%9Ainterlude,4,0,1,8.01,2026-07-22T22:00:02Z
2026-07-23T15:00:33+08:00,1,1643734560,Chapter 1 massive earthquake-1,https://www.wattpad.com/1643734560-planet-phoenix-chapter-1-massive-earthquake-1,4,0,0,79.01,2026-07-20T00:00:02Z
2026-07-23T15:00:33+08:00,2,1643743618,Chapter 2 massive earthquake-2,https://www.wattpad.com/1643743618-planet-phoenix-chapter-2-massive-earthquake-2,6,0,0,65.01,2026-07-20T14:00:02Z
2026-07-23T15:00:33+08:00,3,1643746352,Chapter 3 massive earthquake-3,https://www.wattpad.com/1643746352-planet-phoenix-chapter-3-massive-earthquake-3,2,0,0,51.01,2026-07-21T04:00:02Z
2026-07-23T15:00:33+08:00,4,1643746654,Chapter 4 massive earthquake-4,https://www.wattpad.com/1643746654-planet-phoenix-chapter-4-massive-earthquake-4,7,1,-1,37.01,2026-07-21T18:00:02Z
2026-07-23T15:00:33+08:00,5,1643747136,Chapter 5 Escape from death,https://www.wattpad.com/1643747136-planet-phoenix-chapter-5-escape-from-death,1,0,0,23.01,2026-07-22T08:00:03Z
2026-07-23T15:00:33+08:00,6,1643747955,Chapter 6：Interlude,https://www.wattpad.com/1643747955-planet-phoenix-chapter-6%EF%BC%9Ainterlude,4,0,1,9.01,2026-07-22T22:00:02Z
2026-07-23T16:00:36+08:00,1,1643734560,Chapter 1 massive earthquake-1,https://www.wattpad.com/1643734560-planet-phoenix-chapter-1-massive-earthquake-1,4,0,0,80.01,2026-07-20T00:00:02Z
2026-07-23T16:00:36+08:00,2,1643743618,Chapter 2 massive earthquake-2,https://www.wattpad.com/1643743618-planet-phoenix-chapter-2-massive-earthquake-2,6,0,0,66.01,2026-07-20T14:00:02Z
2026-07-23T16:00:36+08:00,3,1643746352,Chapter 3 massive earthquake-3,https://www.wattpad.com/1643746352-planet-phoenix-chapter-3-massive-earthquake-3,2,0,0,52.01,2026-07-21T04:00:02Z
2026-07-23T16:00:36+08:00,4,1643746654,Chapter 4 massive earthquake-4,https://www.wattpad.com/1643746654-planet-phoenix-chapter-4-massive-earthquake-4,7,1,-1,38.01,2026-07-21T18:00:02Z
2026-07-23T16:00:36+08:00,5,1643747136,Chapter 5 Escape from death,https://www.wattpad.com/1643747136-planet-phoenix-chapter-5-escape-from-death,1,0,0,24.01,2026-07-22T08:00:03Z
2026-07-23T16:00:36+08:00,6,1643747955,Chapter 6：Interlude,https://www.wattpad.com/1643747955-planet-phoenix-chapter-6%EF%BC%9Ainterlude,4,0,1,10.01,2026-07-22T22:00:02Z
2026-07-23T17:00:35+08:00,1,1643734560,Chapter 1 massive earthquake-1,https://www.wattpad.com/1643734560-planet-phoenix-chapter-1-massive-earthquake-1,4,0,0,81.01,2026-07-20T00:00:02Z
2026-07-23T17:00:35+08:00,2,1643743618,Chapter 2 massive earthquake-2,https://www.wattpad.com/1643743618-planet-phoenix-chapter-2-massive-earthquake-2,6,0,0,67.01,2026-07-20T14:00:02Z
2026-07-23T17:00:35+08:00,3,1643746352,Chapter 3 massive earthquake-3,https://www.wattpad.com/1643746352-planet-phoenix-chapter-3-massive-earthquake-3,2,0,0,53.01,2026-07-21T04:00:02Z
2026-07-23T17:00:35+08:00,4,1643746654,Chapter 4 massive earthquake-4,https://www.wattpad.com/1643746654-planet-phoenix-chapter-4-massive-earthquake-4,7,1,-1,39.01,2026-07-21T18:00:02Z
2026-07-23T17:00:35+08:00,5,1643747136,Chapter 5 Escape from death,https://www.wattpad.com/1643747136-planet-phoenix-chapter-5-escape-from-death,1,0,0,25.01,2026-07-22T08:00:03Z
2026-07-23T17:00:35+08:00,6,1643747955,Chapter 6：Interlude,https://www.wattpad.com/1643747955-planet-phoenix-chapter-6%EF%BC%9Ainterlude,4,0,1,11.01,2026-07-22T22:00:02Z
2026-07-23T18:00:38+08:00,1,1643734560,Chapter 1 massive earthquake-1,https://www.wattpad.com/1643734560-planet-phoenix-chapter-1-massive-earthquake-1,4,0,0,82.01,2026-07-20T00:00:02Z
2026-07-23T18:00:38+08:00,2,1643743618,Chapter 2 massive earthquake-2,https://www.wattpad.com/1643743618-planet-phoenix-chapter-2-massive-earthquake-2,6,0,0,68.01,2026-07-20T14:00:02Z
2026-07-23T18:00:38+08:00,3,1643746352,Chapter 3 massive earthquake-3,https://www.wattpad.com/1643746352-planet-phoenix-chapter-3-massive-earthquake-3,2,0,0,54.01,2026-07-21T04:00:02Z
2026-07-23T18:00:38+08:00,4,1643746654,Chapter 4 massive earthquake-4,https://www.wattpad.com/1643746654-planet-phoenix-chapter-4-massive-earthquake-4,7,1,-1,40.01,2026-07-21T18:00:02Z
2026-07-23T18:00:38+08:00,5,1643747136,Chapter 5 Escape from death,https://www.wattpad.com/1643747136-planet-phoenix-chapter-5-escape-from-death,1,0,0,26.01,2026-07-22T08:00:03Z
2026-07-23T18:00:38+08:00,6,1643747955,Chapter 6：Interlude,https://www.wattpad.com/1643747955-planet-phoenix-chapter-6%EF%BC%9Ainterlude,4,0,1,12.01,2026-07-22T22:00:02Z
2026-07-23T19:00:40+08:00,1,1643734560,Chapter 1 massive earthquake-1,https://www.wattpad.com/1643734560-planet-phoenix-chapter-1-massive-earthquake-1,4,0,0,83.01,2026-07-20T00:00:02Z
2026-07-23T19:00:40+08:00,2,1643743618,Chapter 2 massive earthquake-2,https://www.wattpad.com/1643743618-planet-phoenix-chapter-2-massive-earthquake-2,6,0,0,69.01,2026-07-20T14:00:02Z
2026-07-23T19:00:40+08:00,3,1643746352,Chapter 3 massive earthquake-3,https://www.wattpad.com/1643746352-planet-phoenix-chapter-3-massive-earthquake-3,2,0,0,55.01,2026-07-21T04:00:02Z
2026-07-23T19:00:40+08:00,4,1643746654,Chapter 4 massive earthquake-4,https://www.wattpad.com/1643746654-planet-phoenix-chapter-4-massive-earthquake-4,7,1,-1,41.01,2026-07-21T18:00:02Z
2026-07-23T19:00:40+08:00,5,1643747136,Chapter 5 Escape from death,https://www.wattpad.com/1643747136-planet-phoenix-chapter-5-escape-from-death,1,0,0,27.01,2026-07-22T08:00:03Z
2026-07-23T19:00:40+08:00,6,1643747955,Chapter 6：Interlude,https://www.wattpad.com/1643747955-planet-phoenix-chapter-6%EF%BC%9Ainterlude,4,0,1,13.01,2026-07-22T22:00:02Z
2026-07-23T20:00:38+08:00,1,1643734560,Chapter 1 massive earthquake-1,https://www.wattpad.com/1643734560-planet-phoenix-chapter-1-massive-earthquake-1,4,0,0,84.01,2026-07-20T00:00:02Z
2026-07-23T20:00:38+08:00,2,1643743618,Chapter 2 massive earthquake-2,https://www.wattpad.com/1643743618-planet-phoenix-chapter-2-massive-earthquake-2,6,0,0,70.01,2026-07-20T14:00:02Z
2026-07-23T20:00:38+08:00,3,1643746352,Chapter 3 massive earthquake-3,https://www.wattpad.com/1643746352-planet-phoenix-chapter-3-massive-earthquake-3,2,0,0,56.01,2026-07-21T04:00:02Z
2026-07-23T20:00:38+08:00,4,1643746654,Chapter 4 massive earthquake-4,https://www.wattpad.com/1643746654-planet-phoenix-chapter-4-massive-earthquake-4,7,1,-1,42.01,2026-07-21T18:00:02Z
2026-07-23T20:00:38+08:00,5,1643747136,Chapter 5 Escape from death,https://www.wattpad.com/1643747136-planet-phoenix-chapter-5-escape-from-death,1,0,0,28.01,2026-07-22T08:00:03Z
2026-07-23T20:00:38+08:00,6,1643747955,Chapter 6：Interlude,https://www.wattpad.com/1643747955-planet-phoenix-chapter-6%EF%BC%9Ainterlude,4,0,1,14.01,2026-07-22T22:00:02Z
2026-07-23T20:00:38+08:00,7,1643748308,Chapter 7：The cabin in the forest,https://www.wattpad.com/1643748308-planet-phoenix-chapter-7%EF%BC%9Athe-cabin-in-the-forest,0,0,0,0.01,2026-07-23T12:00:02Z
2026-07-23T21:00:38+08:00,1,1643734560,Chapter 1 massive earthquake-1,https://www.wattpad.com/1643734560-planet-phoenix-chapter-1-massive-earthquake-1,4,0,0,85.01,2026-07-20T00:00:02Z
2026-07-23T21:00:38+08:00,2,1643743618,Chapter 2 massive earthquake-2,https://www.wattpad.com/1643743618-planet-phoenix-chapter-2-massive-earthquake-2,6,0,0,71.01,2026-07-20T14:00:02Z
2026-07-23T21:00:38+08:00,3,1643746352,Chapter 3 massive earthquake-3,https://www.wattpad.com/1643746352-planet-phoenix-chapter-3-massive-earthquake-3,2,0,0,57.01,2026-07-21T04:00:02Z
2026-07-23T21:00:38+08:00,4,1643746654,Chapter 4 massive earthquake-4,https://www.wattpad.com/1643746654-planet-phoenix-chapter-4-massive-earthquake-4,7,1,-1,43.01,2026-07-21T18:00:02Z
2026-07-23T21:00:38+08:00,5,1643747136,Chapter 5 Escape from death,https://www.wattpad.com/1643747136-planet-phoenix-chapter-5-escape-from-death,1,0,0,29.01,2026-07-22T08:00:03Z
2026-07-23T21:00:38+08:00,6,1643747955,Chapter 6：Interlude,https://www.wattpad.com/1643747955-planet-phoenix-chapter-6%EF%BC%9Ainterlude,5,0,1,15.01,2026-07-22T22:00:02Z
2026-07-23T21:00:38+08:00,7,1643748308,Chapter 7：The cabin in the forest,https://www.wattpad.com/1643748308-planet-phoenix-chapter-7%EF%BC%9Athe-cabin-in-the-forest,3,0,1,1.01,2026-07-23T12:00:02Z
2026-07-23T22:00:38+08:00,1,1643734560,Chapter 1 massive earthquake-1,https://www.wattpad.com/1643734560-planet-phoenix-chapter-1-massive-earthquake-1,4,0,0,86.01,2026-07-20T00:00:02Z
2026-07-23T22:00:38+08:00,2,1643743618,Chapter 2 massive earthquake-2,https://www.wattpad.com/1643743618-planet-phoenix-chapter-2-massive-earthquake-2,6,0,0,72.01,2026-07-20T14:00:02Z
2026-07-23T22:00:38+08:00,3,1643746352,Chapter 3 massive earthquake-3,https://www.wattpad.com/1643746352-planet-phoenix-chapter-3-massive-earthquake-3,2,0,0,58.01,2026-07-21T04:00:02Z
2026-07-23T22:00:38+08:00,4,1643746654,Chapter 4 massive earthquake-4,https://www.wattpad.com/1643746654-planet-phoenix-chapter-4-massive-earthquake-4,7,1,-1,44.01,2026-07-21T18:00:02Z
2026-07-23T22:00:38+08:00,5,1643747136,Chapter 5 Escape from death,https://www.wattpad.com/1643747136-planet-phoenix-chapter-5-escape-from-death,1,0,0,30.01,2026-07-22T08:00:03Z
2026-07-23T22:00:38+08:00,6,1643747955,Chapter 6：Interlude,https://www.wattpad.com/1643747955-planet-phoenix-chapter-6%EF%BC%9Ainterlude,5,0,1,16.01,2026-07-22T22:00:02Z
2026-07-23T22:00:38+08:00,7,1643748308,Chapter 7：The cabin in the forest,https://www.wattpad.com/1643748308-planet-phoenix-chapter-7%EF%BC%9Athe-cabin-in-the-forest,5,0,1,2.01,2026-07-23T12:00:02Z
2026-07-23T23:00:36+08:00,1,1643734560,Chapter 1 massive earthquake-1,https://www.wattpad.com/1643734560-planet-phoenix-chapter-1-massive-earthquake-1,4,0,0,87.01,2026-07-20T00:00:02Z
2026-07-23T23:00:36+08:00,2,1643743618,Chapter 2 massive earthquake-2,https://www.wattpad.com/1643743618-planet-phoenix-chapter-2-massive-earthquake-2,6,0,0,73.01,2026-07-20T14:00:02Z
2026-07-23T23:00:36+08:00,3,1643746352,Chapter 3 massive earthquake-3,https://www.wattpad.com/1643746352-planet-phoenix-chapter-3-massive-earthquake-3,2,0,0,59.01,2026-07-21T04:00:02Z
2026-07-23T23:00:36+08:00,4,1643746654,Chapter 4 massive earthquake-4,https://www.wattpad.com/1643746654-planet-phoenix-chapter-4-massive-earthquake-4,7,1,-1,45.01,2026-07-21T18:00:02Z
2026-07-23T23:00:36+08:00,5,1643747136,Chapter 5 Escape from death,https://www.wattpad.com/1643747136-planet-phoenix-chapter-5-escape-from-death,1,0,0,31.01,2026-07-22T08:00:03Z
2026-07-23T23:00:36+08:00,6,1643747955,Chapter 6：Interlude,https://www.wattpad.com/1643747955-planet-phoenix-chapter-6%EF%BC%9Ainterlude,5,0,1,17.01,2026-07-22T22:00:02Z
2026-07-23T23:00:36+08:00,7,1643748308,Chapter 7：The cabin in the forest,https://www.wattpad.com/1643748308-planet-phoenix-chapter-7%EF%BC%9Athe-cabin-in-the-forest,5,0,1,3.01,2026-07-23T12:00:02Z
2026-07-24T00:00:42+08:00,1,1643734560,Chapter 1 massive earthquake-1,https://www.wattpad.com/1643734560-planet-phoenix-chapter-1-massive-earthquake-1,5,0,0,88.01,2026-07-20T00:00:02Z
2026-07-24T00:00:42+08:00,2,1643743618,Chapter 2 massive earthquake-2,https://www.wattpad.com/1643743618-planet-phoenix-chapter-2-massive-earthquake-2,6,0,0,74.01,2026-07-20T14:00:02Z
2026-07-24T00:00:42+08:00,3,1643746352,Chapter 3 massive earthquake-3,https://www.wattpad.com/1643746352-planet-phoenix-chapter-3-massive-earthquake-3,2,0,0,60.01,2026-07-21T04:00:02Z
2026-07-24T00:00:42+08:00,4,1643746654,Chapter 4 massive earthquake-4,https://www.wattpad.com/1643746654-planet-phoenix-chapter-4-massive-earthquake-4,7,1,-1,46.01,2026-07-21T18:00:02Z
2026-07-24T00:00:42+08:00,5,1643747136,Chapter 5 Escape from death,https://www.wattpad.com/1643747136-planet-phoenix-chapter-5-escape-from-death,1,0,0,32.01,2026-07-22T08:00:03Z
2026-07-24T00:00:42+08:00,6,1643747955,Chapter 6：Interlude,https://www.wattpad.com/1643747955-planet-phoenix-chapter-6%EF%BC%9Ainterlude,5,0,1,18.01,2026-07-22T22:00:02Z
2026-07-24T00:00:42+08:00,7,1643748308,Chapter 7：The cabin in the forest,https://www.wattpad.com/1643748308-planet-phoenix-chapter-7%EF%BC%9Athe-cabin-in-the-forest,5,0,1,4.01,2026-07-23T12:00:02Z
2026-07-24T01:00:37+08:00,1,1643734560,Chapter 1 massive earthquake-1,https://www.wattpad.com/1643734560-planet-phoenix-chapter-1-massive-earthquake-1,5,0,0,89.01,2026-07-20T00:00:02Z
2026-07-24T01:00:37+08:00,2,1643743618,Chapter 2 massive earthquake-2,https://www.wattpad.com/1643743618-planet-phoenix-chapter-2-massive-earthquake-2,6,0,0,75.01,2026-07-20T14:00:02Z
2026-07-24T01:00:37+08:00,3,1643746352,Chapter 3 massive earthquake-3,https://www.wattpad.com/1643746352-planet-phoenix-chapter-3-massive-earthquake-3,2,0,0,61.01,2026-07-21T04:00:02Z
2026-07-24T01:00:37+08:00,4,1643746654,Chapter 4 massive earthquake-4,https://www.wattpad.com/1643746654-planet-phoenix-chapter-4-massive-earthquake-4,7,1,-1,47.01,2026-07-21T18:00:02Z
2026-07-24T01:00:37+08:00,5,1643747136,Chapter 5 Escape from death,https://www.wattpad.com/1643747136-planet-phoenix-chapter-5-escape-from-death,1,0,0,33.01,2026-07-22T08:00:03Z
2026-07-24T01:00:37+08:00,6,1643747955,Chapter 6：Interlude,https://www.wattpad.com/1643747955-planet-phoenix-chapter-6%EF%BC%9Ainterlude,5,0,0,19.01,2026-07-22T22:00:02Z
2026-07-24T01:00:37+08:00,7,1643748308,Chapter 7：The cabin in the forest,https://www.wattpad.com/1643748308-planet-phoenix-chapter-7%EF%BC%9Athe-cabin-in-the-forest,6,0,1,5.01,2026-07-23T12:00:02Z
2026-07-24T02:00:35+08:00,1,1643734560,Chapter 1 massive earthquake-1,https://www.wattpad.com/1643734560-planet-phoenix-chapter-1-massive-earthquake-1,5,0,0,90.01,2026-07-20T00:00:02Z
2026-07-24T02:00:35+08:00,2,1643743618,Chapter 2 massive earthquake-2,https://www.wattpad.com/1643743618-planet-phoenix-chapter-2-massive-earthquake-2,6,0,0,76.01,2026-07-20T14:00:02Z
2026-07-24T02:00:35+08:00,3,1643746352,Chapter 3 massive earthquake-3,https://www.wattpad.com/1643746352-planet-phoenix-chapter-3-massive-earthquake-3,2,0,0,62.01,2026-07-21T04:00:02Z
2026-07-24T02:00:35+08:00,4,1643746654,Chapter 4 massive earthquake-4,https://www.wattpad.com/1643746654-planet-phoenix-chapter-4-massive-earthquake-4,7,1,-1,48.01,2026-07-21T18:00:02Z
2026-07-24T02:00:35+08:00,5,1643747136,Chapter 5 Escape from death,https://www.wattpad.com/1643747136-planet-phoenix-chapter-5-escape-from-death,1,0,0,34.01,2026-07-22T08:00:03Z
2026-07-24T02:00:35+08:00,6,1643747955,Chapter 6：Interlude,https://www.wattpad.com/1643747955-planet-phoenix-chapter-6%EF%BC%9Ainterlude,5,0,0,20.01,2026-07-22T22:00:02Z
2026-07-24T02:00:35+08:00,7,1643748308,Chapter 7：The cabin in the forest,https://www.wattpad.com/1643748308-planet-phoenix-chapter-7%EF%BC%9Athe-cabin-in-the-forest,6,0,1,6.01,2026-07-23T12:00:02Z
2026-07-24T03:00:34+08:00,1,1643734560,Chapter 1 massive earthquake-1,https://www.wattpad.com/1643734560-planet-phoenix-chapter-1-massive-earthquake-1,5,0,0,91.01,2026-07-20T00:00:02Z
2026-07-24T03:00:34+08:00,2,1643743618,Chapter 2 massive earthquake-2,https://www.wattpad.com/1643743618-planet-phoenix-chapter-2-massive-earthquake-2,6,0,0,77.01,2026-07-20T14:00:02Z
2026-07-24T03:00:34+08:00,3,1643746352,Chapter 3 massive earthquake-3,https://www.wattpad.com/1643746352-planet-phoenix-chapter-3-massive-earthquake-3,2,0,0,63.01,2026-07-21T04:00:02Z
2026-07-24T03:00:34+08:00,4,1643746654,Chapter 4 massive earthquake-4,https://www.wattpad.com/1643746654-planet-phoenix-chapter-4-massive-earthquake-4,7,1,-1,49.01,2026-07-21T18:00:02Z
2026-07-24T03:00:34+08:00,5,1643747136,Chapter 5 Escape from death,https://www.wattpad.com/1643747136-planet-phoenix-chapter-5-escape-from-death,1,0,0,35.01,2026-07-22T08:00:03Z
2026-07-24T03:00:34+08:00,6,1643747955,Chapter 6：Interlude,https://www.wattpad.com/1643747955-planet-phoenix-chapter-6%EF%BC%9Ainterlude,5,0,0,21.01,2026-07-22T22:00:02Z
2026-07-24T03:00:34+08:00,7,1643748308,Chapter 7：The cabin in the forest,https://www.wattpad.com/1643748308-planet-phoenix-chapter-7%EF%BC%9Athe-cabin-in-the-forest,6,0,1,7.01,2026-07-23T12:00:02Z
2026-07-24T04:00:34+08:00,1,1643734560,Chapter 1 massive earthquake-1,https://www.wattpad.com/1643734560-planet-phoenix-chapter-1-massive-earthquake-1,5,0,0,92.01,2026-07-20T00:00:02Z
2026-07-24T04:00:34+08:00,2,1643743618,Chapter 2 massive earthquake-2,https://www.wattpad.com/1643743618-planet-phoenix-chapter-2-massive-earthquake-2,6,0,0,78.01,2026-07-20T14:00:02Z
2026-07-24T04:00:34+08:00,3,1643746352,Chapter 3 massive earthquake-3,https://www.wattpad.com/1643746352-planet-phoenix-chapter-3-massive-earthquake-3,2,0,0,64.01,2026-07-21T04:00:02Z
2026-07-24T04:00:34+08:00,4,1643746654,Chapter 4 massive earthquake-4,https://www.wattpad.com/1643746654-planet-phoenix-chapter-4-massive-earthquake-4,7,1,-1,50.01,2026-07-21T18:00:02Z
2026-07-24T04:00:34+08:00,5,1643747136,Chapter 5 Escape from death,https://www.wattpad.com/1643747136-planet-phoenix-chapter-5-escape-from-death,1,0,0,36.01,2026-07-22T08:00:03Z
2026-07-24T04:00:34+08:00,6,1643747955,Chapter 6：Interlude,https://www.wattpad.com/1643747955-planet-phoenix-chapter-6%EF%BC%9Ainterlude,5,0,0,22.01,2026-07-22T22:00:02Z
2026-07-24T04:00:34+08:00,7,1643748308,Chapter 7：The cabin in the forest,https://www.wattpad.com/1643748308-planet-phoenix-chapter-7%EF%BC%9Athe-cabin-in-the-forest,6,0,1,8.01,2026-07-23T12:00:02Z
2026-07-24T05:00:34+08:00,1,1643734560,Chapter 1 massive earthquake-1,https://www.wattpad.com/1643734560-planet-phoenix-chapter-1-massive-earthquake-1,5,0,0,93.01,2026-07-20T00:00:02Z
2026-07-24T05:00:34+08:00,2,1643743618,Chapter 2 massive earthquake-2,https://www.wattpad.com/1643743618-planet-phoenix-chapter-2-massive-earthquake-2,6,0,0,79.01,2026-07-20T14:00:02Z
2026-07-24T05:00:34+08:00,3,1643746352,Chapter 3 massive earthquake-3,https://www.wattpad.com/1643746352-planet-phoenix-chapter-3-massive-earthquake-3,2,0,0,65.01,2026-07-21T04:00:02Z
2026-07-24T05:00:34+08:00,4,1643746654,Chapter 4 massive earthquake-4,https://www.wattpad.com/1643746654-planet-phoenix-chapter-4-massive-earthquake-4,7,1,-1,51.01,2026-07-21T18:00:02Z
2026-07-24T05:00:34+08:00,5,1643747136,Chapter 5 Escape from death,https://www.wattpad.com/1643747136-planet-phoenix-chapter-5-escape-from-death,1,0,0,37.01,2026-07-22T08:00:03Z
2026-07-24T05:00:34+08:00,6,1643747955,Chapter 6：Interlude,https://www.wattpad.com/1643747955-planet-phoenix-chapter-6%EF%BC%9Ainterlude,5,0,0,23.01,2026-07-22T22:00:02Z
2026-07-24T05:00:34+08:00,7,1643748308,Chapter 7：The cabin in the forest,https://www.wattpad.com/1643748308-planet-phoenix-chapter-7%EF%BC%9Athe-cabin-in-the-forest,6,0,1,9.01,2026-07-23T12:00:02Z
2026-07-24T06:00:32+08:00,1,1643734560,Chapter 1 massive earthquake-1,https://www.wattpad.com/1643734560-planet-phoenix-chapter-1-massive-earthquake-1,5,0,0,94.01,2026-07-20T00:00:02Z
2026-07-24T06:00:32+08:00,2,1643743618,Chapter 2 massive earthquake-2,https://www.wattpad.com/1643743618-planet-phoenix-chapter-2-massive-earthquake-2,6,0,0,80.01,2026-07-20T14:00:02Z
2026-07-24T06:00:32+08:00,3,1643746352,Chapter 3 massive earthquake-3,https://www.wattpad.com/1643746352-planet-phoenix-chapter-3-massive-earthquake-3,2,0,0,66.01,2026-07-21T04:00:02Z
2026-07-24T06:00:32+08:00,4,1643746654,Chapter 4 massive earthquake-4,https://www.wattpad.com/1643746654-planet-phoenix-chapter-4-massive-earthquake-4,7,1,-1,52.01,2026-07-21T18:00:02Z
2026-07-24T06:00:32+08:00,5,1643747136,Chapter 5 Escape from death,https://www.wattpad.com/1643747136-planet-phoenix-chapter-5-escape-from-death,1,0,0,38.01,2026-07-22T08:00:03Z
2026-07-24T06:00:32+08:00,6,1643747955,Chapter 6：Interlude,https://www.wattpad.com/1643747955-planet-phoenix-chapter-6%EF%BC%9Ainterlude,5,0,0,24.01,2026-07-22T22:00:02Z
2026-07-24T06:00:32+08:00,7,1643748308,Chapter 7：The cabin in the forest,https://www.wattpad.com/1643748308-planet-phoenix-chapter-7%EF%BC%9Athe-cabin-in-the-forest,6,0,1,10.01,2026-07-23T12:00:02Z
2026-07-24T07:00:31+08:00,1,1643734560,Chapter 1 massive earthquake-1,https://www.wattpad.com/1643734560-planet-phoenix-chapter-1-massive-earthquake-1,5,0,0,95.01,2026-07-20T00:00:02Z
2026-07-24T07:00:31+08:00,2,1643743618,Chapter 2 massive earthquake-2,https://www.wattpad.com/1643743618-planet-phoenix-chapter-2-massive-earthquake-2,6,0,0,81.01,2026-07-20T14:00:02Z
2026-07-24T07:00:31+08:00,3,1643746352,Chapter 3 massive earthquake-3,https://www.wattpad.com/1643746352-planet-phoenix-chapter-3-massive-earthquake-3,2,0,0,67.01,2026-07-21T04:00:02Z
2026-07-24T07:00:31+08:00,4,1643746654,Chapter 4 massive earthquake-4,https://www.wattpad.com/1643746654-planet-phoenix-chapter-4-massive-earthquake-4,7,1,-1,53.01,2026-07-21T18:00:02Z
2026-07-24T07:00:31+08:00,5,1643747136,Chapter 5 Escape from death,https://www.wattpad.com/1643747136-planet-phoenix-chapter-5-escape-from-death,1,0,0,39.01,2026-07-22T08:00:03Z
2026-07-24T07:00:31+08:00,6,1643747955,Chapter 6：Interlude,https://www.wattpad.com/1643747955-planet-phoenix-chapter-6%EF%BC%9Ainterlude,5,0,0,25.01,2026-07-22T22:00:02Z
2026-07-24T07:00:31+08:00,7,1643748308,Chapter 7：The cabin in the forest,https://www.wattpad.com/1643748308-planet-phoenix-chapter-7%EF%BC%9Athe-cabin-in-the-forest,6,0,1,11.01,2026-07-23T12:00:02Z
2026-07-24T08:00:31+08:00,1,1643734560,Chapter 1 massive earthquake-1,https://www.wattpad.com/1643734560-planet-phoenix-chapter-1-massive-earthquake-1,5,0,0,96.01,2026-07-20T00:00:02Z
2026-07-24T08:00:31+08:00,2,1643743618,Chapter 2 massive earthquake-2,https://www.wattpad.com/1643743618-planet-phoenix-chapter-2-massive-earthquake-2,6,0,0,82.01,2026-07-20T14:00:02Z
2026-07-24T08:00:31+08:00,3,1643746352,Chapter 3 massive earthquake-3,https://www.wattpad.com/1643746352-planet-phoenix-chapter-3-massive-earthquake-3,2,0,0,68.01,2026-07-21T04:00:02Z
2026-07-24T08:00:31+08:00,4,1643746654,Chapter 4 massive earthquake-4,https://www.wattpad.com/1643746654-planet-phoenix-chapter-4-massive-earthquake-4,7,1,-1,54.01,2026-07-21T18:00:02Z
2026-07-24T08:00:31+08:00,5,1643747136,Chapter 5 Escape from death,https://www.wattpad.com/1643747136-planet-phoenix-chapter-5-escape-from-death,1,0,0,40.01,2026-07-22T08:00:03Z
2026-07-24T08:00:31+08:00,6,1643747955,Chapter 6：Interlude,https://www.wattpad.com/1643747955-planet-phoenix-chapter-6%EF%BC%9Ainterlude,5,0,0,26.01,2026-07-22T22:00:02Z
2026-07-24T08:00:31+08:00,7,1643748308,Chapter 7：The cabin in the forest,https://www.wattpad.com/1643748308-planet-phoenix-chapter-7%EF%BC%9Athe-cabin-in-the-forest,6,0,1,12.01,2026-07-23T12:00:02Z
2026-07-24T09:00:32+08:00,1,1643734560,Chapter 1 massive earthquake-1,https://www.wattpad.com/1643734560-planet-phoenix-chapter-1-massive-earthquake-1,5,0,0,97.01,2026-07-20T00:00:02Z
2026-07-24T09:00:32+08:00,2,1643743618,Chapter 2 massive earthquake-2,https://www.wattpad.com/1643743618-planet-phoenix-chapter-2-massive-earthquake-2,6,0,0,83.01,2026-07-20T14:00:02Z
2026-07-24T09:00:32+08:00,3,1643746352,Chapter 3 massive earthquake-3,https://www.wattpad.com/1643746352-planet-phoenix-chapter-3-massive-earthquake-3,2,0,0,69.01,2026-07-21T04:00:02Z
2026-07-24T09:00:32+08:00,4,1643746654,Chapter 4 massive earthquake-4,https://www.wattpad.com/1643746654-planet-phoenix-chapter-4-massive-earthquake-4,7,1,-1,55.01,2026-07-21T18:00:02Z
2026-07-24T09:00:32+08:00,5,1643747136,Chapter 5 Escape from death,https://www.wattpad.com/1643747136-planet-phoenix-chapter-5-escape-from-death,1,0,0,41.01,2026-07-22T08:00:03Z
2026-07-24T09:00:32+08:00,6,1643747955,Chapter 6：Interlude,https://www.wattpad.com/1643747955-planet-phoenix-chapter-6%EF%BC%9Ainterlude,5,0,0,27.01,2026-07-22T22:00:02Z
2026-07-24T09:00:32+08:00,7,1643748308,Chapter 7：The cabin in the forest,https://www.wattpad.com/1643748308-planet-phoenix-chapter-7%EF%BC%9Athe-cabin-in-the-forest,6,0,1,13.01,2026-07-23T12:00:02Z
2026-07-24T10:00:33+08:00,1,1643734560,Chapter 1 massive earthquake-1,https://www.wattpad.com/1643734560-planet-phoenix-chapter-1-massive-earthquake-1,5,0,0,98.01,2026-07-20T00:00:02Z
2026-07-24T10:00:33+08:00,2,1643743618,Chapter 2 massive earthquake-2,https://www.wattpad.com/1643743618-planet-phoenix-chapter-2-massive-earthquake-2,6,0,0,84.01,2026-07-20T14:00:02Z
2026-07-24T10:00:33+08:00,3,1643746352,Chapter 3 massive earthquake-3,https://www.wattpad.com/1643746352-planet-phoenix-chapter-3-massive-earthquake-3,2,0,0,70.01,2026-07-21T04:00:02Z
2026-07-24T10:00:33+08:00,4,1643746654,Chapter 4 massive earthquake-4,https://www.wattpad.com/1643746654-planet-phoenix-chapter-4-massive-earthquake-4,7,1,-1,56.01,2026-07-21T18:00:02Z
2026-07-24T10:00:33+08:00,5,1643747136,Chapter 5 Escape from death,https://www.wattpad.com/1643747136-planet-phoenix-chapter-5-escape-from-death,1,0,0,42.01,2026-07-22T08:00:03Z
2026-07-24T10:00:33+08:00,6,1643747955,Chapter 6：Interlude,https://www.wattpad.com/1643747955-planet-phoenix-chapter-6%EF%BC%9Ainterlude,5,0,0,28.01,2026-07-22T22:00:02Z
2026-07-24T10:00:33+08:00,7,1643748308,Chapter 7：The cabin in the forest,https://www.wattpad.com/1643748308-planet-phoenix-chapter-7%EF%BC%9Athe-cabin-in-the-forest,6,0,1,14.01,2026-07-23T12:00:02Z
2026-07-24T10:00:33+08:00,8,1643748909,Chapter 8：Weird person in the train,https://www.wattpad.com/1643748909-planet-phoenix-chapter-8%EF%BC%9Aweird-person-in-the-train,0,0,0,0.01,2026-07-24T02:00:02Z
2026-07-24T11:00:32+08:00,1,1643734560,Chapter 1 massive earthquake-1,https://www.wattpad.com/1643734560-planet-phoenix-chapter-1-massive-earthquake-1,6,0,0,99.01,2026-07-20T00:00:02Z
2026-07-24T11:00:32+08:00,2,1643743618,Chapter 2 massive earthquake-2,https://www.wattpad.com/1643743618-planet-phoenix-chapter-2-massive-earthquake-2,6,0,0,85.01,2026-07-20T14:00:02Z
2026-07-24T11:00:32+08:00,3,1643746352,Chapter 3 massive earthquake-3,https://www.wattpad.com/1643746352-planet-phoenix-chapter-3-massive-earthquake-3,2,0,0,71.01,2026-07-21T04:00:02Z
2026-07-24T11:00:32+08:00,4,1643746654,Chapter 4 massive earthquake-4,https://www.wattpad.com/1643746654-planet-phoenix-chapter-4-massive-earthquake-4,7,1,-1,57.01,2026-07-21T18:00:02Z
2026-07-24T11:00:32+08:00,5,1643747136,Chapter 5 Escape from death,https://www.wattpad.com/1643747136-planet-phoenix-chapter-5-escape-from-death,1,0,0,43.01,2026-07-22T08:00:03Z
2026-07-24T11:00:32+08:00,6,1643747955,Chapter 6：Interlude,https://www.wattpad.com/1643747955-planet-phoenix-chapter-6%EF%BC%9Ainterlude,5,0,0,29.01,2026-07-22T22:00:02Z
2026-07-24T11:00:32+08:00,7,1643748308,Chapter 7：The cabin in the forest,https://www.wattpad.com/1643748308-planet-phoenix-chapter-7%EF%BC%9Athe-cabin-in-the-forest,6,0,1,15.01,2026-07-23T12:00:02Z
2026-07-24T11:00:32+08:00,8,1643748909,Chapter 8：Weird person in the train,https://www.wattpad.com/1643748909-planet-phoenix-chapter-8%EF%BC%9Aweird-person-in-the-train,1,0,0,1.01,2026-07-24T02:00:02Z
2026-07-24T12:00:31+08:00,1,1643734560,Chapter 1 massive earthquake-1,https://www.wattpad.com/1643734560-planet-phoenix-chapter-1-massive-earthquake-1,6,0,0,100.01,2026-07-20T00:00:02Z
2026-07-24T12:00:31+08:00,2,1643743618,Chapter 2 massive earthquake-2,https://www.wattpad.com/1643743618-planet-phoenix-chapter-2-massive-earthquake-2,6,0,0,86.01,2026-07-20T14:00:02Z
2026-07-24T12:00:31+08:00,3,1643746352,Chapter 3 massive earthquake-3,https://www.wattpad.com/1643746352-planet-phoenix-chapter-3-massive-earthquake-3,2,0,0,72.01,2026-07-21T04:00:02Z
2026-07-24T12:00:31+08:00,4,1643746654,Chapter 4 massive earthquake-4,https://www.wattpad.com/1643746654-planet-phoenix-chapter-4-massive-earthquake-4,7,1,-1,58.01,2026-07-21T18:00:02Z
2026-07-24T12:00:31+08:00,5,1643747136,Chapter 5 Escape from death,https://www.wattpad.com/1643747136-planet-phoenix-chapter-5-escape-from-death,1,0,0,44.01,2026-07-22T08:00:03Z
2026-07-24T12:00:31+08:00,6,1643747955,Chapter 6：Interlude,https://www.wattpad.com/1643747955-planet-phoenix-chapter-6%EF%BC%9Ainterlude,5,0,0,30.01,2026-07-22T22:00:02Z
2026-07-24T12:00:31+08:00,7,1643748308,Chapter 7：The cabin in the forest,https://www.wattpad.com/1643748308-planet-phoenix-chapter-7%EF%BC%9Athe-cabin-in-the-forest,7,0,1,16.01,2026-07-23T12:00:02Z
2026-07-24T12:00:31+08:00,8,1643748909,Chapter 8：Weird person in the train,https://www.wattpad.com/1643748909-planet-phoenix-chapter-8%EF%BC%9Aweird-person-in-the-train,2,0,0,2.01,2026-07-24T02:00:02Z
2026-07-24T13:00:32+08:00,1,1643734560,Chapter 1 massive earthquake-1,https://www.wattpad.com/1643734560-planet-phoenix-chapter-1-massive-earthquake-1,6,0,0,101.01,2026-07-20T00:00:02Z
2026-07-24T13:00:32+08:00,2,1643743618,Chapter 2 massive earthquake-2,https://www.wattpad.com/1643743618-planet-phoenix-chapter-2-massive-earthquake-2,6,0,0,87.01,2026-07-20T14:00:02Z
2026-07-24T13:00:32+08:00,3,1643746352,Chapter 3 massive earthquake-3,https://www.wattpad.com/1643746352-planet-phoenix-chapter-3-massive-earthquake-3,2,0,0,73.01,2026-07-21T04:00:02Z
2026-07-24T13:00:32+08:00,4,1643746654,Chapter 4 massive earthquake-4,https://www.wattpad.com/1643746654-planet-phoenix-chapter-4-massive-earthquake-4,7,1,-1,59.01,2026-07-21T18:00:02Z
2026-07-24T13:00:32+08:00,5,1643747136,Chapter 5 Escape from death,https://www.wattpad.com/1643747136-planet-phoenix-chapter-5-escape-from-death,1,0,0,45.01,2026-07-22T08:00:03Z
2026-07-24T13:00:32+08:00,6,1643747955,Chapter 6：Interlude,https://www.wattpad.com/1643747955-planet-phoenix-chapter-6%EF%BC%9Ainterlude,5,0,0,31.01,2026-07-22T22:00:02Z
2026-07-24T13:00:32+08:00,7,1643748308,Chapter 7：The cabin in the forest,https://www.wattpad.com/1643748308-planet-phoenix-chapter-7%EF%BC%9Athe-cabin-in-the-forest,7,0,1,17.01,2026-07-23T12:00:02Z
2026-07-24T13:00:32+08:00,8,1643748909,Chapter 8：Weird person in the train,https://www.wattpad.com/1643748909-planet-phoenix-chapter-8%EF%BC%9Aweird-person-in-the-train,2,0,0,3.01,2026-07-24T02:00:02Z
2026-07-24T14:00:33+08:00,1,1643734560,Chapter 1 massive earthquake-1,https://www.wattpad.com/1643734560-planet-phoenix-chapter-1-massive-earthquake-1,6,0,0,102.01,2026-07-20T00:00:02Z
2026-07-24T14:00:33+08:00,2,1643743618,Chapter 2 massive earthquake-2,https://www.wattpad.com/1643743618-planet-phoenix-chapter-2-massive-earthquake-2,6,0,0,88.01,2026-07-20T14:00:02Z
2026-07-24T14:00:33+08:00,3,1643746352,Chapter 3 massive earthquake-3,https://www.wattpad.com/1643746352-planet-phoenix-chapter-3-massive-earthquake-3,2,0,0,74.01,2026-07-21T04:00:02Z
2026-07-24T14:00:33+08:00,4,1643746654,Chapter 4 massive earthquake-4,https://www.wattpad.com/1643746654-planet-phoenix-chapter-4-massive-earthquake-4,7,1,-1,60.01,2026-07-21T18:00:02Z
2026-07-24T14:00:33+08:00,5,1643747136,Chapter 5 Escape from death,https://www.wattpad.com/1643747136-planet-phoenix-chapter-5-escape-from-death,1,0,0,46.01,2026-07-22T08:00:03Z
2026-07-24T14:00:33+08:00,6,1643747955,Chapter 6：Interlude,https://www.wattpad.com/1643747955-planet-phoenix-chapter-6%EF%BC%9Ainterlude,5,0,0,32.01,2026-07-22T22:00:02Z
2026-07-24T14:00:33+08:00,7,1643748308,Chapter 7：The cabin in the forest,https://www.wattpad.com/1643748308-planet-phoenix-chapter-7%EF%BC%9Athe-cabin-in-the-forest,7,0,1,18.01,2026-07-23T12:00:02Z
2026-07-24T14:00:33+08:00,8,1643748909,Chapter 8：Weird person in the train,https://www.wattpad.com/1643748909-planet-phoenix-chapter-8%EF%BC%9Aweird-person-in-the-train,2,0,0,4.01,2026-07-24T02:00:02Z
2026-07-24T15:00:32+08:00,1,1643734560,Chapter 1 massive earthquake-1,https://www.wattpad.com/1643734560-planet-phoenix-chapter-1-massive-earthquake-1,6,0,0,103.01,2026-07-20T00:00:02Z
2026-07-24T15:00:32+08:00,2,1643743618,Chapter 2 massive earthquake-2,https://www.wattpad.com/1643743618-planet-phoenix-chapter-2-massive-earthquake-2,6,0,0,89.01,2026-07-20T14:00:02Z
2026-07-24T15:00:32+08:00,3,1643746352,Chapter 3 massive earthquake-3,https://www.wattpad.com/1643746352-planet-phoenix-chapter-3-massive-earthquake-3,2,0,0,75.01,2026-07-21T04:00:02Z
2026-07-24T15:00:32+08:00,4,1643746654,Chapter 4 massive earthquake-4,https://www.wattpad.com/1643746654-planet-phoenix-chapter-4-massive-earthquake-4,7,1,-1,61.01,2026-07-21T18:00:02Z
2026-07-24T15:00:32+08:00,5,1643747136,Chapter 5 Escape from death,https://www.wattpad.com/1643747136-planet-phoenix-chapter-5-escape-from-death,1,0,0,47.01,2026-07-22T08:00:03Z
2026-07-24T15:00:32+08:00,6,1643747955,Chapter 6：Interlude,https://www.wattpad.com/1643747955-planet-phoenix-chapter-6%EF%BC%9Ainterlude,5,0,0,33.01,2026-07-22T22:00:02Z
2026-07-24T15:00:32+08:00,7,1643748308,Chapter 7：The cabin in the forest,https://www.wattpad.com/1643748308-planet-phoenix-chapter-7%EF%BC%9Athe-cabin-in-the-forest,7,0,1,19.01,2026-07-23T12:00:02Z
2026-07-24T15:00:32+08:00,8,1643748909,Chapter 8：Weird person in the train,https://www.wattpad.com/1643748909-planet-phoenix-chapter-8%EF%BC%9Aweird-person-in-the-train,2,0,0,5.01,2026-07-24T02:00:02Z
2026-07-24T16:00:39+08:00,1,1643734560,Chapter 1 massive earthquake-1,https://www.wattpad.com/1643734560-planet-phoenix-chapter-1-massive-earthquake-1,6,0,0,104.01,2026-07-20T00:00:02Z
2026-07-24T16:00:39+08:00,2,1643743618,Chapter 2 massive earthquake-2,https://www.wattpad.com/1643743618-planet-phoenix-chapter-2-massive-earthquake-2,6,0,0,90.01,2026-07-20T14:00:02Z
2026-07-24T16:00:39+08:00,3,1643746352,Chapter 3 massive earthquake-3,https://www.wattpad.com/1643746352-planet-phoenix-chapter-3-massive-earthquake-3,2,0,0,76.01,2026-07-21T04:00:02Z
2026-07-24T16:00:39+08:00,4,1643746654,Chapter 4 massive earthquake-4,https://www.wattpad.com/1643746654-planet-phoenix-chapter-4-massive-earthquake-4,7,1,-1,62.01,2026-07-21T18:00:02Z
2026-07-24T16:00:39+08:00,5,1643747136,Chapter 5 Escape from death,https://www.wattpad.com/1643747136-planet-phoenix-chapter-5-escape-from-death,1,0,0,48.01,2026-07-22T08:00:03Z
2026-07-24T16:00:39+08:00,6,1643747955,Chapter 6：Interlude,https://www.wattpad.com/1643747955-planet-phoenix-chapter-6%EF%BC%9Ainterlude,5,0,0,34.01,2026-07-22T22:00:02Z
2026-07-24T16:00:39+08:00,7,1643748308,Chapter 7：The cabin in the forest,https://www.wattpad.com/1643748308-planet-phoenix-chapter-7%EF%BC%9Athe-cabin-in-the-forest,7,0,1,20.01,2026-07-23T12:00:02Z
2026-07-24T16:00:39+08:00,8,1643748909,Chapter 8：Weird person in the train,https://www.wattpad.com/1643748909-planet-phoenix-chapter-8%EF%BC%9Aweird-person-in-the-train,2,0,0,6.01,2026-07-24T02:00:02Z
2026-07-24T17:00:33+08:00,1,1643734560,Chapter 1 massive earthquake-1,https://www.wattpad.com/1643734560-planet-phoenix-chapter-1-massive-earthquake-1,6,0,0,105.01,2026-07-20T00:00:02Z
2026-07-24T17:00:33+08:00,2,1643743618,Chapter 2 massive earthquake-2,https://www.wattpad.com/1643743618-planet-phoenix-chapter-2-massive-earthquake-2,6,0,0,91.01,2026-07-20T14:00:02Z
2026-07-24T17:00:33+08:00,3,1643746352,Chapter 3 massive earthquake-3,https://www.wattpad.com/1643746352-planet-phoenix-chapter-3-massive-earthquake-3,2,0,0,77.01,2026-07-21T04:00:02Z
2026-07-24T17:00:33+08:00,4,1643746654,Chapter 4 massive earthquake-4,https://www.wattpad.com/1643746654-planet-phoenix-chapter-4-massive-earthquake-4,7,1,-1,63.01,2026-07-21T18:00:02Z
2026-07-24T17:00:33+08:00,5,1643747136,Chapter 5 Escape from death,https://www.wattpad.com/1643747136-planet-phoenix-chapter-5-escape-from-death,1,0,0,49.01,2026-07-22T08:00:03Z
2026-07-24T17:00:33+08:00,6,1643747955,Chapter 6：Interlude,https://www.wattpad.com/1643747955-planet-phoenix-chapter-6%EF%BC%9Ainterlude,5,0,0,35.01,2026-07-22T22:00:02Z
2026-07-24T17:00:33+08:00,7,1643748308,Chapter 7：The cabin in the forest,https://www.wattpad.com/1643748308-planet-phoenix-chapter-7%EF%BC%9Athe-cabin-in-the-forest,7,0,1,21.01,2026-07-23T12:00:02Z
2026-07-24T17:00:33+08:00,8,1643748909,Chapter 8：Weird person in the train,https://www.wattpad.com/1643748909-planet-phoenix-chapter-8%EF%BC%9Aweird-person-in-the-train,2,0,0,7.01,2026-07-24T02:00:02Z
2026-07-24T18:00:39+08:00,1,1643734560,Chapter 1 massive earthquake-1,https://www.wattpad.com/1643734560-planet-phoenix-chapter-1-massive-earthquake-1,7,0,0,106.01,2026-07-20T00:00:02Z
2026-07-24T18:00:39+08:00,2,1643743618,Chapter 2 massive earthquake-2,https://www.wattpad.com/1643743618-planet-phoenix-chapter-2-massive-earthquake-2,6,0,0,92.01,2026-07-20T14:00:02Z
2026-07-24T18:00:39+08:00,3,1643746352,Chapter 3 massive earthquake-3,https://www.wattpad.com/1643746352-planet-phoenix-chapter-3-massive-earthquake-3,2,0,0,78.01,2026-07-21T04:00:02Z
2026-07-24T18:00:39+08:00,4,1643746654,Chapter 4 massive earthquake-4,https://www.wattpad.com/1643746654-planet-phoenix-chapter-4-massive-earthquake-4,7,1,-1,64.01,2026-07-21T18:00:02Z
2026-07-24T18:00:39+08:00,5,1643747136,Chapter 5 Escape from death,https://www.wattpad.com/1643747136-planet-phoenix-chapter-5-escape-from-death,1,0,0,50.01,2026-07-22T08:00:03Z
2026-07-24T18:00:39+08:00,6,1643747955,Chapter 6：Interlude,https://www.wattpad.com/1643747955-planet-phoenix-chapter-6%EF%BC%9Ainterlude,5,0,0,36.01,2026-07-22T22:00:02Z
2026-07-24T18:00:39+08:00,7,1643748308,Chapter 7：The cabin in the forest,https://www.wattpad.com/1643748308-planet-phoenix-chapter-7%EF%BC%9Athe-cabin-in-the-forest,7,0,1,22.01,2026-07-23T12:00:02Z
2026-07-24T18:00:39+08:00,8,1643748909,Chapter 8：Weird person in the train,https://www.wattpad.com/1643748909-planet-phoenix-chapter-8%EF%BC%9Aweird-person-in-the-train,2,0,0,8.01,2026-07-24T02:00:02Z
2026-07-24T19:01:08+08:00,1,1643734560,Chapter 1 massive earthquake-1,https://www.wattpad.com/1643734560-planet-phoenix-chapter-1-massive-earthquake-1,7,0,0,107.02,2026-07-20T00:00:02Z
2026-07-24T19:01:08+08:00,2,1643743618,Chapter 2 massive earthquake-2,https://www.wattpad.com/1643743618-planet-phoenix-chapter-2-massive-earthquake-2,6,0,0,93.02,2026-07-20T14:00:02Z
2026-07-24T19:01:08+08:00,3,1643746352,Chapter 3 massive earthquake-3,https://www.wattpad.com/1643746352-planet-phoenix-chapter-3-massive-earthquake-3,2,0,0,79.02,2026-07-21T04:00:02Z
2026-07-24T19:01:08+08:00,4,1643746654,Chapter 4 massive earthquake-4,https://www.wattpad.com/1643746654-planet-phoenix-chapter-4-massive-earthquake-4,7,1,-1,65.02,2026-07-21T18:00:02Z
2026-07-24T19:01:08+08:00,5,1643747136,Chapter 5 Escape from death,https://www.wattpad.com/1643747136-planet-phoenix-chapter-5-escape-from-death,1,0,0,51.02,2026-07-22T08:00:03Z
2026-07-24T19:01:08+08:00,6,1643747955,Chapter 6：Interlude,https://www.wattpad.com/1643747955-planet-phoenix-chapter-6%EF%BC%9Ainterlude,5,0,0,37.02,2026-07-22T22:00:02Z
2026-07-24T19:01:08+08:00,7,1643748308,Chapter 7：The cabin in the forest,https://www.wattpad.com/1643748308-planet-phoenix-chapter-7%EF%BC%9Athe-cabin-in-the-forest,7,0,1,23.02,2026-07-23T12:00:02Z
2026-07-24T19:01:08+08:00,8,1643748909,Chapter 8：Weird person in the train,https://www.wattpad.com/1643748909-planet-phoenix-chapter-8%EF%BC%9Aweird-person-in-the-train,2,0,0,9.02,2026-07-24T02:00:02Z
2026-07-24T20:00:37+08:00,1,1643734560,Chapter 1 massive earthquake-1,https://www.wattpad.com/1643734560-planet-phoenix-chapter-1-massive-earthquake-1,7,0,0,108.01,2026-07-20T00:00:02Z
2026-07-24T20:00:37+08:00,2,1643743618,Chapter 2 massive earthquake-2,https://www.wattpad.com/1643743618-planet-phoenix-chapter-2-massive-earthquake-2,6,0,0,94.01,2026-07-20T14:00:02Z
2026-07-24T20:00:37+08:00,3,1643746352,Chapter 3 massive earthquake-3,https://www.wattpad.com/1643746352-planet-phoenix-chapter-3-massive-earthquake-3,2,0,0,80.01,2026-07-21T04:00:02Z
2026-07-24T20:00:37+08:00,4,1643746654,Chapter 4 massive earthquake-4,https://www.wattpad.com/1643746654-planet-phoenix-chapter-4-massive-earthquake-4,7,1,-1,66.01,2026-07-21T18:00:02Z
2026-07-24T20:00:37+08:00,5,1643747136,Chapter 5 Escape from death,https://www.wattpad.com/1643747136-planet-phoenix-chapter-5-escape-from-death,1,0,0,52.01,2026-07-22T08:00:03Z
2026-07-24T20:00:37+08:00,6,1643747955,Chapter 6：Interlude,https://www.wattpad.com/1643747955-planet-phoenix-chapter-6%EF%BC%9Ainterlude,5,0,0,38.01,2026-07-22T22:00:02Z
2026-07-24T20:00:37+08:00,7,1643748308,Chapter 7：The cabin in the forest,https://www.wattpad.com/1643748308-planet-phoenix-chapter-7%EF%BC%9Athe-cabin-in-the-forest,7,0,1,24.01,2026-07-23T12:00:02Z
2026-07-24T20:00:37+08:00,8,1643748909,Chapter 8：Weird person in the train,https://www.wattpad.com/1643748909-planet-phoenix-chapter-8%EF%BC%9Aweird-person-in-the-train,2,0,0,10.01,2026-07-24T02:00:02Z
2026-07-24T21:00:39+08:00,1,1643734560,Chapter 1 massive earthquake-1,https://www.wattpad.com/1643734560-planet-phoenix-chapter-1-massive-earthquake-1,7,0,0,109.01,2026-07-20T00:00:02Z
2026-07-24T21:00:39+08:00,2,1643743618,Chapter 2 massive earthquake-2,https://www.wattpad.com/1643743618-planet-phoenix-chapter-2-massive-earthquake-2,6,0,0,95.01,2026-07-20T14:00:02Z
2026-07-24T21:00:39+08:00,3,1643746352,Chapter 3 massive earthquake-3,https://www.wattpad.com/1643746352-planet-phoenix-chapter-3-massive-earthquake-3,2,0,0,81.01,2026-07-21T04:00:02Z
2026-07-24T21:00:39+08:00,4,1643746654,Chapter 4 massive earthquake-4,https://www.wattpad.com/1643746654-planet-phoenix-chapter-4-massive-earthquake-4,7,1,-1,67.01,2026-07-21T18:00:02Z
2026-07-24T21:00:39+08:00,5,1643747136,Chapter 5 Escape from death,https://www.wattpad.com/1643747136-planet-phoenix-chapter-5-escape-from-death,1,0,0,53.01,2026-07-22T08:00:03Z
2026-07-24T21:00:39+08:00,6,1643747955,Chapter 6：Interlude,https://www.wattpad.com/1643747955-planet-phoenix-chapter-6%EF%BC%9Ainterlude,5,0,0,39.01,2026-07-22T22:00:02Z
2026-07-24T21:00:39+08:00,7,1643748308,Chapter 7：The cabin in the forest,https://www.wattpad.com/1643748308-planet-phoenix-chapter-7%EF%BC%9Athe-cabin-in-the-forest,7,0,1,25.01,2026-07-23T12:00:02Z
2026-07-24T21:00:39+08:00,8,1643748909,Chapter 8：Weird person in the train,https://www.wattpad.com/1643748909-planet-phoenix-chapter-8%EF%BC%9Aweird-person-in-the-train,2,0,0,11.01,2026-07-24T02:00:02Z
2026-07-24T22:00:34+08:00,1,1643734560,Chapter 1 massive earthquake-1,https://www.wattpad.com/1643734560-planet-phoenix-chapter-1-massive-earthquake-1,7,0,0,110.01,2026-07-20T00:00:02Z
2026-07-24T22:00:34+08:00,2,1643743618,Chapter 2 massive earthquake-2,https://www.wattpad.com/1643743618-planet-phoenix-chapter-2-massive-earthquake-2,6,0,0,96.01,2026-07-20T14:00:02Z
2026-07-24T22:00:34+08:00,3,1643746352,Chapter 3 massive earthquake-3,https://www.wattpad.com/1643746352-planet-phoenix-chapter-3-massive-earthquake-3,2,0,0,82.01,2026-07-21T04:00:02Z
2026-07-24T22:00:34+08:00,4,1643746654,Chapter 4 massive earthquake-4,https://www.wattpad.com/1643746654-planet-phoenix-chapter-4-massive-earthquake-4,7,1,-1,68.01,2026-07-21T18:00:02Z
2026-07-24T22:00:34+08:00,5,1643747136,Chapter 5 Escape from death,https://www.wattpad.com/1643747136-planet-phoenix-chapter-5-escape-from-death,1,0,0,54.01,2026-07-22T08:00:03Z
2026-07-24T22:00:34+08:00,6,1643747955,Chapter 6：Interlude,https://www.wattpad.com/1643747955-planet-phoenix-chapter-6%EF%BC%9Ainterlude,5,0,0,40.01,2026-07-22T22:00:02Z
2026-07-24T22:00:34+08:00,7,1643748308,Chapter 7：The cabin in the forest,https://www.wattpad.com/1643748308-planet-phoenix-chapter-7%EF%BC%9Athe-cabin-in-the-forest,7,0,1,26.01,2026-07-23T12:00:02Z
2026-07-24T22:00:34+08:00,8,1643748909,Chapter 8：Weird person in the train,https://www.wattpad.com/1643748909-planet-phoenix-chapter-8%EF%BC%9Aweird-person-in-the-train,2,0,0,12.01,2026-07-24T02:00:02Z
2026-07-24T23:00:35+08:00,1,1643734560,Chapter 1 massive earthquake-1,https://www.wattpad.com/1643734560-planet-phoenix-chapter-1-massive-earthquake-1,7,0,0,111.01,2026-07-20T00:00:02Z
2026-07-24T23:00:35+08:00,2,1643743618,Chapter 2 massive earthquake-2,https://www.wattpad.com/1643743618-planet-phoenix-chapter-2-massive-earthquake-2,6,0,0,97.01,2026-07-20T14:00:02Z
2026-07-24T23:00:35+08:00,3,1643746352,Chapter 3 massive earthquake-3,https://www.wattpad.com/1643746352-planet-phoenix-chapter-3-massive-earthquake-3,2,0,0,83.01,2026-07-21T04:00:02Z
2026-07-24T23:00:35+08:00,4,1643746654,Chapter 4 massive earthquake-4,https://www.wattpad.com/1643746654-planet-phoenix-chapter-4-massive-earthquake-4,7,1,-1,69.01,2026-07-21T18:00:02Z
2026-07-24T23:00:35+08:00,5,1643747136,Chapter 5 Escape from death,https://www.wattpad.com/1643747136-planet-phoenix-chapter-5-escape-from-death,1,0,0,55.01,2026-07-22T08:00:03Z
2026-07-24T23:00:35+08:00,6,1643747955,Chapter 6：Interlude,https://www.wattpad.com/1643747955-planet-phoenix-chapter-6%EF%BC%9Ainterlude,5,0,0,41.01,2026-07-22T22:00:02Z
2026-07-24T23:00:35+08:00,7,1643748308,Chapter 7：The cabin in the forest,https://www.wattpad.com/1643748308-planet-phoenix-chapter-7%EF%BC%9Athe-cabin-in-the-forest,7,0,1,27.01,2026-07-23T12:00:02Z
2026-07-24T23:00:35+08:00,8,1643748909,Chapter 8：Weird person in the train,https://www.wattpad.com/1643748909-planet-phoenix-chapter-8%EF%BC%9Aweird-person-in-the-train,2,0,0,13.01,2026-07-24T02:00:02Z
2026-07-25T00:00:36+08:00,1,1643734560,Chapter 1 massive earthquake-1,https://www.wattpad.com/1643734560-planet-phoenix-chapter-1-massive-earthquake-1,7,0,0,112.01,2026-07-20T00:00:02Z
2026-07-25T00:00:36+08:00,2,1643743618,Chapter 2 massive earthquake-2,https://www.wattpad.com/1643743618-planet-phoenix-chapter-2-massive-earthquake-2,6,0,0,98.01,2026-07-20T14:00:02Z
2026-07-25T00:00:36+08:00,3,1643746352,Chapter 3 massive earthquake-3,https://www.wattpad.com/1643746352-planet-phoenix-chapter-3-massive-earthquake-3,2,0,0,84.01,2026-07-21T04:00:02Z
2026-07-25T00:00:36+08:00,4,1643746654,Chapter 4 massive earthquake-4,https://www.wattpad.com/1643746654-planet-phoenix-chapter-4-massive-earthquake-4,7,1,-1,70.01,2026-07-21T18:00:02Z
2026-07-25T00:00:36+08:00,5,1643747136,Chapter 5 Escape from death,https://www.wattpad.com/1643747136-planet-phoenix-chapter-5-escape-from-death,1,0,0,56.01,2026-07-22T08:00:03Z
2026-07-25T00:00:36+08:00,6,1643747955,Chapter 6：Interlude,https://www.wattpad.com/1643747955-planet-phoenix-chapter-6%EF%BC%9Ainterlude,5,0,0,42.01,2026-07-22T22:00:02Z
2026-07-25T00:00:36+08:00,7,1643748308,Chapter 7：The cabin in the forest,https://www.wattpad.com/1643748308-planet-phoenix-chapter-7%EF%BC%9Athe-cabin-in-the-forest,7,0,1,28.01,2026-07-23T12:00:02Z
2026-07-25T00:00:36+08:00,8,1643748909,Chapter 8：Weird person in the train,https://www.wattpad.com/1643748909-planet-phoenix-chapter-8%EF%BC%9Aweird-person-in-the-train,2,0,0,14.01,2026-07-24T02:00:02Z
2026-07-25T00:00:36+08:00,9,1643749360,Chapter 9：Weird person-1,https://www.wattpad.com/1643749360-planet-phoenix-chapter-9%EF%BC%9Aweird-person-1,0,0,0,0.01,2026-07-24T16:00:03Z
2026-07-25T01:00:35+08:00,1,1643734560,Chapter 1 massive earthquake-1,https://www.wattpad.com/1643734560-planet-phoenix-chapter-1-massive-earthquake-1,7,0,0,113.01,2026-07-20T00:00:02Z
2026-07-25T01:00:35+08:00,2,1643743618,Chapter 2 massive earthquake-2,https://www.wattpad.com/1643743618-planet-phoenix-chapter-2-massive-earthquake-2,6,0,0,99.01,2026-07-20T14:00:02Z
2026-07-25T01:00:35+08:00,3,1643746352,Chapter 3 massive earthquake-3,https://www.wattpad.com/1643746352-planet-phoenix-chapter-3-massive-earthquake-3,2,0,0,85.01,2026-07-21T04:00:02Z
2026-07-25T01:00:35+08:00,4,1643746654,Chapter 4 massive earthquake-4,https://www.wattpad.com/1643746654-planet-phoenix-chapter-4-massive-earthquake-4,7,1,-1,71.01,2026-07-21T18:00:02Z
2026-07-25T01:00:35+08:00,5,1643747136,Chapter 5 Escape from death,https://www.wattpad.com/1643747136-planet-phoenix-chapter-5-escape-from-death,1,0,0,57.01,2026-07-22T08:00:03Z
2026-07-25T01:00:35+08:00,6,1643747955,Chapter 6：Interlude,https://www.wattpad.com/1643747955-planet-phoenix-chapter-6%EF%BC%9Ainterlude,5,0,0,43.01,2026-07-22T22:00:02Z
2026-07-25T01:00:35+08:00,7,1643748308,Chapter 7：The cabin in the forest,https://www.wattpad.com/1643748308-planet-phoenix-chapter-7%EF%BC%9Athe-cabin-in-the-forest,7,0,1,29.01,2026-07-23T12:00:02Z
2026-07-25T01:00:35+08:00,8,1643748909,Chapter 8：Weird person in the train,https://www.wattpad.com/1643748909-planet-phoenix-chapter-8%EF%BC%9Aweird-person-in-the-train,2,0,0,15.01,2026-07-24T02:00:02Z
2026-07-25T01:00:35+08:00,9,1643749360,Chapter 9：Weird person-1,https://www.wattpad.com/1643749360-planet-phoenix-chapter-9%EF%BC%9Aweird-person-1,0,0,0,1.01,2026-07-24T16:00:03Z
2026-07-25T02:00:36+08:00,1,1643734560,Chapter 1 massive earthquake-1,https://www.wattpad.com/1643734560-planet-phoenix-chapter-1-massive-earthquake-1,7,0,0,114.01,2026-07-20T00:00:02Z
2026-07-25T02:00:36+08:00,2,1643743618,Chapter 2 massive earthquake-2,https://www.wattpad.com/1643743618-planet-phoenix-chapter-2-massive-earthquake-2,6,0,0,100.01,2026-07-20T14:00:02Z
2026-07-25T02:00:36+08:00,3,1643746352,Chapter 3 massive earthquake-3,https://www.wattpad.com/1643746352-planet-phoenix-chapter-3-massive-earthquake-3,2,0,0,86.01,2026-07-21T04:00:02Z
2026-07-25T02:00:36+08:00,4,1643746654,Chapter 4 massive earthquake-4,https://www.wattpad.com/1643746654-planet-phoenix-chapter-4-massive-earthquake-4,7,1,-1,72.01,2026-07-21T18:00:02Z
2026-07-25T02:00:36+08:00,5,1643747136,Chapter 5 Escape from death,https://www.wattpad.com/1643747136-planet-phoenix-chapter-5-escape-from-death,1,0,0,58.01,2026-07-22T08:00:03Z
2026-07-25T02:00:36+08:00,6,1643747955,Chapter 6：Interlude,https://www.wattpad.com/1643747955-planet-phoenix-chapter-6%EF%BC%9Ainterlude,5,0,0,44.01,2026-07-22T22:00:02Z
2026-07-25T02:00:36+08:00,7,1643748308,Chapter 7：The cabin in the forest,https://www.wattpad.com/1643748308-planet-phoenix-chapter-7%EF%BC%9Athe-cabin-in-the-forest,7,0,1,30.01,2026-07-23T12:00:02Z
2026-07-25T02:00:36+08:00,8,1643748909,Chapter 8：Weird person in the train,https://www.wattpad.com/1643748909-planet-phoenix-chapter-8%EF%BC%9Aweird-person-in-the-train,2,0,0,16.01,2026-07-24T02:00:02Z
2026-07-25T02:00:36+08:00,9,1643749360,Chapter 9：Weird person-1,https://www.wattpad.com/1643749360-planet-phoenix-chapter-9%EF%BC%9Aweird-person-1,0,0,0,2.01,2026-07-24T16:00:03Z
2026-07-25T03:00:35+08:00,1,1643734560,Chapter 1 massive earthquake-1,https://www.wattpad.com/1643734560-planet-phoenix-chapter-1-massive-earthquake-1,7,0,0,115.01,2026-07-20T00:00:02Z
2026-07-25T03:00:35+08:00,2,1643743618,Chapter 2 massive earthquake-2,https://www.wattpad.com/1643743618-planet-phoenix-chapter-2-massive-earthquake-2,6,0,0,101.01,2026-07-20T14:00:02Z
2026-07-25T03:00:35+08:00,3,1643746352,Chapter 3 massive earthquake-3,https://www.wattpad.com/1643746352-planet-phoenix-chapter-3-massive-earthquake-3,2,0,0,87.01,2026-07-21T04:00:02Z
2026-07-25T03:00:35+08:00,4,1643746654,Chapter 4 massive earthquake-4,https://www.wattpad.com/1643746654-planet-phoenix-chapter-4-massive-earthquake-4,7,1,-1,73.01,2026-07-21T18:00:02Z
2026-07-25T03:00:35+08:00,5,1643747136,Chapter 5 Escape from death,https://www.wattpad.com/1643747136-planet-phoenix-chapter-5-escape-from-death,1,0,0,59.01,2026-07-22T08:00:03Z
2026-07-25T03:00:35+08:00,6,1643747955,Chapter 6：Interlude,https://www.wattpad.com/1643747955-planet-phoenix-chapter-6%EF%BC%9Ainterlude,5,0,0,45.01,2026-07-22T22:00:02Z
2026-07-25T03:00:35+08:00,7,1643748308,Chapter 7：The cabin in the forest,https://www.wattpad.com/1643748308-planet-phoenix-chapter-7%EF%BC%9Athe-cabin-in-the-forest,7,0,1,31.01,2026-07-23T12:00:02Z
2026-07-25T03:00:35+08:00,8,1643748909,Chapter 8：Weird person in the train,https://www.wattpad.com/1643748909-planet-phoenix-chapter-8%EF%BC%9Aweird-person-in-the-train,2,0,0,17.01,2026-07-24T02:00:02Z
2026-07-25T03:00:35+08:00,9,1643749360,Chapter 9：Weird person-1,https://www.wattpad.com/1643749360-planet-phoenix-chapter-9%EF%BC%9Aweird-person-1,0,0,0,3.01,2026-07-24T16:00:03Z
2026-07-25T04:00:33+08:00,1,1643734560,Chapter 1 massive earthquake-1,https://www.wattpad.com/1643734560-planet-phoenix-chapter-1-massive-earthquake-1,7,0,0,116.01,2026-07-20T00:00:02Z
2026-07-25T04:00:33+08:00,2,1643743618,Chapter 2 massive earthquake-2,https://www.wattpad.com/1643743618-planet-phoenix-chapter-2-massive-earthquake-2,6,0,0,102.01,2026-07-20T14:00:02Z
2026-07-25T04:00:33+08:00,3,1643746352,Chapter 3 massive earthquake-3,https://www.wattpad.com/1643746352-planet-phoenix-chapter-3-massive-earthquake-3,2,0,0,88.01,2026-07-21T04:00:02Z
2026-07-25T04:00:33+08:00,4,1643746654,Chapter 4 massive earthquake-4,https://www.wattpad.com/1643746654-planet-phoenix-chapter-4-massive-earthquake-4,7,1,-1,74.01,2026-07-21T18:00:02Z
2026-07-25T04:00:33+08:00,5,1643747136,Chapter 5 Escape from death,https://www.wattpad.com/1643747136-planet-phoenix-chapter-5-escape-from-death,1,0,0,60.01,2026-07-22T08:00:03Z
2026-07-25T04:00:33+08:00,6,1643747955,Chapter 6：Interlude,https://www.wattpad.com/1643747955-planet-phoenix-chapter-6%EF%BC%9Ainterlude,5,0,0,46.01,2026-07-22T22:00:02Z
2026-07-25T04:00:33+08:00,7,1643748308,Chapter 7：The cabin in the forest,https://www.wattpad.com/1643748308-planet-phoenix-chapter-7%EF%BC%9Athe-cabin-in-the-forest,7,0,1,32.01,2026-07-23T12:00:02Z
2026-07-25T04:00:33+08:00,8,1643748909,Chapter 8：Weird person in the train,https://www.wattpad.com/1643748909-planet-phoenix-chapter-8%EF%BC%9Aweird-person-in-the-train,2,0,0,18.01,2026-07-24T02:00:02Z
2026-07-25T04:00:33+08:00,9,1643749360,Chapter 9：Weird person-1,https://www.wattpad.com/1643749360-planet-phoenix-chapter-9%EF%BC%9Aweird-person-1,0,0,0,4.01,2026-07-24T16:00:03Z
2026-07-25T05:00:37+08:00,1,1643734560,Chapter 1 massive earthquake-1,https://www.wattpad.com/1643734560-planet-phoenix-chapter-1-massive-earthquake-1,7,0,0,117.01,2026-07-20T00:00:02Z
2026-07-25T05:00:37+08:00,2,1643743618,Chapter 2 massive earthquake-2,https://www.wattpad.com/1643743618-planet-phoenix-chapter-2-massive-earthquake-2,6,0,0,103.01,2026-07-20T14:00:02Z
2026-07-25T05:00:37+08:00,3,1643746352,Chapter 3 massive earthquake-3,https://www.wattpad.com/1643746352-planet-phoenix-chapter-3-massive-earthquake-3,2,0,0,89.01,2026-07-21T04:00:02Z
2026-07-25T05:00:37+08:00,4,1643746654,Chapter 4 massive earthquake-4,https://www.wattpad.com/1643746654-planet-phoenix-chapter-4-massive-earthquake-4,7,1,-1,75.01,2026-07-21T18:00:02Z
2026-07-25T05:00:37+08:00,5,1643747136,Chapter 5 Escape from death,https://www.wattpad.com/1643747136-planet-phoenix-chapter-5-escape-from-death,1,0,0,61.01,2026-07-22T08:00:03Z
2026-07-25T05:00:37+08:00,6,1643747955,Chapter 6：Interlude,https://www.wattpad.com/1643747955-planet-phoenix-chapter-6%EF%BC%9Ainterlude,5,0,0,47.01,2026-07-22T22:00:02Z
2026-07-25T05:00:37+08:00,7,1643748308,Chapter 7：The cabin in the forest,https://www.wattpad.com/1643748308-planet-phoenix-chapter-7%EF%BC%9Athe-cabin-in-the-forest,7,0,1,33.01,2026-07-23T12:00:02Z
2026-07-25T05:00:37+08:00,8,1643748909,Chapter 8：Weird person in the train,https://www.wattpad.com/1643748909-planet-phoenix-chapter-8%EF%BC%9Aweird-person-in-the-train,2,0,0,19.01,2026-07-24T02:00:02Z
2026-07-25T05:00:37+08:00,9,1643749360,Chapter 9：Weird person-1,https://www.wattpad.com/1643749360-planet-phoenix-chapter-9%EF%BC%9Aweird-person-1,0,0,0,5.01,2026-07-24T16:00:03Z
2026-07-25T06:00:29+08:00,1,1643734560,Chapter 1 massive earthquake-1,https://www.wattpad.com/1643734560-planet-phoenix-chapter-1-massive-earthquake-1,7,0,0,118.01,2026-07-20T00:00:02Z
2026-07-25T06:00:29+08:00,2,1643743618,Chapter 2 massive earthquake-2,https://www.wattpad.com/1643743618-planet-phoenix-chapter-2-massive-earthquake-2,6,0,0,104.01,2026-07-20T14:00:02Z
2026-07-25T06:00:29+08:00,3,1643746352,Chapter 3 massive earthquake-3,https://www.wattpad.com/1643746352-planet-phoenix-chapter-3-massive-earthquake-3,2,0,0,90.01,2026-07-21T04:00:02Z
2026-07-25T06:00:29+08:00,4,1643746654,Chapter 4 massive earthquake-4,https://www.wattpad.com/1643746654-planet-phoenix-chapter-4-massive-earthquake-4,7,1,-1,76.01,2026-07-21T18:00:02Z
2026-07-25T06:00:29+08:00,5,1643747136,Chapter 5 Escape from death,https://www.wattpad.com/1643747136-planet-phoenix-chapter-5-escape-from-death,1,0,0,62.01,2026-07-22T08:00:03Z
2026-07-25T06:00:29+08:00,6,1643747955,Chapter 6：Interlude,https://www.wattpad.com/1643747955-planet-phoenix-chapter-6%EF%BC%9Ainterlude,5,0,0,48.01,2026-07-22T22:00:02Z
2026-07-25T06:00:29+08:00,7,1643748308,Chapter 7：The cabin in the forest,https://www.wattpad.com/1643748308-planet-phoenix-chapter-7%EF%BC%9Athe-cabin-in-the-forest,7,0,1,34.01,2026-07-23T12:00:02Z
2026-07-25T06:00:29+08:00,8,1643748909,Chapter 8：Weird person in the train,https://www.wattpad.com/1643748909-planet-phoenix-chapter-8%EF%BC%9Aweird-person-in-the-train,2,0,0,20.01,2026-07-24T02:00:02Z
2026-07-25T06:00:29+08:00,9,1643749360,Chapter 9：Weird person-1,https://www.wattpad.com/1643749360-planet-phoenix-chapter-9%EF%BC%9Aweird-person-1,0,0,0,6.01,2026-07-24T16:00:03Z
2026-07-25T07:00:32+08:00,1,1643734560,Chapter 1 massive earthquake-1,https://www.wattpad.com/1643734560-planet-phoenix-chapter-1-massive-earthquake-1,7,0,0,119.01,2026-07-20T00:00:02Z
2026-07-25T07:00:32+08:00,2,1643743618,Chapter 2 massive earthquake-2,https://www.wattpad.com/1643743618-planet-phoenix-chapter-2-massive-earthquake-2,6,0,0,105.01,2026-07-20T14:00:02Z
2026-07-25T07:00:32+08:00,3,1643746352,Chapter 3 massive earthquake-3,https://www.wattpad.com/1643746352-planet-phoenix-chapter-3-massive-earthquake-3,2,0,0,91.01,2026-07-21T04:00:02Z
2026-07-25T07:00:32+08:00,4,1643746654,Chapter 4 massive earthquake-4,https://www.wattpad.com/1643746654-planet-phoenix-chapter-4-massive-earthquake-4,7,1,-1,77.01,2026-07-21T18:00:02Z
2026-07-25T07:00:32+08:00,5,1643747136,Chapter 5 Escape from death,https://www.wattpad.com/1643747136-planet-phoenix-chapter-5-escape-from-death,1,0,0,63.01,2026-07-22T08:00:03Z
2026-07-25T07:00:32+08:00,6,1643747955,Chapter 6：Interlude,https://www.wattpad.com/1643747955-planet-phoenix-chapter-6%EF%BC%9Ainterlude,5,0,0,49.01,2026-07-22T22:00:02Z
2026-07-25T07:00:32+08:00,7,1643748308,Chapter 7：The cabin in the forest,https://www.wattpad.com/1643748308-planet-phoenix-chapter-7%EF%BC%9Athe-cabin-in-the-forest,7,0,1,35.01,2026-07-23T12:00:02Z
2026-07-25T07:00:32+08:00,8,1643748909,Chapter 8：Weird person in the train,https://www.wattpad.com/1643748909-planet-phoenix-chapter-8%EF%BC%9Aweird-person-in-the-train,2,0,0,21.01,2026-07-24T02:00:02Z
2026-07-25T07:00:32+08:00,9,1643749360,Chapter 9：Weird person-1,https://www.wattpad.com/1643749360-planet-phoenix-chapter-9%EF%BC%9Aweird-person-1,0,0,0,7.01,2026-07-24T16:00:03Z
2026-07-25T08:00:33+08:00,1,1643734560,Chapter 1 massive earthquake-1,https://www.wattpad.com/1643734560-planet-phoenix-chapter-1-massive-earthquake-1,7,0,0,120.01,2026-07-20T00:00:02Z
2026-07-25T08:00:33+08:00,2,1643743618,Chapter 2 massive earthquake-2,https://www.wattpad.com/1643743618-planet-phoenix-chapter-2-massive-earthquake-2,6,0,0,106.01,2026-07-20T14:00:02Z
2026-07-25T08:00:33+08:00,3,1643746352,Chapter 3 massive earthquake-3,https://www.wattpad.com/1643746352-planet-phoenix-chapter-3-massive-earthquake-3,2,0,0,92.01,2026-07-21T04:00:02Z
2026-07-25T08:00:33+08:00,4,1643746654,Chapter 4 massive earthquake-4,https://www.wattpad.com/1643746654-planet-phoenix-chapter-4-massive-earthquake-4,7,1,-1,78.01,2026-07-21T18:00:02Z
2026-07-25T08:00:33+08:00,5,1643747136,Chapter 5 Escape from death,https://www.wattpad.com/1643747136-planet-phoenix-chapter-5-escape-from-death,1,0,0,64.01,2026-07-22T08:00:03Z
2026-07-25T08:00:33+08:00,6,1643747955,Chapter 6：Interlude,https://www.wattpad.com/1643747955-planet-phoenix-chapter-6%EF%BC%9Ainterlude,5,0,0,50.01,2026-07-22T22:00:02Z
2026-07-25T08:00:33+08:00,7,1643748308,Chapter 7：The cabin in the forest,https://www.wattpad.com/1643748308-planet-phoenix-chapter-7%EF%BC%9Athe-cabin-in-the-forest,7,0,1,36.01,2026-07-23T12:00:02Z
2026-07-25T08:00:33+08:00,8,1643748909,Chapter 8：Weird person in the train,https://www.wattpad.com/1643748909-planet-phoenix-chapter-8%EF%BC%9Aweird-person-in-the-train,2,0,0,22.01,2026-07-24T02:00:02Z
2026-07-25T08:00:33+08:00,9,1643749360,Chapter 9：Weird person-1,https://www.wattpad.com/1643749360-planet-phoenix-chapter-9%EF%BC%9Aweird-person-1,0,0,0,8.01,2026-07-24T16:00:03Z
2026-07-25T09:00:29+08:00,1,1643734560,Chapter 1 massive earthquake-1,https://www.wattpad.com/1643734560-planet-phoenix-chapter-1-massive-earthquake-1,7,0,0,121.01,2026-07-20T00:00:02Z
2026-07-25T09:00:29+08:00,2,1643743618,Chapter 2 massive earthquake-2,https://www.wattpad.com/1643743618-planet-phoenix-chapter-2-massive-earthquake-2,6,0,0,107.01,2026-07-20T14:00:02Z
2026-07-25T09:00:29+08:00,3,1643746352,Chapter 3 massive earthquake-3,https://www.wattpad.com/1643746352-planet-phoenix-chapter-3-massive-earthquake-3,2,0,0,93.01,2026-07-21T04:00:02Z
2026-07-25T09:00:29+08:00,4,1643746654,Chapter 4 massive earthquake-4,https://www.wattpad.com/1643746654-planet-phoenix-chapter-4-massive-earthquake-4,7,1,-1,79.01,2026-07-21T18:00:02Z
2026-07-25T09:00:29+08:00,5,1643747136,Chapter 5 Escape from death,https://www.wattpad.com/1643747136-planet-phoenix-chapter-5-escape-from-death,1,0,0,65.01,2026-07-22T08:00:03Z
2026-07-25T09:00:29+08:00,6,1643747955,Chapter 6：Interlude,https://www.wattpad.com/1643747955-planet-phoenix-chapter-6%EF%BC%9Ainterlude,5,0,0,51.01,2026-07-22T22:00:02Z
2026-07-25T09:00:29+08:00,7,1643748308,Chapter 7：The cabin in the forest,https://www.wattpad.com/1643748308-planet-phoenix-chapter-7%EF%BC%9Athe-cabin-in-the-forest,7,0,1,37.01,2026-07-23T12:00:02Z
2026-07-25T09:00:29+08:00,8,1643748909,Chapter 8：Weird person in the train,https://www.wattpad.com/1643748909-planet-phoenix-chapter-8%EF%BC%9Aweird-person-in-the-train,2,0,0,23.01,2026-07-24T02:00:02Z
2026-07-25T09:00:29+08:00,9,1643749360,Chapter 9：Weird person-1,https://www.wattpad.com/1643749360-planet-phoenix-chapter-9%EF%BC%9Aweird-person-1,0,0,0,9.01,2026-07-24T16:00:03Z
2026-07-25T10:00:29+08:00,1,1643734560,Chapter 1 massive earthquake-1,https://www.wattpad.com/1643734560-planet-phoenix-chapter-1-massive-earthquake-1,7,0,0,122.01,2026-07-20T00:00:02Z
2026-07-25T10:00:29+08:00,2,1643743618,Chapter 2 massive earthquake-2,https://www.wattpad.com/1643743618-planet-phoenix-chapter-2-massive-earthquake-2,6,0,0,108.01,2026-07-20T14:00:02Z
2026-07-25T10:00:29+08:00,3,1643746352,Chapter 3 massive earthquake-3,https://www.wattpad.com/1643746352-planet-phoenix-chapter-3-massive-earthquake-3,2,0,0,94.01,2026-07-21T04:00:02Z
2026-07-25T10:00:29+08:00,4,1643746654,Chapter 4 massive earthquake-4,https://www.wattpad.com/1643746654-planet-phoenix-chapter-4-massive-earthquake-4,7,1,-1,80.01,2026-07-21T18:00:02Z
2026-07-25T10:00:29+08:00,5,1643747136,Chapter 5 Escape from death,https://www.wattpad.com/1643747136-planet-phoenix-chapter-5-escape-from-death,1,0,0,66.01,2026-07-22T08:00:03Z
2026-07-25T10:00:29+08:00,6,1643747955,Chapter 6：Interlude,https://www.wattpad.com/1643747955-planet-phoenix-chapter-6%EF%BC%9Ainterlude,5,0,0,52.01,2026-07-22T22:00:02Z
2026-07-25T10:00:29+08:00,7,1643748308,Chapter 7：The cabin in the forest,https://www.wattpad.com/1643748308-planet-phoenix-chapter-7%EF%BC%9Athe-cabin-in-the-forest,7,0,1,38.01,2026-07-23T12:00:02Z
2026-07-25T10:00:29+08:00,8,1643748909,Chapter 8：Weird person in the train,https://www.wattpad.com/1643748909-planet-phoenix-chapter-8%EF%BC%9Aweird-person-in-the-train,2,0,0,24.01,2026-07-24T02:00:02Z
2026-07-25T10:00:29+08:00,9,1643749360,Chapter 9：Weird person-1,https://www.wattpad.com/1643749360-planet-phoenix-chapter-9%EF%BC%9Aweird-person-1,0,0,0,10.01,2026-07-24T16:00:03Z
2026-07-25T11:00:30+08:00,1,1643734560,Chapter 1 massive earthquake-1,https://www.wattpad.com/1643734560-planet-phoenix-chapter-1-massive-earthquake-1,7,0,0,123.01,2026-07-20T00:00:02Z
2026-07-25T11:00:30+08:00,2,1643743618,Chapter 2 massive earthquake-2,https://www.wattpad.com/1643743618-planet-phoenix-chapter-2-massive-earthquake-2,6,0,0,109.01,2026-07-20T14:00:02Z
2026-07-25T11:00:30+08:00,3,1643746352,Chapter 3 massive earthquake-3,https://www.wattpad.com/1643746352-planet-phoenix-chapter-3-massive-earthquake-3,2,0,0,95.01,2026-07-21T04:00:02Z
2026-07-25T11:00:30+08:00,4,1643746654,Chapter 4 massive earthquake-4,https://www.wattpad.com/1643746654-planet-phoenix-chapter-4-massive-earthquake-4,7,1,-1,81.01,2026-07-21T18:00:02Z
2026-07-25T11:00:30+08:00,5,1643747136,Chapter 5 Escape from death,https://www.wattpad.com/1643747136-planet-phoenix-chapter-5-escape-from-death,1,0,0,67.01,2026-07-22T08:00:03Z
2026-07-25T11:00:30+08:00,6,1643747955,Chapter 6：Interlude,https://www.wattpad.com/1643747955-planet-phoenix-chapter-6%EF%BC%9Ainterlude,5,0,0,53.01,2026-07-22T22:00:02Z
2026-07-25T11:00:30+08:00,7,1643748308,Chapter 7：The cabin in the forest,https://www.wattpad.com/1643748308-planet-phoenix-chapter-7%EF%BC%9Athe-cabin-in-the-forest,7,0,1,39.01,2026-07-23T12:00:02Z
2026-07-25T11:00:30+08:00,8,1643748909,Chapter 8：Weird person in the train,https://www.wattpad.com/1643748909-planet-phoenix-chapter-8%EF%BC%9Aweird-person-in-the-train,2,0,0,25.01,2026-07-24T02:00:02Z
2026-07-25T11:00:30+08:00,9,1643749360,Chapter 9：Weird person-1,https://www.wattpad.com/1643749360-planet-phoenix-chapter-9%EF%BC%9Aweird-person-1,0,0,0,11.01,2026-07-24T16:00:03Z
2026-07-25T12:00:33+08:00,1,1643734560,Chapter 1 massive earthquake-1,https://www.wattpad.com/1643734560-planet-phoenix-chapter-1-massive-earthquake-1,7,0,0,124.01,2026-07-20T00:00:02Z
2026-07-25T12:00:33+08:00,2,1643743618,Chapter 2 massive earthquake-2,https://www.wattpad.com/1643743618-planet-phoenix-chapter-2-massive-earthquake-2,6,0,0,110.01,2026-07-20T14:00:02Z
2026-07-25T12:00:33+08:00,3,1643746352,Chapter 3 massive earthquake-3,https://www.wattpad.com/1643746352-planet-phoenix-chapter-3-massive-earthquake-3,2,0,0,96.01,2026-07-21T04:00:02Z
2026-07-25T12:00:33+08:00,4,1643746654,Chapter 4 massive earthquake-4,https://www.wattpad.com/1643746654-planet-phoenix-chapter-4-massive-earthquake-4,7,1,-1,82.01,2026-07-21T18:00:02Z
2026-07-25T12:00:33+08:00,5,1643747136,Chapter 5 Escape from death,https://www.wattpad.com/1643747136-planet-phoenix-chapter-5-escape-from-death,1,0,0,68.01,2026-07-22T08:00:03Z
2026-07-25T12:00:33+08:00,6,1643747955,Chapter 6：Interlude,https://www.wattpad.com/1643747955-planet-phoenix-chapter-6%EF%BC%9Ainterlude,5,0,0,54.01,2026-07-22T22:00:02Z
2026-07-25T12:00:33+08:00,7,1643748308,Chapter 7：The cabin in the forest,https://www.wattpad.com/1643748308-planet-phoenix-chapter-7%EF%BC%9Athe-cabin-in-the-forest,7,0,1,40.01,2026-07-23T12:00:02Z
2026-07-25T12:00:33+08:00,8,1643748909,Chapter 8：Weird person in the train,https://www.wattpad.com/1643748909-planet-phoenix-chapter-8%EF%BC%9Aweird-person-in-the-train,2,0,0,26.01,2026-07-24T02:00:02Z
2026-07-25T12:00:33+08:00,9,1643749360,Chapter 9：Weird person-1,https://www.wattpad.com/1643749360-planet-phoenix-chapter-9%EF%BC%9Aweird-person-1,0,0,0,12.01,2026-07-24T16:00:03Z
2026-07-25T13:00:35+08:00,1,1643734560,Chapter 1 massive earthquake-1,https://www.wattpad.com/1643734560-planet-phoenix-chapter-1-massive-earthquake-1,7,0,0,125.01,2026-07-20T00:00:02Z
2026-07-25T13:00:35+08:00,2,1643743618,Chapter 2 massive earthquake-2,https://www.wattpad.com/1643743618-planet-phoenix-chapter-2-massive-earthquake-2,6,0,0,111.01,2026-07-20T14:00:02Z
2026-07-25T13:00:35+08:00,3,1643746352,Chapter 3 massive earthquake-3,https://www.wattpad.com/1643746352-planet-phoenix-chapter-3-massive-earthquake-3,2,0,0,97.01,2026-07-21T04:00:02Z
2026-07-25T13:00:35+08:00,4,1643746654,Chapter 4 massive earthquake-4,https://www.wattpad.com/1643746654-planet-phoenix-chapter-4-massive-earthquake-4,7,1,-1,83.01,2026-07-21T18:00:02Z
2026-07-25T13:00:35+08:00,5,1643747136,Chapter 5 Escape from death,https://www.wattpad.com/1643747136-planet-phoenix-chapter-5-escape-from-death,1,0,0,69.01,2026-07-22T08:00:03Z
2026-07-25T13:00:35+08:00,6,1643747955,Chapter 6：Interlude,https://www.wattpad.com/1643747955-planet-phoenix-chapter-6%EF%BC%9Ainterlude,5,0,0,55.01,2026-07-22T22:00:02Z
2026-07-25T13:00:35+08:00,7,1643748308,Chapter 7：The cabin in the forest,https://www.wattpad.com/1643748308-planet-phoenix-chapter-7%EF%BC%9Athe-cabin-in-the-forest,7,0,1,41.01,2026-07-23T12:00:02Z
2026-07-25T13:00:35+08:00,8,1643748909,Chapter 8：Weird person in the train,https://www.wattpad.com/1643748909-planet-phoenix-chapter-8%EF%BC%9Aweird-person-in-the-train,2,0,0,27.01,2026-07-24T02:00:02Z
2026-07-25T13:00:35+08:00,9,1643749360,Chapter 9：Weird person-1,https://www.wattpad.com/1643749360-planet-phoenix-chapter-9%EF%BC%9Aweird-person-1,0,0,0,13.01,2026-07-24T16:00:03Z
2026-07-25T14:00:30+08:00,1,1643734560,Chapter 1 massive earthquake-1,https://www.wattpad.com/1643734560-planet-phoenix-chapter-1-massive-earthquake-1,7,0,0,126.01,2026-07-20T00:00:02Z
2026-07-25T14:00:30+08:00,2,1643743618,Chapter 2 massive earthquake-2,https://www.wattpad.com/1643743618-planet-phoenix-chapter-2-massive-earthquake-2,6,0,0,112.01,2026-07-20T14:00:02Z
2026-07-25T14:00:30+08:00,3,1643746352,Chapter 3 massive earthquake-3,https://www.wattpad.com/1643746352-planet-phoenix-chapter-3-massive-earthquake-3,2,0,0,98.01,2026-07-21T04:00:02Z
2026-07-25T14:00:30+08:00,4,1643746654,Chapter 4 massive earthquake-4,https://www.wattpad.com/1643746654-planet-phoenix-chapter-4-massive-earthquake-4,7,1,-1,84.01,2026-07-21T18:00:02Z
2026-07-25T14:00:30+08:00,5,1643747136,Chapter 5 Escape from death,https://www.wattpad.com/1643747136-planet-phoenix-chapter-5-escape-from-death,1,0,0,70.01,2026-07-22T08:00:03Z
2026-07-25T14:00:30+08:00,6,1643747955,Chapter 6：Interlude,https://www.wattpad.com/1643747955-planet-phoenix-chapter-6%EF%BC%9Ainterlude,5,0,0,56.01,2026-07-22T22:00:02Z
2026-07-25T14:00:30+08:00,7,1643748308,Chapter 7：The cabin in the forest,https://www.wattpad.com/1643748308-planet-phoenix-chapter-7%EF%BC%9Athe-cabin-in-the-forest,7,0,1,42.01,2026-07-23T12:00:02Z
2026-07-25T14:00:30+08:00,8,1643748909,Chapter 8：Weird person in the train,https://www.wattpad.com/1643748909-planet-phoenix-chapter-8%EF%BC%9Aweird-person-in-the-train,2,0,0,28.01,2026-07-24T02:00:02Z
2026-07-25T14:00:30+08:00,9,1643749360,Chapter 9：Weird person-1,https://www.wattpad.com/1643749360-planet-phoenix-chapter-9%EF%BC%9Aweird-person-1,0,0,0,14.01,2026-07-24T16:00:03Z
2026-07-25T14:00:30+08:00,10,1643749998,Chapter 10：Weird person-2,https://www.wattpad.com/1643749998-planet-phoenix-chapter-10%EF%BC%9Aweird-person-2,0,0,0,0.01,2026-07-25T06:00:02Z
2026-07-25T15:00:33+08:00,1,1643734560,Chapter 1 massive earthquake-1,https://www.wattpad.com/1643734560-planet-phoenix-chapter-1-massive-earthquake-1,7,0,0,127.01,2026-07-20T00:00:02Z
2026-07-25T15:00:33+08:00,2,1643743618,Chapter 2 massive earthquake-2,https://www.wattpad.com/1643743618-planet-phoenix-chapter-2-massive-earthquake-2,6,0,0,113.01,2026-07-20T14:00:02Z
2026-07-25T15:00:33+08:00,3,1643746352,Chapter 3 massive earthquake-3,https://www.wattpad.com/1643746352-planet-phoenix-chapter-3-massive-earthquake-3,2,0,0,99.01,2026-07-21T04:00:02Z
2026-07-25T15:00:33+08:00,4,1643746654,Chapter 4 massive earthquake-4,https://www.wattpad.com/1643746654-planet-phoenix-chapter-4-massive-earthquake-4,7,1,-1,85.01,2026-07-21T18:00:02Z
2026-07-25T15:00:33+08:00,5,1643747136,Chapter 5 Escape from death,https://www.wattpad.com/1643747136-planet-phoenix-chapter-5-escape-from-death,1,0,0,71.01,2026-07-22T08:00:03Z
2026-07-25T15:00:33+08:00,6,1643747955,Chapter 6：Interlude,https://www.wattpad.com/1643747955-planet-phoenix-chapter-6%EF%BC%9Ainterlude,5,0,0,57.01,2026-07-22T22:00:02Z
2026-07-25T15:00:33+08:00,7,1643748308,Chapter 7：The cabin in the forest,https://www.wattpad.com/1643748308-planet-phoenix-chapter-7%EF%BC%9Athe-cabin-in-the-forest,7,0,1,43.01,2026-07-23T12:00:02Z
2026-07-25T15:00:33+08:00,8,1643748909,Chapter 8：Weird person in the train,https://www.wattpad.com/1643748909-planet-phoenix-chapter-8%EF%BC%9Aweird-person-in-the-train,2,0,0,29.01,2026-07-24T02:00:02Z
2026-07-25T15:00:33+08:00,9,1643749360,Chapter 9：Weird person-1,https://www.wattpad.com/1643749360-planet-phoenix-chapter-9%EF%BC%9Aweird-person-1,0,0,0,15.01,2026-07-24T16:00:03Z
2026-07-25T15:00:33+08:00,10,1643749998,Chapter 10：Weird person-2,https://www.wattpad.com/1643749998-planet-phoenix-chapter-10%EF%BC%9Aweird-person-2,0,0,0,1.01,2026-07-25T06:00:02Z
2026-07-25T16:00:31+08:00,1,1643734560,Chapter 1 massive earthquake-1,https://www.wattpad.com/1643734560-planet-phoenix-chapter-1-massive-earthquake-1,7,0,0,128.01,2026-07-20T00:00:02Z
2026-07-25T16:00:31+08:00,2,1643743618,Chapter 2 massive earthquake-2,https://www.wattpad.com/1643743618-planet-phoenix-chapter-2-massive-earthquake-2,6,0,0,114.01,2026-07-20T14:00:02Z
2026-07-25T16:00:31+08:00,3,1643746352,Chapter 3 massive earthquake-3,https://www.wattpad.com/1643746352-planet-phoenix-chapter-3-massive-earthquake-3,2,0,0,100.01,2026-07-21T04:00:02Z
2026-07-25T16:00:31+08:00,4,1643746654,Chapter 4 massive earthquake-4,https://www.wattpad.com/1643746654-planet-phoenix-chapter-4-massive-earthquake-4,7,1,-1,86.01,2026-07-21T18:00:02Z
2026-07-25T16:00:31+08:00,5,1643747136,Chapter 5 Escape from death,https://www.wattpad.com/1643747136-planet-phoenix-chapter-5-escape-from-death,1,0,0,72.01,2026-07-22T08:00:03Z
2026-07-25T16:00:31+08:00,6,1643747955,Chapter 6：Interlude,https://www.wattpad.com/1643747955-planet-phoenix-chapter-6%EF%BC%9Ainterlude,5,0,0,58.01,2026-07-22T22:00:02Z
2026-07-25T16:00:31+08:00,7,1643748308,Chapter 7：The cabin in the forest,https://www.wattpad.com/1643748308-planet-phoenix-chapter-7%EF%BC%9Athe-cabin-in-the-forest,7,0,1,44.01,2026-07-23T12:00:02Z
2026-07-25T16:00:31+08:00,8,1643748909,Chapter 8：Weird person in the train,https://www.wattpad.com/1643748909-planet-phoenix-chapter-8%EF%BC%9Aweird-person-in-the-train,2,0,0,30.01,2026-07-24T02:00:02Z
2026-07-25T16:00:31+08:00,9,1643749360,Chapter 9：Weird person-1,https://www.wattpad.com/1643749360-planet-phoenix-chapter-9%EF%BC%9Aweird-person-1,0,0,0,16.01,2026-07-24T16:00:03Z
2026-07-25T16:00:31+08:00,10,1643749998,Chapter 10：Weird person-2,https://www.wattpad.com/1643749998-planet-phoenix-chapter-10%EF%BC%9Aweird-person-2,1,0,1,2.01,2026-07-25T06:00:02Z
2026-07-25T17:00:35+08:00,1,1643734560,Chapter 1 massive earthquake-1,https://www.wattpad.com/1643734560-planet-phoenix-chapter-1-massive-earthquake-1,7,0,0,129.01,2026-07-20T00:00:02Z
2026-07-25T17:00:35+08:00,2,1643743618,Chapter 2 massive earthquake-2,https://www.wattpad.com/1643743618-planet-phoenix-chapter-2-massive-earthquake-2,6,0,0,115.01,2026-07-20T14:00:02Z
2026-07-25T17:00:35+08:00,3,1643746352,Chapter 3 massive earthquake-3,https://www.wattpad.com/1643746352-planet-phoenix-chapter-3-massive-earthquake-3,2,0,0,101.01,2026-07-21T04:00:02Z
2026-07-25T17:00:35+08:00,4,1643746654,Chapter 4 massive earthquake-4,https://www.wattpad.com/1643746654-planet-phoenix-chapter-4-massive-earthquake-4,7,1,-1,87.01,2026-07-21T18:00:02Z
2026-07-25T17:00:35+08:00,5,1643747136,Chapter 5 Escape from death,https://www.wattpad.com/1643747136-planet-phoenix-chapter-5-escape-from-death,1,0,0,73.01,2026-07-22T08:00:03Z
2026-07-25T17:00:35+08:00,6,1643747955,Chapter 6：Interlude,https://www.wattpad.com/1643747955-planet-phoenix-chapter-6%EF%BC%9Ainterlude,5,0,0,59.01,2026-07-22T22:00:02Z
2026-07-25T17:00:35+08:00,7,1643748308,Chapter 7：The cabin in the forest,https://www.wattpad.com/1643748308-planet-phoenix-chapter-7%EF%BC%9Athe-cabin-in-the-forest,7,0,1,45.01,2026-07-23T12:00:02Z
2026-07-25T17:00:35+08:00,8,1643748909,Chapter 8：Weird person in the train,https://www.wattpad.com/1643748909-planet-phoenix-chapter-8%EF%BC%9Aweird-person-in-the-train,2,0,0,31.01,2026-07-24T02:00:02Z
2026-07-25T17:00:35+08:00,9,1643749360,Chapter 9：Weird person-1,https://www.wattpad.com/1643749360-planet-phoenix-chapter-9%EF%BC%9Aweird-person-1,0,0,0,17.01,2026-07-24T16:00:03Z
2026-07-25T17:00:35+08:00,10,1643749998,Chapter 10：Weird person-2,https://www.wattpad.com/1643749998-planet-phoenix-chapter-10%EF%BC%9Aweird-person-2,1,0,1,3.01,2026-07-25T06:00:02Z
2026-07-25T18:00:32+08:00,1,1643734560,Chapter 1 massive earthquake-1,https://www.wattpad.com/1643734560-planet-phoenix-chapter-1-massive-earthquake-1,7,0,0,130.01,2026-07-20T00:00:02Z
2026-07-25T18:00:32+08:00,2,1643743618,Chapter 2 massive earthquake-2,https://www.wattpad.com/1643743618-planet-phoenix-chapter-2-massive-earthquake-2,6,0,0,116.01,2026-07-20T14:00:02Z
2026-07-25T18:00:32+08:00,3,1643746352,Chapter 3 massive earthquake-3,https://www.wattpad.com/1643746352-planet-phoenix-chapter-3-massive-earthquake-3,2,0,0,102.01,2026-07-21T04:00:02Z
2026-07-25T18:00:32+08:00,4,1643746654,Chapter 4 massive earthquake-4,https://www.wattpad.com/1643746654-planet-phoenix-chapter-4-massive-earthquake-4,7,1,-1,88.01,2026-07-21T18:00:02Z
2026-07-25T18:00:32+08:00,5,1643747136,Chapter 5 Escape from death,https://www.wattpad.com/1643747136-planet-phoenix-chapter-5-escape-from-death,1,0,0,74.01,2026-07-22T08:00:03Z
2026-07-25T18:00:32+08:00,6,1643747955,Chapter 6：Interlude,https://www.wattpad.com/1643747955-planet-phoenix-chapter-6%EF%BC%9Ainterlude,5,0,0,60.01,2026-07-22T22:00:02Z
2026-07-25T18:00:32+08:00,7,1643748308,Chapter 7：The cabin in the forest,https://www.wattpad.com/1643748308-planet-phoenix-chapter-7%EF%BC%9Athe-cabin-in-the-forest,7,0,1,46.01,2026-07-23T12:00:02Z
2026-07-25T18:00:32+08:00,8,1643748909,Chapter 8：Weird person in the train,https://www.wattpad.com/1643748909-planet-phoenix-chapter-8%EF%BC%9Aweird-person-in-the-train,2,0,0,32.01,2026-07-24T02:00:02Z
2026-07-25T18:00:32+08:00,9,1643749360,Chapter 9：Weird person-1,https://www.wattpad.com/1643749360-planet-phoenix-chapter-9%EF%BC%9Aweird-person-1,0,0,0,18.01,2026-07-24T16:00:03Z
2026-07-25T18:00:32+08:00,10,1643749998,Chapter 10：Weird person-2,https://www.wattpad.com/1643749998-planet-phoenix-chapter-10%EF%BC%9Aweird-person-2,1,0,1,4.01,2026-07-25T06:00:02Z
2026-07-25T19:00:35+08:00,1,1643734560,Chapter 1 massive earthquake-1,https://www.wattpad.com/1643734560-planet-phoenix-chapter-1-massive-earthquake-1,7,0,0,131.01,2026-07-20T00:00:02Z
2026-07-25T19:00:35+08:00,2,1643743618,Chapter 2 massive earthquake-2,https://www.wattpad.com/1643743618-planet-phoenix-chapter-2-massive-earthquake-2,6,0,0,117.01,2026-07-20T14:00:02Z
2026-07-25T19:00:35+08:00,3,1643746352,Chapter 3 massive earthquake-3,https://www.wattpad.com/1643746352-planet-phoenix-chapter-3-massive-earthquake-3,2,0,0,103.01,2026-07-21T04:00:02Z
2026-07-25T19:00:35+08:00,4,1643746654,Chapter 4 massive earthquake-4,https://www.wattpad.com/1643746654-planet-phoenix-chapter-4-massive-earthquake-4,7,1,-1,89.01,2026-07-21T18:00:02Z
2026-07-25T19:00:35+08:00,5,1643747136,Chapter 5 Escape from death,https://www.wattpad.com/1643747136-planet-phoenix-chapter-5-escape-from-death,1,0,0,75.01,2026-07-22T08:00:03Z
2026-07-25T19:00:35+08:00,6,1643747955,Chapter 6：Interlude,https://www.wattpad.com/1643747955-planet-phoenix-chapter-6%EF%BC%9Ainterlude,5,0,0,61.01,2026-07-22T22:00:02Z
2026-07-25T19:00:35+08:00,7,1643748308,Chapter 7：The cabin in the forest,https://www.wattpad.com/1643748308-planet-phoenix-chapter-7%EF%BC%9Athe-cabin-in-the-forest,7,0,1,47.01,2026-07-23T12:00:02Z
2026-07-25T19:00:35+08:00,8,1643748909,Chapter 8：Weird person in the train,https://www.wattpad.com/1643748909-planet-phoenix-chapter-8%EF%BC%9Aweird-person-in-the-train,2,0,0,33.01,2026-07-24T02:00:02Z
2026-07-25T19:00:35+08:00,9,1643749360,Chapter 9：Weird person-1,https://www.wattpad.com/1643749360-planet-phoenix-chapter-9%EF%BC%9Aweird-person-1,0,0,0,19.01,2026-07-24T16:00:03Z
2026-07-25T19:00:35+08:00,10,1643749998,Chapter 10：Weird person-2,https://www.wattpad.com/1643749998-planet-phoenix-chapter-10%EF%BC%9Aweird-person-2,1,0,1,5.01,2026-07-25T06:00:02Z
2026-07-25T20:00:32+08:00,1,1643734560,Chapter 1 massive earthquake-1,https://www.wattpad.com/1643734560-planet-phoenix-chapter-1-massive-earthquake-1,7,0,0,132.01,2026-07-20T00:00:02Z
2026-07-25T20:00:32+08:00,2,1643743618,Chapter 2 massive earthquake-2,https://www.wattpad.com/1643743618-planet-phoenix-chapter-2-massive-earthquake-2,6,0,0,118.01,2026-07-20T14:00:02Z
2026-07-25T20:00:32+08:00,3,1643746352,Chapter 3 massive earthquake-3,https://www.wattpad.com/1643746352-planet-phoenix-chapter-3-massive-earthquake-3,2,0,0,104.01,2026-07-21T04:00:02Z
2026-07-25T20:00:32+08:00,4,1643746654,Chapter 4 massive earthquake-4,https://www.wattpad.com/1643746654-planet-phoenix-chapter-4-massive-earthquake-4,7,1,-1,90.01,2026-07-21T18:00:02Z
2026-07-25T20:00:32+08:00,5,1643747136,Chapter 5 Escape from death,https://www.wattpad.com/1643747136-planet-phoenix-chapter-5-escape-from-death,1,0,0,76.01,2026-07-22T08:00:03Z
2026-07-25T20:00:32+08:00,6,1643747955,Chapter 6：Interlude,https://www.wattpad.com/1643747955-planet-phoenix-chapter-6%EF%BC%9Ainterlude,5,0,0,62.01,2026-07-22T22:00:02Z
2026-07-25T20:00:32+08:00,7,1643748308,Chapter 7：The cabin in the forest,https://www.wattpad.com/1643748308-planet-phoenix-chapter-7%EF%BC%9Athe-cabin-in-the-forest,7,0,1,48.01,2026-07-23T12:00:02Z
2026-07-25T20:00:32+08:00,8,1643748909,Chapter 8：Weird person in the train,https://www.wattpad.com/1643748909-planet-phoenix-chapter-8%EF%BC%9Aweird-person-in-the-train,2,0,0,34.01,2026-07-24T02:00:02Z
2026-07-25T20:00:32+08:00,9,1643749360,Chapter 9：Weird person-1,https://www.wattpad.com/1643749360-planet-phoenix-chapter-9%EF%BC%9Aweird-person-1,0,0,0,20.01,2026-07-24T16:00:03Z
2026-07-25T20:00:32+08:00,10,1643749998,Chapter 10：Weird person-2,https://www.wattpad.com/1643749998-planet-phoenix-chapter-10%EF%BC%9Aweird-person-2,1,0,1,6.01,2026-07-25T06:00:02Z
2026-07-25T21:00:34+08:00,1,1643734560,Chapter 1 massive earthquake-1,https://www.wattpad.com/1643734560-planet-phoenix-chapter-1-massive-earthquake-1,7,0,0,133.01,2026-07-20T00:00:02Z
2026-07-25T21:00:34+08:00,2,1643743618,Chapter 2 massive earthquake-2,https://www.wattpad.com/1643743618-planet-phoenix-chapter-2-massive-earthquake-2,6,0,0,119.01,2026-07-20T14:00:02Z
2026-07-25T21:00:34+08:00,3,1643746352,Chapter 3 massive earthquake-3,https://www.wattpad.com/1643746352-planet-phoenix-chapter-3-massive-earthquake-3,2,0,0,105.01,2026-07-21T04:00:02Z
2026-07-25T21:00:34+08:00,4,1643746654,Chapter 4 massive earthquake-4,https://www.wattpad.com/1643746654-planet-phoenix-chapter-4-massive-earthquake-4,7,1,-1,91.01,2026-07-21T18:00:02Z
2026-07-25T21:00:34+08:00,5,1643747136,Chapter 5 Escape from death,https://www.wattpad.com/1643747136-planet-phoenix-chapter-5-escape-from-death,1,0,0,77.01,2026-07-22T08:00:03Z
2026-07-25T21:00:34+08:00,6,1643747955,Chapter 6：Interlude,https://www.wattpad.com/1643747955-planet-phoenix-chapter-6%EF%BC%9Ainterlude,5,0,0,63.01,2026-07-22T22:00:02Z
2026-07-25T21:00:34+08:00,7,1643748308,Chapter 7：The cabin in the forest,https://www.wattpad.com/1643748308-planet-phoenix-chapter-7%EF%BC%9Athe-cabin-in-the-forest,7,0,1,49.01,2026-07-23T12:00:02Z
2026-07-25T21:00:34+08:00,8,1643748909,Chapter 8：Weird person in the train,https://www.wattpad.com/1643748909-planet-phoenix-chapter-8%EF%BC%9Aweird-person-in-the-train,2,0,0,35.01,2026-07-24T02:00:02Z
2026-07-25T21:00:34+08:00,9,1643749360,Chapter 9：Weird person-1,https://www.wattpad.com/1643749360-planet-phoenix-chapter-9%EF%BC%9Aweird-person-1,0,0,0,21.01,2026-07-24T16:00:03Z
2026-07-25T21:00:34+08:00,10,1643749998,Chapter 10：Weird person-2,https://www.wattpad.com/1643749998-planet-phoenix-chapter-10%EF%BC%9Aweird-person-2,1,0,1,7.01,2026-07-25T06:00:02Z
2026-07-25T22:00:32+08:00,1,1643734560,Chapter 1 massive earthquake-1,https://www.wattpad.com/1643734560-planet-phoenix-chapter-1-massive-earthquake-1,7,0,0,134.01,2026-07-20T00:00:02Z
2026-07-25T22:00:32+08:00,2,1643743618,Chapter 2 massive earthquake-2,https://www.wattpad.com/1643743618-planet-phoenix-chapter-2-massive-earthquake-2,6,0,0,120.01,2026-07-20T14:00:02Z
2026-07-25T22:00:32+08:00,3,1643746352,Chapter 3 massive earthquake-3,https://www.wattpad.com/1643746352-planet-phoenix-chapter-3-massive-earthquake-3,2,0,0,106.01,2026-07-21T04:00:02Z
2026-07-25T22:00:32+08:00,4,1643746654,Chapter 4 massive earthquake-4,https://www.wattpad.com/1643746654-planet-phoenix-chapter-4-massive-earthquake-4,7,1,-1,92.01,2026-07-21T18:00:02Z
2026-07-25T22:00:32+08:00,5,1643747136,Chapter 5 Escape from death,https://www.wattpad.com/1643747136-planet-phoenix-chapter-5-escape-from-death,1,0,0,78.01,2026-07-22T08:00:03Z
2026-07-25T22:00:32+08:00,6,1643747955,Chapter 6：Interlude,https://www.wattpad.com/1643747955-planet-phoenix-chapter-6%EF%BC%9Ainterlude,5,0,0,64.01,2026-07-22T22:00:02Z
2026-07-25T22:00:32+08:00,7,1643748308,Chapter 7：The cabin in the forest,https://www.wattpad.com/1643748308-planet-phoenix-chapter-7%EF%BC%9Athe-cabin-in-the-forest,7,0,1,50.01,2026-07-23T12:00:02Z
2026-07-25T22:00:32+08:00,8,1643748909,Chapter 8：Weird person in the train,https://www.wattpad.com/1643748909-planet-phoenix-chapter-8%EF%BC%9Aweird-person-in-the-train,2,0,0,36.01,2026-07-24T02:00:02Z
2026-07-25T22:00:32+08:00,9,1643749360,Chapter 9：Weird person-1,https://www.wattpad.com/1643749360-planet-phoenix-chapter-9%EF%BC%9Aweird-person-1,0,0,0,22.01,2026-07-24T16:00:03Z
2026-07-25T22:00:32+08:00,10,1643749998,Chapter 10：Weird person-2,https://www.wattpad.com/1643749998-planet-phoenix-chapter-10%EF%BC%9Aweird-person-2,1,0,1,8.01,2026-07-25T06:00:02Z
2026-07-25T23:00:32+08:00,1,1643734560,Chapter 1 massive earthquake-1,https://www.wattpad.com/1643734560-planet-phoenix-chapter-1-massive-earthquake-1,7,0,0,135.01,2026-07-20T00:00:02Z
2026-07-25T23:00:32+08:00,2,1643743618,Chapter 2 massive earthquake-2,https://www.wattpad.com/1643743618-planet-phoenix-chapter-2-massive-earthquake-2,6,0,0,121.01,2026-07-20T14:00:02Z
2026-07-25T23:00:32+08:00,3,1643746352,Chapter 3 massive earthquake-3,https://www.wattpad.com/1643746352-planet-phoenix-chapter-3-massive-earthquake-3,2,0,0,107.01,2026-07-21T04:00:02Z
2026-07-25T23:00:32+08:00,4,1643746654,Chapter 4 massive earthquake-4,https://www.wattpad.com/1643746654-planet-phoenix-chapter-4-massive-earthquake-4,7,1,-1,93.01,2026-07-21T18:00:02Z
2026-07-25T23:00:32+08:00,5,1643747136,Chapter 5 Escape from death,https://www.wattpad.com/1643747136-planet-phoenix-chapter-5-escape-from-death,1,0,0,79.01,2026-07-22T08:00:03Z
2026-07-25T23:00:32+08:00,6,1643747955,Chapter 6：Interlude,https://www.wattpad.com/1643747955-planet-phoenix-chapter-6%EF%BC%9Ainterlude,5,0,0,65.01,2026-07-22T22:00:02Z
2026-07-25T23:00:32+08:00,7,1643748308,Chapter 7：The cabin in the forest,https://www.wattpad.com/1643748308-planet-phoenix-chapter-7%EF%BC%9Athe-cabin-in-the-forest,7,0,1,51.01,2026-07-23T12:00:02Z
2026-07-25T23:00:32+08:00,8,1643748909,Chapter 8：Weird person in the train,https://www.wattpad.com/1643748909-planet-phoenix-chapter-8%EF%BC%9Aweird-person-in-the-train,2,0,0,37.01,2026-07-24T02:00:02Z
2026-07-25T23:00:32+08:00,9,1643749360,Chapter 9：Weird person-1,https://www.wattpad.com/1643749360-planet-phoenix-chapter-9%EF%BC%9Aweird-person-1,0,0,0,23.01,2026-07-24T16:00:03Z
2026-07-25T23:00:32+08:00,10,1643749998,Chapter 10：Weird person-2,https://www.wattpad.com/1643749998-planet-phoenix-chapter-10%EF%BC%9Aweird-person-2,2,0,1,9.01,2026-07-25T06:00:02Z
2026-07-26T00:00:30+08:00,1,1643734560,Chapter 1 massive earthquake-1,https://www.wattpad.com/1643734560-planet-phoenix-chapter-1-massive-earthquake-1,7,0,0,136.01,2026-07-20T00:00:02Z
2026-07-26T00:00:30+08:00,2,1643743618,Chapter 2 massive earthquake-2,https://www.wattpad.com/1643743618-planet-phoenix-chapter-2-massive-earthquake-2,6,0,0,122.01,2026-07-20T14:00:02Z
2026-07-26T00:00:30+08:00,3,1643746352,Chapter 3 massive earthquake-3,https://www.wattpad.com/1643746352-planet-phoenix-chapter-3-massive-earthquake-3,2,0,0,108.01,2026-07-21T04:00:02Z
2026-07-26T00:00:30+08:00,4,1643746654,Chapter 4 massive earthquake-4,https://www.wattpad.com/1643746654-planet-phoenix-chapter-4-massive-earthquake-4,7,1,-1,94.01,2026-07-21T18:00:02Z
2026-07-26T00:00:30+08:00,5,1643747136,Chapter 5 Escape from death,https://www.wattpad.com/1643747136-planet-phoenix-chapter-5-escape-from-death,1,0,0,80.01,2026-07-22T08:00:03Z
2026-07-26T00:00:30+08:00,6,1643747955,Chapter 6：Interlude,https://www.wattpad.com/1643747955-planet-phoenix-chapter-6%EF%BC%9Ainterlude,5,0,0,66.01,2026-07-22T22:00:02Z
2026-07-26T00:00:30+08:00,7,1643748308,Chapter 7：The cabin in the forest,https://www.wattpad.com/1643748308-planet-phoenix-chapter-7%EF%BC%9Athe-cabin-in-the-forest,7,0,1,52.01,2026-07-23T12:00:02Z
2026-07-26T00:00:30+08:00,8,1643748909,Chapter 8：Weird person in the train,https://www.wattpad.com/1643748909-planet-phoenix-chapter-8%EF%BC%9Aweird-person-in-the-train,2,0,0,38.01,2026-07-24T02:00:02Z
2026-07-26T00:00:30+08:00,9,1643749360,Chapter 9：Weird person-1,https://www.wattpad.com/1643749360-planet-phoenix-chapter-9%EF%BC%9Aweird-person-1,0,0,0,24.01,2026-07-24T16:00:03Z
2026-07-26T00:00:30+08:00,10,1643749998,Chapter 10：Weird person-2,https://www.wattpad.com/1643749998-planet-phoenix-chapter-10%EF%BC%9Aweird-person-2,2,0,1,10.01,2026-07-25T06:00:02Z
2026-07-26T01:00:28+08:00,1,1643734560,Chapter 1 massive earthquake-1,https://www.wattpad.com/1643734560-planet-phoenix-chapter-1-massive-earthquake-1,7,0,0,137.01,2026-07-20T00:00:02Z
2026-07-26T01:00:28+08:00,2,1643743618,Chapter 2 massive earthquake-2,https://www.wattpad.com/1643743618-planet-phoenix-chapter-2-massive-earthquake-2,6,0,0,123.01,2026-07-20T14:00:02Z
2026-07-26T01:00:28+08:00,3,1643746352,Chapter 3 massive earthquake-3,https://www.wattpad.com/1643746352-planet-phoenix-chapter-3-massive-earthquake-3,2,0,0,109.01,2026-07-21T04:00:02Z
2026-07-26T01:00:28+08:00,4,1643746654,Chapter 4 massive earthquake-4,https://www.wattpad.com/1643746654-planet-phoenix-chapter-4-massive-earthquake-4,7,1,-1,95.01,2026-07-21T18:00:02Z
2026-07-26T01:00:28+08:00,5,1643747136,Chapter 5 Escape from death,https://www.wattpad.com/1643747136-planet-phoenix-chapter-5-escape-from-death,1,0,0,81.01,2026-07-22T08:00:03Z
2026-07-26T01:00:28+08:00,6,1643747955,Chapter 6：Interlude,https://www.wattpad.com/1643747955-planet-phoenix-chapter-6%EF%BC%9Ainterlude,5,0,0,67.01,2026-07-22T22:00:02Z
2026-07-26T01:00:28+08:00,7,1643748308,Chapter 7：The cabin in the forest,https://www.wattpad.com/1643748308-planet-phoenix-chapter-7%EF%BC%9Athe-cabin-in-the-forest,7,0,1,53.01,2026-07-23T12:00:02Z
2026-07-26T01:00:28+08:00,8,1643748909,Chapter 8：Weird person in the train,https://www.wattpad.com/1643748909-planet-phoenix-chapter-8%EF%BC%9Aweird-person-in-the-train,2,0,0,39.01,2026-07-24T02:00:02Z
2026-07-26T01:00:28+08:00,9,1643749360,Chapter 9：Weird person-1,https://www.wattpad.com/1643749360-planet-phoenix-chapter-9%EF%BC%9Aweird-person-1,0,0,0,25.01,2026-07-24T16:00:03Z
2026-07-26T01:00:28+08:00,10,1643749998,Chapter 10：Weird person-2,https://www.wattpad.com/1643749998-planet-phoenix-chapter-10%EF%BC%9Aweird-person-2,2,0,1,11.01,2026-07-25T06:00:02Z
2026-07-26T02:00:27+08:00,1,1643734560,Chapter 1 massive earthquake-1,https://www.wattpad.com/1643734560-planet-phoenix-chapter-1-massive-earthquake-1,7,0,0,138.01,2026-07-20T00:00:02Z
2026-07-26T02:00:27+08:00,2,1643743618,Chapter 2 massive earthquake-2,https://www.wattpad.com/1643743618-planet-phoenix-chapter-2-massive-earthquake-2,6,0,0,124.01,2026-07-20T14:00:02Z
2026-07-26T02:00:27+08:00,3,1643746352,Chapter 3 massive earthquake-3,https://www.wattpad.com/1643746352-planet-phoenix-chapter-3-massive-earthquake-3,2,0,0,110.01,2026-07-21T04:00:02Z
2026-07-26T02:00:27+08:00,4,1643746654,Chapter 4 massive earthquake-4,https://www.wattpad.com/1643746654-planet-phoenix-chapter-4-massive-earthquake-4,7,1,-1,96.01,2026-07-21T18:00:02Z
2026-07-26T02:00:27+08:00,5,1643747136,Chapter 5 Escape from death,https://www.wattpad.com/1643747136-planet-phoenix-chapter-5-escape-from-death,1,0,0,82.01,2026-07-22T08:00:03Z
2026-07-26T02:00:27+08:00,6,1643747955,Chapter 6：Interlude,https://www.wattpad.com/1643747955-planet-phoenix-chapter-6%EF%BC%9Ainterlude,5,0,0,68.01,2026-07-22T22:00:02Z
2026-07-26T02:00:27+08:00,7,1643748308,Chapter 7：The cabin in the forest,https://www.wattpad.com/1643748308-planet-phoenix-chapter-7%EF%BC%9Athe-cabin-in-the-forest,7,0,1,54.01,2026-07-23T12:00:02Z
2026-07-26T02:00:27+08:00,8,1643748909,Chapter 8：Weird person in the train,https://www.wattpad.com/1643748909-planet-phoenix-chapter-8%EF%BC%9Aweird-person-in-the-train,2,0,0,40.01,2026-07-24T02:00:02Z
2026-07-26T02:00:27+08:00,9,1643749360,Chapter 9：Weird person-1,https://www.wattpad.com/1643749360-planet-phoenix-chapter-9%EF%BC%9Aweird-person-1,0,0,0,26.01,2026-07-24T16:00:03Z
2026-07-26T02:00:27+08:00,10,1643749998,Chapter 10：Weird person-2,https://www.wattpad.com/1643749998-planet-phoenix-chapter-10%EF%BC%9Aweird-person-2,2,0,1,12.01,2026-07-25T06:00:02Z
2026-07-26T03:00:29+08:00,1,1643734560,Chapter 1 massive earthquake-1,https://www.wattpad.com/1643734560-planet-phoenix-chapter-1-massive-earthquake-1,7,0,0,139.01,2026-07-20T00:00:02Z
2026-07-26T03:00:29+08:00,2,1643743618,Chapter 2 massive earthquake-2,https://www.wattpad.com/1643743618-planet-phoenix-chapter-2-massive-earthquake-2,6,0,0,125.01,2026-07-20T14:00:02Z
2026-07-26T03:00:29+08:00,3,1643746352,Chapter 3 massive earthquake-3,https://www.wattpad.com/1643746352-planet-phoenix-chapter-3-massive-earthquake-3,2,0,0,111.01,2026-07-21T04:00:02Z
2026-07-26T03:00:29+08:00,4,1643746654,Chapter 4 massive earthquake-4,https://www.wattpad.com/1643746654-planet-phoenix-chapter-4-massive-earthquake-4,7,1,-1,97.01,2026-07-21T18:00:02Z
2026-07-26T03:00:29+08:00,5,1643747136,Chapter 5 Escape from death,https://www.wattpad.com/1643747136-planet-phoenix-chapter-5-escape-from-death,1,0,0,83.01,2026-07-22T08:00:03Z
2026-07-26T03:00:29+08:00,6,1643747955,Chapter 6：Interlude,https://www.wattpad.com/1643747955-planet-phoenix-chapter-6%EF%BC%9Ainterlude,5,0,0,69.01,2026-07-22T22:00:02Z
2026-07-26T03:00:29+08:00,7,1643748308,Chapter 7：The cabin in the forest,https://www.wattpad.com/1643748308-planet-phoenix-chapter-7%EF%BC%9Athe-cabin-in-the-forest,7,0,1,55.01,2026-07-23T12:00:02Z
2026-07-26T03:00:29+08:00,8,1643748909,Chapter 8：Weird person in the train,https://www.wattpad.com/1643748909-planet-phoenix-chapter-8%EF%BC%9Aweird-person-in-the-train,2,0,0,41.01,2026-07-24T02:00:02Z
2026-07-26T03:00:29+08:00,9,1643749360,Chapter 9：Weird person-1,https://www.wattpad.com/1643749360-planet-phoenix-chapter-9%EF%BC%9Aweird-person-1,0,0,0,27.01,2026-07-24T16:00:03Z
2026-07-26T03:00:29+08:00,10,1643749998,Chapter 10：Weird person-2,https://www.wattpad.com/1643749998-planet-phoenix-chapter-10%EF%BC%9Aweird-person-2,2,0,1,13.01,2026-07-25T06:00:02Z
2026-07-26T04:00:27+08:00,1,1643734560,Chapter 1 massive earthquake-1,https://www.wattpad.com/1643734560-planet-phoenix-chapter-1-massive-earthquake-1,7,0,0,140.01,2026-07-20T00:00:02Z
2026-07-26T04:00:27+08:00,2,1643743618,Chapter 2 massive earthquake-2,https://www.wattpad.com/1643743618-planet-phoenix-chapter-2-massive-earthquake-2,6,0,0,126.01,2026-07-20T14:00:02Z
2026-07-26T04:00:27+08:00,3,1643746352,Chapter 3 massive earthquake-3,https://www.wattpad.com/1643746352-planet-phoenix-chapter-3-massive-earthquake-3,2,0,0,112.01,2026-07-21T04:00:02Z
2026-07-26T04:00:27+08:00,4,1643746654,Chapter 4 massive earthquake-4,https://www.wattpad.com/1643746654-planet-phoenix-chapter-4-massive-earthquake-4,7,1,-1,98.01,2026-07-21T18:00:02Z
2026-07-26T04:00:27+08:00,5,1643747136,Chapter 5 Escape from death,https://www.wattpad.com/1643747136-planet-phoenix-chapter-5-escape-from-death,1,0,0,84.01,2026-07-22T08:00:03Z
2026-07-26T04:00:27+08:00,6,1643747955,Chapter 6：Interlude,https://www.wattpad.com/1643747955-planet-phoenix-chapter-6%EF%BC%9Ainterlude,5,0,0,70.01,2026-07-22T22:00:02Z
2026-07-26T04:00:27+08:00,7,1643748308,Chapter 7：The cabin in the forest,https://www.wattpad.com/1643748308-planet-phoenix-chapter-7%EF%BC%9Athe-cabin-in-the-forest,7,0,1,56.01,2026-07-23T12:00:02Z
2026-07-26T04:00:27+08:00,8,1643748909,Chapter 8：Weird person in the train,https://www.wattpad.com/1643748909-planet-phoenix-chapter-8%EF%BC%9Aweird-person-in-the-train,2,0,0,42.01,2026-07-24T02:00:02Z
2026-07-26T04:00:27+08:00,9,1643749360,Chapter 9：Weird person-1,https://www.wattpad.com/1643749360-planet-phoenix-chapter-9%EF%BC%9Aweird-person-1,0,0,0,28.01,2026-07-24T16:00:03Z
2026-07-26T04:00:27+08:00,10,1643749998,Chapter 10：Weird person-2,https://www.wattpad.com/1643749998-planet-phoenix-chapter-10%EF%BC%9Aweird-person-2,2,0,1,14.01,2026-07-25T06:00:02Z
2026-07-26T04:00:27+08:00,11,1643750323,Chapter 11：Weird person-3,https://www.wattpad.com/1643750323-planet-phoenix-chapter-11%EF%BC%9Aweird-person-3,0,0,0,0.01,2026-07-25T20:00:02Z
2026-07-26T05:00:30+08:00,1,1643734560,Chapter 1 massive earthquake-1,https://www.wattpad.com/1643734560-planet-phoenix-chapter-1-massive-earthquake-1,7,0,0,141.01,2026-07-20T00:00:02Z
2026-07-26T05:00:30+08:00,2,1643743618,Chapter 2 massive earthquake-2,https://www.wattpad.com/1643743618-planet-phoenix-chapter-2-massive-earthquake-2,6,0,0,127.01,2026-07-20T14:00:02Z
2026-07-26T05:00:30+08:00,3,1643746352,Chapter 3 massive earthquake-3,https://www.wattpad.com/1643746352-planet-phoenix-chapter-3-massive-earthquake-3,2,0,0,113.01,2026-07-21T04:00:02Z
2026-07-26T05:00:30+08:00,4,1643746654,Chapter 4 massive earthquake-4,https://www.wattpad.com/1643746654-planet-phoenix-chapter-4-massive-earthquake-4,7,1,-1,99.01,2026-07-21T18:00:02Z
2026-07-26T05:00:30+08:00,5,1643747136,Chapter 5 Escape from death,https://www.wattpad.com/1643747136-planet-phoenix-chapter-5-escape-from-death,1,0,0,85.01,2026-07-22T08:00:03Z
2026-07-26T05:00:30+08:00,6,1643747955,Chapter 6：Interlude,https://www.wattpad.com/1643747955-planet-phoenix-chapter-6%EF%BC%9Ainterlude,5,0,0,71.01,2026-07-22T22:00:02Z
2026-07-26T05:00:30+08:00,7,1643748308,Chapter 7：The cabin in the forest,https://www.wattpad.com/1643748308-planet-phoenix-chapter-7%EF%BC%9Athe-cabin-in-the-forest,7,0,1,57.01,2026-07-23T12:00:02Z
2026-07-26T05:00:30+08:00,8,1643748909,Chapter 8：Weird person in the train,https://www.wattpad.com/1643748909-planet-phoenix-chapter-8%EF%BC%9Aweird-person-in-the-train,2,0,0,43.01,2026-07-24T02:00:02Z
2026-07-26T05:00:30+08:00,9,1643749360,Chapter 9：Weird person-1,https://www.wattpad.com/1643749360-planet-phoenix-chapter-9%EF%BC%9Aweird-person-1,0,0,0,29.01,2026-07-24T16:00:03Z
2026-07-26T05:00:30+08:00,10,1643749998,Chapter 10：Weird person-2,https://www.wattpad.com/1643749998-planet-phoenix-chapter-10%EF%BC%9Aweird-person-2,2,0,1,15.01,2026-07-25T06:00:02Z
2026-07-26T05:00:30+08:00,11,1643750323,Chapter 11：Weird person-3,https://www.wattpad.com/1643750323-planet-phoenix-chapter-11%EF%BC%9Aweird-person-3,0,0,0,1.01,2026-07-25T20:00:02Z
2026-07-26T06:00:28+08:00,1,1643734560,Chapter 1 massive earthquake-1,https://www.wattpad.com/1643734560-planet-phoenix-chapter-1-massive-earthquake-1,7,0,0,142.01,2026-07-20T00:00:02Z
2026-07-26T06:00:28+08:00,2,1643743618,Chapter 2 massive earthquake-2,https://www.wattpad.com/1643743618-planet-phoenix-chapter-2-massive-earthquake-2,6,0,0,128.01,2026-07-20T14:00:02Z
2026-07-26T06:00:28+08:00,3,1643746352,Chapter 3 massive earthquake-3,https://www.wattpad.com/1643746352-planet-phoenix-chapter-3-massive-earthquake-3,2,0,0,114.01,2026-07-21T04:00:02Z
2026-07-26T06:00:28+08:00,4,1643746654,Chapter 4 massive earthquake-4,https://www.wattpad.com/1643746654-planet-phoenix-chapter-4-massive-earthquake-4,7,1,-1,100.01,2026-07-21T18:00:02Z
2026-07-26T06:00:28+08:00,5,1643747136,Chapter 5 Escape from death,https://www.wattpad.com/1643747136-planet-phoenix-chapter-5-escape-from-death,1,0,0,86.01,2026-07-22T08:00:03Z
2026-07-26T06:00:28+08:00,6,1643747955,Chapter 6：Interlude,https://www.wattpad.com/1643747955-planet-phoenix-chapter-6%EF%BC%9Ainterlude,5,0,0,72.01,2026-07-22T22:00:02Z
2026-07-26T06:00:28+08:00,7,1643748308,Chapter 7：The cabin in the forest,https://www.wattpad.com/1643748308-planet-phoenix-chapter-7%EF%BC%9Athe-cabin-in-the-forest,7,0,1,58.01,2026-07-23T12:00:02Z
2026-07-26T06:00:28+08:00,8,1643748909,Chapter 8：Weird person in the train,https://www.wattpad.com/1643748909-planet-phoenix-chapter-8%EF%BC%9Aweird-person-in-the-train,2,0,0,44.01,2026-07-24T02:00:02Z
2026-07-26T06:00:28+08:00,9,1643749360,Chapter 9：Weird person-1,https://www.wattpad.com/1643749360-planet-phoenix-chapter-9%EF%BC%9Aweird-person-1,0,0,0,30.01,2026-07-24T16:00:03Z
2026-07-26T06:00:28+08:00,10,1643749998,Chapter 10：Weird person-2,https://www.wattpad.com/1643749998-planet-phoenix-chapter-10%EF%BC%9Aweird-person-2,2,0,1,16.01,2026-07-25T06:00:02Z
2026-07-26T06:00:28+08:00,11,1643750323,Chapter 11：Weird person-3,https://www.wattpad.com/1643750323-planet-phoenix-chapter-11%EF%BC%9Aweird-person-3,0,0,0,2.01,2026-07-25T20:00:02Z
2026-07-26T07:00:30+08:00,1,1643734560,Chapter 1 massive earthquake-1,https://www.wattpad.com/1643734560-planet-phoenix-chapter-1-massive-earthquake-1,7,0,0,143.01,2026-07-20T00:00:02Z
2026-07-26T07:00:30+08:00,2,1643743618,Chapter 2 massive earthquake-2,https://www.wattpad.com/1643743618-planet-phoenix-chapter-2-massive-earthquake-2,6,0,0,129.01,2026-07-20T14:00:02Z
2026-07-26T07:00:30+08:00,3,1643746352,Chapter 3 massive earthquake-3,https://www.wattpad.com/1643746352-planet-phoenix-chapter-3-massive-earthquake-3,2,0,0,115.01,2026-07-21T04:00:02Z
2026-07-26T07:00:30+08:00,4,1643746654,Chapter 4 massive earthquake-4,https://www.wattpad.com/1643746654-planet-phoenix-chapter-4-massive-earthquake-4,7,1,-1,101.01,2026-07-21T18:00:02Z
2026-07-26T07:00:30+08:00,5,1643747136,Chapter 5 Escape from death,https://www.wattpad.com/1643747136-planet-phoenix-chapter-5-escape-from-death,1,0,0,87.01,2026-07-22T08:00:03Z
2026-07-26T07:00:30+08:00,6,1643747955,Chapter 6：Interlude,https://www.wattpad.com/1643747955-planet-phoenix-chapter-6%EF%BC%9Ainterlude,5,0,0,73.01,2026-07-22T22:00:02Z
2026-07-26T07:00:30+08:00,7,1643748308,Chapter 7：The cabin in the forest,https://www.wattpad.com/1643748308-planet-phoenix-chapter-7%EF%BC%9Athe-cabin-in-the-forest,7,0,1,59.01,2026-07-23T12:00:02Z
2026-07-26T07:00:30+08:00,8,1643748909,Chapter 8：Weird person in the train,https://www.wattpad.com/1643748909-planet-phoenix-chapter-8%EF%BC%9Aweird-person-in-the-train,2,0,0,45.01,2026-07-24T02:00:02Z
2026-07-26T07:00:30+08:00,9,1643749360,Chapter 9：Weird person-1,https://www.wattpad.com/1643749360-planet-phoenix-chapter-9%EF%BC%9Aweird-person-1,0,0,0,31.01,2026-07-24T16:00:03Z
2026-07-26T07:00:30+08:00,10,1643749998,Chapter 10：Weird person-2,https://www.wattpad.com/1643749998-planet-phoenix-chapter-10%EF%BC%9Aweird-person-2,2,0,1,17.01,2026-07-25T06:00:02Z
2026-07-26T07:00:30+08:00,11,1643750323,Chapter 11：Weird person-3,https://www.wattpad.com/1643750323-planet-phoenix-chapter-11%EF%BC%9Aweird-person-3,0,0,0,3.01,2026-07-25T20:00:02Z
2026-07-26T08:00:32+08:00,1,1643734560,Chapter 1 massive earthquake-1,https://www.wattpad.com/1643734560-planet-phoenix-chapter-1-massive-earthquake-1,7,0,0,144.01,2026-07-20T00:00:02Z
2026-07-26T08:00:32+08:00,2,1643743618,Chapter 2 massive earthquake-2,https://www.wattpad.com/1643743618-planet-phoenix-chapter-2-massive-earthquake-2,6,0,0,130.01,2026-07-20T14:00:02Z
2026-07-26T08:00:32+08:00,3,1643746352,Chapter 3 massive earthquake-3,https://www.wattpad.com/1643746352-planet-phoenix-chapter-3-massive-earthquake-3,2,0,0,116.01,2026-07-21T04:00:02Z
2026-07-26T08:00:32+08:00,4,1643746654,Chapter 4 massive earthquake-4,https://www.wattpad.com/1643746654-planet-phoenix-chapter-4-massive-earthquake-4,7,1,-1,102.01,2026-07-21T18:00:02Z
2026-07-26T08:00:32+08:00,5,1643747136,Chapter 5 Escape from death,https://www.wattpad.com/1643747136-planet-phoenix-chapter-5-escape-from-death,1,0,0,88.01,2026-07-22T08:00:03Z
2026-07-26T08:00:32+08:00,6,1643747955,Chapter 6：Interlude,https://www.wattpad.com/1643747955-planet-phoenix-chapter-6%EF%BC%9Ainterlude,5,0,0,74.01,2026-07-22T22:00:02Z
2026-07-26T08:00:32+08:00,7,1643748308,Chapter 7：The cabin in the forest,https://www.wattpad.com/1643748308-planet-phoenix-chapter-7%EF%BC%9Athe-cabin-in-the-forest,7,0,1,60.01,2026-07-23T12:00:02Z
2026-07-26T08:00:32+08:00,8,1643748909,Chapter 8：Weird person in the train,https://www.wattpad.com/1643748909-planet-phoenix-chapter-8%EF%BC%9Aweird-person-in-the-train,3,0,0,46.01,2026-07-24T02:00:02Z
2026-07-26T08:00:32+08:00,9,1643749360,Chapter 9：Weird person-1,https://www.wattpad.com/1643749360-planet-phoenix-chapter-9%EF%BC%9Aweird-person-1,0,0,0,32.01,2026-07-24T16:00:03Z
2026-07-26T08:00:32+08:00,10,1643749998,Chapter 10：Weird person-2,https://www.wattpad.com/1643749998-planet-phoenix-chapter-10%EF%BC%9Aweird-person-2,3,0,1,18.01,2026-07-25T06:00:02Z
2026-07-26T08:00:32+08:00,11,1643750323,Chapter 11：Weird person-3,https://www.wattpad.com/1643750323-planet-phoenix-chapter-11%EF%BC%9Aweird-person-3,1,0,0,4.01,2026-07-25T20:00:02Z
2026-07-26T09:00:26+08:00,1,1643734560,Chapter 1 massive earthquake-1,https://www.wattpad.com/1643734560-planet-phoenix-chapter-1-massive-earthquake-1,7,0,0,145.01,2026-07-20T00:00:02Z
2026-07-26T09:00:26+08:00,2,1643743618,Chapter 2 massive earthquake-2,https://www.wattpad.com/1643743618-planet-phoenix-chapter-2-massive-earthquake-2,7,0,0,131.01,2026-07-20T14:00:02Z
2026-07-26T09:00:26+08:00,3,1643746352,Chapter 3 massive earthquake-3,https://www.wattpad.com/1643746352-planet-phoenix-chapter-3-massive-earthquake-3,2,0,0,117.01,2026-07-21T04:00:02Z
2026-07-26T09:00:26+08:00,4,1643746654,Chapter 4 massive earthquake-4,https://www.wattpad.com/1643746654-planet-phoenix-chapter-4-massive-earthquake-4,7,1,-1,103.01,2026-07-21T18:00:02Z
2026-07-26T09:00:26+08:00,5,1643747136,Chapter 5 Escape from death,https://www.wattpad.com/1643747136-planet-phoenix-chapter-5-escape-from-death,1,0,0,89.01,2026-07-22T08:00:03Z
2026-07-26T09:00:26+08:00,6,1643747955,Chapter 6：Interlude,https://www.wattpad.com/1643747955-planet-phoenix-chapter-6%EF%BC%9Ainterlude,5,0,0,75.01,2026-07-22T22:00:02Z
2026-07-26T09:00:26+08:00,7,1643748308,Chapter 7：The cabin in the forest,https://www.wattpad.com/1643748308-planet-phoenix-chapter-7%EF%BC%9Athe-cabin-in-the-forest,7,0,1,61.01,2026-07-23T12:00:02Z
2026-07-26T09:00:26+08:00,8,1643748909,Chapter 8：Weird person in the train,https://www.wattpad.com/1643748909-planet-phoenix-chapter-8%EF%BC%9Aweird-person-in-the-train,3,0,0,47.01,2026-07-24T02:00:02Z
2026-07-26T09:00:26+08:00,9,1643749360,Chapter 9：Weird person-1,https://www.wattpad.com/1643749360-planet-phoenix-chapter-9%EF%BC%9Aweird-person-1,0,0,0,33.01,2026-07-24T16:00:03Z
2026-07-26T09:00:26+08:00,10,1643749998,Chapter 10：Weird person-2,https://www.wattpad.com/1643749998-planet-phoenix-chapter-10%EF%BC%9Aweird-person-2,3,0,1,19.01,2026-07-25T06:00:02Z
2026-07-26T09:00:26+08:00,11,1643750323,Chapter 11：Weird person-3,https://www.wattpad.com/1643750323-planet-phoenix-chapter-11%EF%BC%9Aweird-person-3,1,0,0,5.01,2026-07-25T20:00:02Z
2026-07-26T10:00:28+08:00,1,1643734560,Chapter 1 massive earthquake-1,https://www.wattpad.com/1643734560-planet-phoenix-chapter-1-massive-earthquake-1,8,0,0,146.01,2026-07-20T00:00:02Z
2026-07-26T10:00:28+08:00,2,1643743618,Chapter 2 massive earthquake-2,https://www.wattpad.com/1643743618-planet-phoenix-chapter-2-massive-earthquake-2,8,0,0,132.01,2026-07-20T14:00:02Z
2026-07-26T10:00:28+08:00,3,1643746352,Chapter 3 massive earthquake-3,https://www.wattpad.com/1643746352-planet-phoenix-chapter-3-massive-earthquake-3,3,0,0,118.01,2026-07-21T04:00:02Z
2026-07-26T10:00:28+08:00,4,1643746654,Chapter 4 massive earthquake-4,https://www.wattpad.com/1643746654-planet-phoenix-chapter-4-massive-earthquake-4,7,1,-1,104.01,2026-07-21T18:00:02Z
2026-07-26T10:00:28+08:00,5,1643747136,Chapter 5 Escape from death,https://www.wattpad.com/1643747136-planet-phoenix-chapter-5-escape-from-death,1,0,0,90.01,2026-07-22T08:00:03Z
2026-07-26T10:00:28+08:00,6,1643747955,Chapter 6：Interlude,https://www.wattpad.com/1643747955-planet-phoenix-chapter-6%EF%BC%9Ainterlude,5,0,0,76.01,2026-07-22T22:00:02Z
2026-07-26T10:00:28+08:00,7,1643748308,Chapter 7：The cabin in the forest,https://www.wattpad.com/1643748308-planet-phoenix-chapter-7%EF%BC%9Athe-cabin-in-the-forest,7,0,1,62.01,2026-07-23T12:00:02Z
2026-07-26T10:00:28+08:00,8,1643748909,Chapter 8：Weird person in the train,https://www.wattpad.com/1643748909-planet-phoenix-chapter-8%EF%BC%9Aweird-person-in-the-train,3,0,0,48.01,2026-07-24T02:00:02Z
2026-07-26T10:00:28+08:00,9,1643749360,Chapter 9：Weird person-1,https://www.wattpad.com/1643749360-planet-phoenix-chapter-9%EF%BC%9Aweird-person-1,0,0,0,34.01,2026-07-24T16:00:03Z
2026-07-26T10:00:28+08:00,10,1643749998,Chapter 10：Weird person-2,https://www.wattpad.com/1643749998-planet-phoenix-chapter-10%EF%BC%9Aweird-person-2,3,0,1,20.01,2026-07-25T06:00:02Z
2026-07-26T10:00:28+08:00,11,1643750323,Chapter 11：Weird person-3,https://www.wattpad.com/1643750323-planet-phoenix-chapter-11%EF%BC%9Aweird-person-3,1,0,0,6.01,2026-07-25T20:00:02Z
2026-07-26T11:00:31+08:00,1,1643734560,Chapter 1 massive earthquake-1,https://www.wattpad.com/1643734560-planet-phoenix-chapter-1-massive-earthquake-1,8,0,0,147.01,2026-07-20T00:00:02Z
2026-07-26T11:00:31+08:00,2,1643743618,Chapter 2 massive earthquake-2,https://www.wattpad.com/1643743618-planet-phoenix-chapter-2-massive-earthquake-2,8,0,0,133.01,2026-07-20T14:00:02Z
2026-07-26T11:00:31+08:00,3,1643746352,Chapter 3 massive earthquake-3,https://www.wattpad.com/1643746352-planet-phoenix-chapter-3-massive-earthquake-3,3,0,0,119.01,2026-07-21T04:00:02Z
2026-07-26T11:00:31+08:00,4,1643746654,Chapter 4 massive earthquake-4,https://www.wattpad.com/1643746654-planet-phoenix-chapter-4-massive-earthquake-4,7,1,-1,105.01,2026-07-21T18:00:02Z
2026-07-26T11:00:31+08:00,5,1643747136,Chapter 5 Escape from death,https://www.wattpad.com/1643747136-planet-phoenix-chapter-5-escape-from-death,1,0,0,91.01,2026-07-22T08:00:03Z
2026-07-26T11:00:31+08:00,6,1643747955,Chapter 6：Interlude,https://www.wattpad.com/1643747955-planet-phoenix-chapter-6%EF%BC%9Ainterlude,5,0,0,77.01,2026-07-22T22:00:02Z
2026-07-26T11:00:31+08:00,7,1643748308,Chapter 7：The cabin in the forest,https://www.wattpad.com/1643748308-planet-phoenix-chapter-7%EF%BC%9Athe-cabin-in-the-forest,7,0,1,63.01,2026-07-23T12:00:02Z
2026-07-26T11:00:31+08:00,8,1643748909,Chapter 8：Weird person in the train,https://www.wattpad.com/1643748909-planet-phoenix-chapter-8%EF%BC%9Aweird-person-in-the-train,3,0,0,49.01,2026-07-24T02:00:02Z
2026-07-26T11:00:31+08:00,9,1643749360,Chapter 9：Weird person-1,https://www.wattpad.com/1643749360-planet-phoenix-chapter-9%EF%BC%9Aweird-person-1,0,0,0,35.01,2026-07-24T16:00:03Z
2026-07-26T11:00:31+08:00,10,1643749998,Chapter 10：Weird person-2,https://www.wattpad.com/1643749998-planet-phoenix-chapter-10%EF%BC%9Aweird-person-2,3,0,1,21.01,2026-07-25T06:00:02Z
2026-07-26T11:00:31+08:00,11,1643750323,Chapter 11：Weird person-3,https://www.wattpad.com/1643750323-planet-phoenix-chapter-11%EF%BC%9Aweird-person-3,1,0,0,7.01,2026-07-25T20:00:02Z
2026-07-26T12:00:29+08:00,1,1643734560,Chapter 1 massive earthquake-1,https://www.wattpad.com/1643734560-planet-phoenix-chapter-1-massive-earthquake-1,9,0,0,148.01,2026-07-20T00:00:02Z
2026-07-26T12:00:29+08:00,2,1643743618,Chapter 2 massive earthquake-2,https://www.wattpad.com/1643743618-planet-phoenix-chapter-2-massive-earthquake-2,8,0,0,134.01,2026-07-20T14:00:02Z
2026-07-26T12:00:29+08:00,3,1643746352,Chapter 3 massive earthquake-3,https://www.wattpad.com/1643746352-planet-phoenix-chapter-3-massive-earthquake-3,3,0,0,120.01,2026-07-21T04:00:02Z
2026-07-26T12:00:29+08:00,4,1643746654,Chapter 4 massive earthquake-4,https://www.wattpad.com/1643746654-planet-phoenix-chapter-4-massive-earthquake-4,7,1,-1,106.01,2026-07-21T18:00:02Z
2026-07-26T12:00:29+08:00,5,1643747136,Chapter 5 Escape from death,https://www.wattpad.com/1643747136-planet-phoenix-chapter-5-escape-from-death,1,0,0,92.01,2026-07-22T08:00:03Z
2026-07-26T12:00:29+08:00,6,1643747955,Chapter 6：Interlude,https://www.wattpad.com/1643747955-planet-phoenix-chapter-6%EF%BC%9Ainterlude,5,0,0,78.01,2026-07-22T22:00:02Z
2026-07-26T12:00:29+08:00,7,1643748308,Chapter 7：The cabin in the forest,https://www.wattpad.com/1643748308-planet-phoenix-chapter-7%EF%BC%9Athe-cabin-in-the-forest,7,0,1,64.01,2026-07-23T12:00:02Z
2026-07-26T12:00:29+08:00,8,1643748909,Chapter 8：Weird person in the train,https://www.wattpad.com/1643748909-planet-phoenix-chapter-8%EF%BC%9Aweird-person-in-the-train,3,0,0,50.01,2026-07-24T02:00:02Z
2026-07-26T12:00:29+08:00,9,1643749360,Chapter 9：Weird person-1,https://www.wattpad.com/1643749360-planet-phoenix-chapter-9%EF%BC%9Aweird-person-1,0,0,0,36.01,2026-07-24T16:00:03Z
2026-07-26T12:00:29+08:00,10,1643749998,Chapter 10：Weird person-2,https://www.wattpad.com/1643749998-planet-phoenix-chapter-10%EF%BC%9Aweird-person-2,3,0,1,22.01,2026-07-25T06:00:02Z
2026-07-26T12:00:29+08:00,11,1643750323,Chapter 11：Weird person-3,https://www.wattpad.com/1643750323-planet-phoenix-chapter-11%EF%BC%9Aweird-person-3,1,0,0,8.01,2026-07-25T20:00:02Z
2026-07-26T13:00:30+08:00,1,1643734560,Chapter 1 massive earthquake-1,https://www.wattpad.com/1643734560-planet-phoenix-chapter-1-massive-earthquake-1,9,0,0,149.01,2026-07-20T00:00:02Z
2026-07-26T13:00:30+08:00,2,1643743618,Chapter 2 massive earthquake-2,https://www.wattpad.com/1643743618-planet-phoenix-chapter-2-massive-earthquake-2,8,0,0,135.01,2026-07-20T14:00:02Z
2026-07-26T13:00:30+08:00,3,1643746352,Chapter 3 massive earthquake-3,https://www.wattpad.com/1643746352-planet-phoenix-chapter-3-massive-earthquake-3,3,0,0,121.01,2026-07-21T04:00:02Z
2026-07-26T13:00:30+08:00,4,1643746654,Chapter 4 massive earthquake-4,https://www.wattpad.com/1643746654-planet-phoenix-chapter-4-massive-earthquake-4,8,1,-1,107.01,2026-07-21T18:00:02Z
2026-07-26T13:00:30+08:00,5,1643747136,Chapter 5 Escape from death,https://www.wattpad.com/1643747136-planet-phoenix-chapter-5-escape-from-death,1,0,0,93.01,2026-07-22T08:00:03Z
2026-07-26T13:00:30+08:00,6,1643747955,Chapter 6：Interlude,https://www.wattpad.com/1643747955-planet-phoenix-chapter-6%EF%BC%9Ainterlude,5,0,0,79.01,2026-07-22T22:00:02Z
2026-07-26T13:00:30+08:00,7,1643748308,Chapter 7：The cabin in the forest,https://www.wattpad.com/1643748308-planet-phoenix-chapter-7%EF%BC%9Athe-cabin-in-the-forest,7,0,1,65.01,2026-07-23T12:00:02Z
2026-07-26T13:00:30+08:00,8,1643748909,Chapter 8：Weird person in the train,https://www.wattpad.com/1643748909-planet-phoenix-chapter-8%EF%BC%9Aweird-person-in-the-train,3,0,0,51.01,2026-07-24T02:00:02Z
2026-07-26T13:00:30+08:00,9,1643749360,Chapter 9：Weird person-1,https://www.wattpad.com/1643749360-planet-phoenix-chapter-9%EF%BC%9Aweird-person-1,0,0,0,37.01,2026-07-24T16:00:03Z
2026-07-26T13:00:30+08:00,10,1643749998,Chapter 10：Weird person-2,https://www.wattpad.com/1643749998-planet-phoenix-chapter-10%EF%BC%9Aweird-person-2,3,0,1,23.01,2026-07-25T06:00:02Z
2026-07-26T13:00:30+08:00,11,1643750323,Chapter 11：Weird person-3,https://www.wattpad.com/1643750323-planet-phoenix-chapter-11%EF%BC%9Aweird-person-3,1,0,0,9.01,2026-07-25T20:00:02Z
2026-07-26T14:00:30+08:00,1,1643734560,Chapter 1 massive earthquake-1,https://www.wattpad.com/1643734560-planet-phoenix-chapter-1-massive-earthquake-1,9,0,0,150.01,2026-07-20T00:00:02Z
2026-07-26T14:00:30+08:00,2,1643743618,Chapter 2 massive earthquake-2,https://www.wattpad.com/1643743618-planet-phoenix-chapter-2-massive-earthquake-2,8,0,0,136.01,2026-07-20T14:00:02Z
2026-07-26T14:00:30+08:00,3,1643746352,Chapter 3 massive earthquake-3,https://www.wattpad.com/1643746352-planet-phoenix-chapter-3-massive-earthquake-3,3,0,0,122.01,2026-07-21T04:00:02Z
2026-07-26T14:00:30+08:00,4,1643746654,Chapter 4 massive earthquake-4,https://www.wattpad.com/1643746654-planet-phoenix-chapter-4-massive-earthquake-4,8,1,-1,108.01,2026-07-21T18:00:02Z
2026-07-26T14:00:30+08:00,5,1643747136,Chapter 5 Escape from death,https://www.wattpad.com/1643747136-planet-phoenix-chapter-5-escape-from-death,1,0,0,94.01,2026-07-22T08:00:03Z
2026-07-26T14:00:30+08:00,6,1643747955,Chapter 6：Interlude,https://www.wattpad.com/1643747955-planet-phoenix-chapter-6%EF%BC%9Ainterlude,5,0,0,80.01,2026-07-22T22:00:02Z
2026-07-26T14:00:30+08:00,7,1643748308,Chapter 7：The cabin in the forest,https://www.wattpad.com/1643748308-planet-phoenix-chapter-7%EF%BC%9Athe-cabin-in-the-forest,7,0,1,66.01,2026-07-23T12:00:02Z
2026-07-26T14:00:30+08:00,8,1643748909,Chapter 8：Weird person in the train,https://www.wattpad.com/1643748909-planet-phoenix-chapter-8%EF%BC%9Aweird-person-in-the-train,3,0,0,52.01,2026-07-24T02:00:02Z
2026-07-26T14:00:30+08:00,9,1643749360,Chapter 9：Weird person-1,https://www.wattpad.com/1643749360-planet-phoenix-chapter-9%EF%BC%9Aweird-person-1,0,0,0,38.01,2026-07-24T16:00:03Z
2026-07-26T14:00:30+08:00,10,1643749998,Chapter 10：Weird person-2,https://www.wattpad.com/1643749998-planet-phoenix-chapter-10%EF%BC%9Aweird-person-2,3,0,1,24.01,2026-07-25T06:00:02Z
2026-07-26T14:00:30+08:00,11,1643750323,Chapter 11：Weird person-3,https://www.wattpad.com/1643750323-planet-phoenix-chapter-11%EF%BC%9Aweird-person-3,1,0,0,10.01,2026-07-25T20:00:02Z
2026-07-26T15:00:29+08:00,1,1643734560,Chapter 1 massive earthquake-1,https://www.wattpad.com/1643734560-planet-phoenix-chapter-1-massive-earthquake-1,9,0,0,151.01,2026-07-20T00:00:02Z
2026-07-26T15:00:29+08:00,2,1643743618,Chapter 2 massive earthquake-2,https://www.wattpad.com/1643743618-planet-phoenix-chapter-2-massive-earthquake-2,8,0,0,137.01,2026-07-20T14:00:02Z
2026-07-26T15:00:29+08:00,3,1643746352,Chapter 3 massive earthquake-3,https://www.wattpad.com/1643746352-planet-phoenix-chapter-3-massive-earthquake-3,3,0,0,123.01,2026-07-21T04:00:02Z
2026-07-26T15:00:29+08:00,4,1643746654,Chapter 4 massive earthquake-4,https://www.wattpad.com/1643746654-planet-phoenix-chapter-4-massive-earthquake-4,8,1,-1,109.01,2026-07-21T18:00:02Z
2026-07-26T15:00:29+08:00,5,1643747136,Chapter 5 Escape from death,https://www.wattpad.com/1643747136-planet-phoenix-chapter-5-escape-from-death,1,0,0,95.01,2026-07-22T08:00:03Z
2026-07-26T15:00:29+08:00,6,1643747955,Chapter 6：Interlude,https://www.wattpad.com/1643747955-planet-phoenix-chapter-6%EF%BC%9Ainterlude,6,0,0,81.01,2026-07-22T22:00:02Z
2026-07-26T15:00:29+08:00,7,1643748308,Chapter 7：The cabin in the forest,https://www.wattpad.com/1643748308-planet-phoenix-chapter-7%EF%BC%9Athe-cabin-in-the-forest,7,0,1,67.01,2026-07-23T12:00:02Z
2026-07-26T15:00:29+08:00,8,1643748909,Chapter 8：Weird person in the train,https://www.wattpad.com/1643748909-planet-phoenix-chapter-8%EF%BC%9Aweird-person-in-the-train,3,0,0,53.01,2026-07-24T02:00:02Z
2026-07-26T15:00:29+08:00,9,1643749360,Chapter 9：Weird person-1,https://www.wattpad.com/1643749360-planet-phoenix-chapter-9%EF%BC%9Aweird-person-1,0,0,0,39.01,2026-07-24T16:00:03Z
2026-07-26T15:00:29+08:00,10,1643749998,Chapter 10：Weird person-2,https://www.wattpad.com/1643749998-planet-phoenix-chapter-10%EF%BC%9Aweird-person-2,3,0,1,25.01,2026-07-25T06:00:02Z
2026-07-26T15:00:29+08:00,11,1643750323,Chapter 11：Weird person-3,https://www.wattpad.com/1643750323-planet-phoenix-chapter-11%EF%BC%9Aweird-person-3,1,0,0,11.01,2026-07-25T20:00:02Z
2026-07-26T16:00:28+08:00,1,1643734560,Chapter 1 massive earthquake-1,https://www.wattpad.com/1643734560-planet-phoenix-chapter-1-massive-earthquake-1,9,0,0,152.01,2026-07-20T00:00:02Z
2026-07-26T16:00:28+08:00,2,1643743618,Chapter 2 massive earthquake-2,https://www.wattpad.com/1643743618-planet-phoenix-chapter-2-massive-earthquake-2,8,0,0,138.01,2026-07-20T14:00:02Z
2026-07-26T16:00:28+08:00,3,1643746352,Chapter 3 massive earthquake-3,https://www.wattpad.com/1643746352-planet-phoenix-chapter-3-massive-earthquake-3,3,0,0,124.01,2026-07-21T04:00:02Z
2026-07-26T16:00:28+08:00,4,1643746654,Chapter 4 massive earthquake-4,https://www.wattpad.com/1643746654-planet-phoenix-chapter-4-massive-earthquake-4,8,1,-1,110.01,2026-07-21T18:00:02Z
2026-07-26T16:00:28+08:00,5,1643747136,Chapter 5 Escape from death,https://www.wattpad.com/1643747136-planet-phoenix-chapter-5-escape-from-death,1,0,0,96.01,2026-07-22T08:00:03Z
2026-07-26T16:00:28+08:00,6,1643747955,Chapter 6：Interlude,https://www.wattpad.com/1643747955-planet-phoenix-chapter-6%EF%BC%9Ainterlude,6,0,0,82.01,2026-07-22T22:00:02Z
2026-07-26T16:00:28+08:00,7,1643748308,Chapter 7：The cabin in the forest,https://www.wattpad.com/1643748308-planet-phoenix-chapter-7%EF%BC%9Athe-cabin-in-the-forest,7,0,1,68.01,2026-07-23T12:00:02Z
2026-07-26T16:00:28+08:00,8,1643748909,Chapter 8：Weird person in the train,https://www.wattpad.com/1643748909-planet-phoenix-chapter-8%EF%BC%9Aweird-person-in-the-train,3,0,0,54.01,2026-07-24T02:00:02Z
2026-07-26T16:00:28+08:00,9,1643749360,Chapter 9：Weird person-1,https://www.wattpad.com/1643749360-planet-phoenix-chapter-9%EF%BC%9Aweird-person-1,0,0,0,40.01,2026-07-24T16:00:03Z
2026-07-26T16:00:28+08:00,10,1643749998,Chapter 10：Weird person-2,https://www.wattpad.com/1643749998-planet-phoenix-chapter-10%EF%BC%9Aweird-person-2,3,0,1,26.01,2026-07-25T06:00:02Z
2026-07-26T16:00:28+08:00,11,1643750323,Chapter 11：Weird person-3,https://www.wattpad.com/1643750323-planet-phoenix-chapter-11%EF%BC%9Aweird-person-3,1,0,0,12.01,2026-07-25T20:00:02Z
2026-07-26T17:00:32+08:00,1,1643734560,Chapter 1 massive earthquake-1,https://www.wattpad.com/1643734560-planet-phoenix-chapter-1-massive-earthquake-1,9,0,0,153.01,2026-07-20T00:00:02Z
2026-07-26T17:00:32+08:00,2,1643743618,Chapter 2 massive earthquake-2,https://www.wattpad.com/1643743618-planet-phoenix-chapter-2-massive-earthquake-2,8,0,0,139.01,2026-07-20T14:00:02Z
2026-07-26T17:00:32+08:00,3,1643746352,Chapter 3 massive earthquake-3,https://www.wattpad.com/1643746352-planet-phoenix-chapter-3-massive-earthquake-3,3,0,0,125.01,2026-07-21T04:00:02Z
2026-07-26T17:00:32+08:00,4,1643746654,Chapter 4 massive earthquake-4,https://www.wattpad.com/1643746654-planet-phoenix-chapter-4-massive-earthquake-4,8,1,-1,111.01,2026-07-21T18:00:02Z
2026-07-26T17:00:32+08:00,5,1643747136,Chapter 5 Escape from death,https://www.wattpad.com/1643747136-planet-phoenix-chapter-5-escape-from-death,1,0,0,97.01,2026-07-22T08:00:03Z
2026-07-26T17:00:32+08:00,6,1643747955,Chapter 6：Interlude,https://www.wattpad.com/1643747955-planet-phoenix-chapter-6%EF%BC%9Ainterlude,6,0,0,83.01,2026-07-22T22:00:02Z
2026-07-26T17:00:32+08:00,7,1643748308,Chapter 7：The cabin in the forest,https://www.wattpad.com/1643748308-planet-phoenix-chapter-7%EF%BC%9Athe-cabin-in-the-forest,7,0,1,69.01,2026-07-23T12:00:02Z
2026-07-26T17:00:32+08:00,8,1643748909,Chapter 8：Weird person in the train,https://www.wattpad.com/1643748909-planet-phoenix-chapter-8%EF%BC%9Aweird-person-in-the-train,3,0,0,55.01,2026-07-24T02:00:02Z
2026-07-26T17:00:32+08:00,9,1643749360,Chapter 9：Weird person-1,https://www.wattpad.com/1643749360-planet-phoenix-chapter-9%EF%BC%9Aweird-person-1,0,0,0,41.01,2026-07-24T16:00:03Z
2026-07-26T17:00:32+08:00,10,1643749998,Chapter 10：Weird person-2,https://www.wattpad.com/1643749998-planet-phoenix-chapter-10%EF%BC%9Aweird-person-2,3,0,1,27.01,2026-07-25T06:00:02Z
2026-07-26T17:00:32+08:00,11,1643750323,Chapter 11：Weird person-3,https://www.wattpad.com/1643750323-planet-phoenix-chapter-11%EF%BC%9Aweird-person-3,1,0,0,13.01,2026-07-25T20:00:02Z
2026-07-26T18:00:28+08:00,1,1643734560,Chapter 1 massive earthquake-1,https://www.wattpad.com/1643734560-planet-phoenix-chapter-1-massive-earthquake-1,9,0,0,154.01,2026-07-20T00:00:02Z
2026-07-26T18:00:28+08:00,2,1643743618,Chapter 2 massive earthquake-2,https://www.wattpad.com/1643743618-planet-phoenix-chapter-2-massive-earthquake-2,8,0,0,140.01,2026-07-20T14:00:02Z
2026-07-26T18:00:28+08:00,3,1643746352,Chapter 3 massive earthquake-3,https://www.wattpad.com/1643746352-planet-phoenix-chapter-3-massive-earthquake-3,3,0,0,126.01,2026-07-21T04:00:02Z
2026-07-26T18:00:28+08:00,4,1643746654,Chapter 4 massive earthquake-4,https://www.wattpad.com/1643746654-planet-phoenix-chapter-4-massive-earthquake-4,8,1,-1,112.01,2026-07-21T18:00:02Z
2026-07-26T18:00:28+08:00,5,1643747136,Chapter 5 Escape from death,https://www.wattpad.com/1643747136-planet-phoenix-chapter-5-escape-from-death,1,0,0,98.01,2026-07-22T08:00:03Z
2026-07-26T18:00:28+08:00,6,1643747955,Chapter 6：Interlude,https://www.wattpad.com/1643747955-planet-phoenix-chapter-6%EF%BC%9Ainterlude,6,0,0,84.01,2026-07-22T22:00:02Z
2026-07-26T18:00:28+08:00,7,1643748308,Chapter 7：The cabin in the forest,https://www.wattpad.com/1643748308-planet-phoenix-chapter-7%EF%BC%9Athe-cabin-in-the-forest,7,0,1,70.01,2026-07-23T12:00:02Z
2026-07-26T18:00:28+08:00,8,1643748909,Chapter 8：Weird person in the train,https://www.wattpad.com/1643748909-planet-phoenix-chapter-8%EF%BC%9Aweird-person-in-the-train,3,0,0,56.01,2026-07-24T02:00:02Z
2026-07-26T18:00:28+08:00,9,1643749360,Chapter 9：Weird person-1,https://www.wattpad.com/1643749360-planet-phoenix-chapter-9%EF%BC%9Aweird-person-1,0,0,0,42.01,2026-07-24T16:00:03Z
2026-07-26T18:00:28+08:00,10,1643749998,Chapter 10：Weird person-2,https://www.wattpad.com/1643749998-planet-phoenix-chapter-10%EF%BC%9Aweird-person-2,3,0,1,28.01,2026-07-25T06:00:02Z
2026-07-26T18:00:28+08:00,11,1643750323,Chapter 11：Weird person-3,https://www.wattpad.com/1643750323-planet-phoenix-chapter-11%EF%BC%9Aweird-person-3,1,0,0,14.01,2026-07-25T20:00:02Z
2026-07-26T18:00:28+08:00,12,1643751148,Chapter 12：Homestead,https://www.wattpad.com/1643751148-planet-phoenix-chapter-12%EF%BC%9Ahomestead,0,0,0,0.01,2026-07-26T10:00:03Z
2026-07-26T19:00:30+08:00,1,1643734560,Chapter 1 massive earthquake-1,https://www.wattpad.com/1643734560-planet-phoenix-chapter-1-massive-earthquake-1,9,0,0,155.01,2026-07-20T00:00:02Z
2026-07-26T19:00:30+08:00,2,1643743618,Chapter 2 massive earthquake-2,https://www.wattpad.com/1643743618-planet-phoenix-chapter-2-massive-earthquake-2,8,0,0,141.01,2026-07-20T14:00:02Z
2026-07-26T19:00:30+08:00,3,1643746352,Chapter 3 massive earthquake-3,https://www.wattpad.com/1643746352-planet-phoenix-chapter-3-massive-earthquake-3,3,0,0,127.01,2026-07-21T04:00:02Z
2026-07-26T19:00:30+08:00,4,1643746654,Chapter 4 massive earthquake-4,https://www.wattpad.com/1643746654-planet-phoenix-chapter-4-massive-earthquake-4,8,1,-1,113.01,2026-07-21T18:00:02Z
2026-07-26T19:00:30+08:00,5,1643747136,Chapter 5 Escape from death,https://www.wattpad.com/1643747136-planet-phoenix-chapter-5-escape-from-death,1,0,0,99.01,2026-07-22T08:00:03Z
2026-07-26T19:00:30+08:00,6,1643747955,Chapter 6：Interlude,https://www.wattpad.com/1643747955-planet-phoenix-chapter-6%EF%BC%9Ainterlude,6,0,0,85.01,2026-07-22T22:00:02Z
2026-07-26T19:00:30+08:00,7,1643748308,Chapter 7：The cabin in the forest,https://www.wattpad.com/1643748308-planet-phoenix-chapter-7%EF%BC%9Athe-cabin-in-the-forest,7,0,1,71.01,2026-07-23T12:00:02Z
2026-07-26T19:00:30+08:00,8,1643748909,Chapter 8：Weird person in the train,https://www.wattpad.com/1643748909-planet-phoenix-chapter-8%EF%BC%9Aweird-person-in-the-train,3,0,0,57.01,2026-07-24T02:00:02Z
2026-07-26T19:00:30+08:00,9,1643749360,Chapter 9：Weird person-1,https://www.wattpad.com/1643749360-planet-phoenix-chapter-9%EF%BC%9Aweird-person-1,0,0,0,43.01,2026-07-24T16:00:03Z
2026-07-26T19:00:30+08:00,10,1643749998,Chapter 10：Weird person-2,https://www.wattpad.com/1643749998-planet-phoenix-chapter-10%EF%BC%9Aweird-person-2,3,0,1,29.01,2026-07-25T06:00:02Z
2026-07-26T19:00:30+08:00,11,1643750323,Chapter 11：Weird person-3,https://www.wattpad.com/1643750323-planet-phoenix-chapter-11%EF%BC%9Aweird-person-3,1,0,0,15.01,2026-07-25T20:00:02Z
2026-07-26T19:00:30+08:00,12,1643751148,Chapter 12：Homestead,https://www.wattpad.com/1643751148-planet-phoenix-chapter-12%EF%BC%9Ahomestead,0,0,0,1.01,2026-07-26T10:00:03Z
2026-07-26T20:00:31+08:00,1,1643734560,Chapter 1 massive earthquake-1,https://www.wattpad.com/1643734560-planet-phoenix-chapter-1-massive-earthquake-1,9,0,0,156.01,2026-07-20T00:00:02Z
2026-07-26T20:00:31+08:00,2,1643743618,Chapter 2 massive earthquake-2,https://www.wattpad.com/1643743618-planet-phoenix-chapter-2-massive-earthquake-2,8,0,0,142.01,2026-07-20T14:00:02Z
2026-07-26T20:00:31+08:00,3,1643746352,Chapter 3 massive earthquake-3,https://www.wattpad.com/1643746352-planet-phoenix-chapter-3-massive-earthquake-3,3,0,0,128.01,2026-07-21T04:00:02Z
2026-07-26T20:00:31+08:00,4,1643746654,Chapter 4 massive earthquake-4,https://www.wattpad.com/1643746654-planet-phoenix-chapter-4-massive-earthquake-4,8,1,-1,114.01,2026-07-21T18:00:02Z
2026-07-26T20:00:31+08:00,5,1643747136,Chapter 5 Escape from death,https://www.wattpad.com/1643747136-planet-phoenix-chapter-5-escape-from-death,1,0,0,100.01,2026-07-22T08:00:03Z
2026-07-26T20:00:31+08:00,6,1643747955,Chapter 6：Interlude,https://www.wattpad.com/1643747955-planet-phoenix-chapter-6%EF%BC%9Ainterlude,6,0,0,86.01,2026-07-22T22:00:02Z
2026-07-26T20:00:31+08:00,7,1643748308,Chapter 7：The cabin in the forest,https://www.wattpad.com/1643748308-planet-phoenix-chapter-7%EF%BC%9Athe-cabin-in-the-forest,7,0,1,72.01,2026-07-23T12:00:02Z
2026-07-26T20:00:31+08:00,8,1643748909,Chapter 8：Weird person in the train,https://www.wattpad.com/1643748909-planet-phoenix-chapter-8%EF%BC%9Aweird-person-in-the-train,3,0,0,58.01,2026-07-24T02:00:02Z
2026-07-26T20:00:31+08:00,9,1643749360,Chapter 9：Weird person-1,https://www.wattpad.com/1643749360-planet-phoenix-chapter-9%EF%BC%9Aweird-person-1,0,0,0,44.01,2026-07-24T16:00:03Z
2026-07-26T20:00:31+08:00,10,1643749998,Chapter 10：Weird person-2,https://www.wattpad.com/1643749998-planet-phoenix-chapter-10%EF%BC%9Aweird-person-2,3,0,1,30.01,2026-07-25T06:00:02Z
2026-07-26T20:00:31+08:00,11,1643750323,Chapter 11：Weird person-3,https://www.wattpad.com/1643750323-planet-phoenix-chapter-11%EF%BC%9Aweird-person-3,1,0,0,16.01,2026-07-25T20:00:02Z
2026-07-26T20:00:31+08:00,12,1643751148,Chapter 12：Homestead,https://www.wattpad.com/1643751148-planet-phoenix-chapter-12%EF%BC%9Ahomestead,0,0,0,2.01,2026-07-26T10:00:03Z
2026-07-26T21:00:30+08:00,1,1643734560,Chapter 1 massive earthquake-1,https://www.wattpad.com/1643734560-planet-phoenix-chapter-1-massive-earthquake-1,9,0,0,157.01,2026-07-20T00:00:02Z
2026-07-26T21:00:30+08:00,2,1643743618,Chapter 2 massive earthquake-2,https://www.wattpad.com/1643743618-planet-phoenix-chapter-2-massive-earthquake-2,8,0,0,143.01,2026-07-20T14:00:02Z
2026-07-26T21:00:30+08:00,3,1643746352,Chapter 3 massive earthquake-3,https://www.wattpad.com/1643746352-planet-phoenix-chapter-3-massive-earthquake-3,3,0,0,129.01,2026-07-21T04:00:02Z
2026-07-26T21:00:30+08:00,4,1643746654,Chapter 4 massive earthquake-4,https://www.wattpad.com/1643746654-planet-phoenix-chapter-4-massive-earthquake-4,8,1,-1,115.01,2026-07-21T18:00:02Z
2026-07-26T21:00:30+08:00,5,1643747136,Chapter 5 Escape from death,https://www.wattpad.com/1643747136-planet-phoenix-chapter-5-escape-from-death,1,0,0,101.01,2026-07-22T08:00:03Z
2026-07-26T21:00:30+08:00,6,1643747955,Chapter 6：Interlude,https://www.wattpad.com/1643747955-planet-phoenix-chapter-6%EF%BC%9Ainterlude,6,0,0,87.01,2026-07-22T22:00:02Z
2026-07-26T21:00:30+08:00,7,1643748308,Chapter 7：The cabin in the forest,https://www.wattpad.com/1643748308-planet-phoenix-chapter-7%EF%BC%9Athe-cabin-in-the-forest,7,0,1,73.01,2026-07-23T12:00:02Z
2026-07-26T21:00:30+08:00,8,1643748909,Chapter 8：Weird person in the train,https://www.wattpad.com/1643748909-planet-phoenix-chapter-8%EF%BC%9Aweird-person-in-the-train,3,0,0,59.01,2026-07-24T02:00:02Z
2026-07-26T21:00:30+08:00,9,1643749360,Chapter 9：Weird person-1,https://www.wattpad.com/1643749360-planet-phoenix-chapter-9%EF%BC%9Aweird-person-1,0,0,0,45.01,2026-07-24T16:00:03Z
2026-07-26T21:00:30+08:00,10,1643749998,Chapter 10：Weird person-2,https://www.wattpad.com/1643749998-planet-phoenix-chapter-10%EF%BC%9Aweird-person-2,3,0,1,31.01,2026-07-25T06:00:02Z
2026-07-26T21:00:30+08:00,11,1643750323,Chapter 11：Weird person-3,https://www.wattpad.com/1643750323-planet-phoenix-chapter-11%EF%BC%9Aweird-person-3,1,0,0,17.01,2026-07-25T20:00:02Z
2026-07-26T21:00:30+08:00,12,1643751148,Chapter 12：Homestead,https://www.wattpad.com/1643751148-planet-phoenix-chapter-12%EF%BC%9Ahomestead,0,0,0,3.01,2026-07-26T10:00:03Z
2026-07-26T22:00:27+08:00,1,1643734560,Chapter 1 massive earthquake-1,https://www.wattpad.com/1643734560-planet-phoenix-chapter-1-massive-earthquake-1,9,0,0,158.01,2026-07-20T00:00:02Z
2026-07-26T22:00:27+08:00,2,1643743618,Chapter 2 massive earthquake-2,https://www.wattpad.com/1643743618-planet-phoenix-chapter-2-massive-earthquake-2,8,0,0,144.01,2026-07-20T14:00:02Z
2026-07-26T22:00:27+08:00,3,1643746352,Chapter 3 massive earthquake-3,https://www.wattpad.com/1643746352-planet-phoenix-chapter-3-massive-earthquake-3,3,0,0,130.01,2026-07-21T04:00:02Z
2026-07-26T22:00:27+08:00,4,1643746654,Chapter 4 massive earthquake-4,https://www.wattpad.com/1643746654-planet-phoenix-chapter-4-massive-earthquake-4,8,1,-1,116.01,2026-07-21T18:00:02Z
2026-07-26T22:00:27+08:00,5,1643747136,Chapter 5 Escape from death,https://www.wattpad.com/1643747136-planet-phoenix-chapter-5-escape-from-death,1,0,0,102.01,2026-07-22T08:00:03Z
2026-07-26T22:00:27+08:00,6,1643747955,Chapter 6：Interlude,https://www.wattpad.com/1643747955-planet-phoenix-chapter-6%EF%BC%9Ainterlude,6,0,0,88.01,2026-07-22T22:00:02Z
2026-07-26T22:00:27+08:00,7,1643748308,Chapter 7：The cabin in the forest,https://www.wattpad.com/1643748308-planet-phoenix-chapter-7%EF%BC%9Athe-cabin-in-the-forest,7,0,1,74.01,2026-07-23T12:00:02Z
2026-07-26T22:00:27+08:00,8,1643748909,Chapter 8：Weird person in the train,https://www.wattpad.com/1643748909-planet-phoenix-chapter-8%EF%BC%9Aweird-person-in-the-train,3,0,0,60.01,2026-07-24T02:00:02Z
2026-07-26T22:00:27+08:00,9,1643749360,Chapter 9：Weird person-1,https://www.wattpad.com/1643749360-planet-phoenix-chapter-9%EF%BC%9Aweird-person-1,0,0,0,46.01,2026-07-24T16:00:03Z
2026-07-26T22:00:27+08:00,10,1643749998,Chapter 10：Weird person-2,https://www.wattpad.com/1643749998-planet-phoenix-chapter-10%EF%BC%9Aweird-person-2,3,0,1,32.01,2026-07-25T06:00:02Z
2026-07-26T22:00:27+08:00,11,1643750323,Chapter 11：Weird person-3,https://www.wattpad.com/1643750323-planet-phoenix-chapter-11%EF%BC%9Aweird-person-3,1,0,0,18.01,2026-07-25T20:00:02Z
2026-07-26T22:00:27+08:00,12,1643751148,Chapter 12：Homestead,https://www.wattpad.com/1643751148-planet-phoenix-chapter-12%EF%BC%9Ahomestead,0,0,0,4.01,2026-07-26T10:00:03Z
2026-07-26T23:00:30+08:00,1,1643734560,Chapter 1 massive earthquake-1,https://www.wattpad.com/1643734560-planet-phoenix-chapter-1-massive-earthquake-1,9,0,0,159.01,2026-07-20T00:00:02Z
2026-07-26T23:00:30+08:00,2,1643743618,Chapter 2 massive earthquake-2,https://www.wattpad.com/1643743618-planet-phoenix-chapter-2-massive-earthquake-2,8,0,0,145.01,2026-07-20T14:00:02Z
2026-07-26T23:00:30+08:00,3,1643746352,Chapter 3 massive earthquake-3,https://www.wattpad.com/1643746352-planet-phoenix-chapter-3-massive-earthquake-3,3,0,0,131.01,2026-07-21T04:00:02Z
2026-07-26T23:00:30+08:00,4,1643746654,Chapter 4 massive earthquake-4,https://www.wattpad.com/1643746654-planet-phoenix-chapter-4-massive-earthquake-4,8,1,-1,117.01,2026-07-21T18:00:02Z
2026-07-26T23:00:30+08:00,5,1643747136,Chapter 5 Escape from death,https://www.wattpad.com/1643747136-planet-phoenix-chapter-5-escape-from-death,1,0,0,103.01,2026-07-22T08:00:03Z
2026-07-26T23:00:30+08:00,6,1643747955,Chapter 6：Interlude,https://www.wattpad.com/1643747955-planet-phoenix-chapter-6%EF%BC%9Ainterlude,6,0,0,89.01,2026-07-22T22:00:02Z
2026-07-26T23:00:30+08:00,7,1643748308,Chapter 7：The cabin in the forest,https://www.wattpad.com/1643748308-planet-phoenix-chapter-7%EF%BC%9Athe-cabin-in-the-forest,7,0,1,75.01,2026-07-23T12:00:02Z
2026-07-26T23:00:30+08:00,8,1643748909,Chapter 8：Weird person in the train,https://www.wattpad.com/1643748909-planet-phoenix-chapter-8%EF%BC%9Aweird-person-in-the-train,3,0,0,61.01,2026-07-24T02:00:02Z
2026-07-26T23:00:30+08:00,9,1643749360,Chapter 9：Weird person-1,https://www.wattpad.com/1643749360-planet-phoenix-chapter-9%EF%BC%9Aweird-person-1,0,0,0,47.01,2026-07-24T16:00:03Z
2026-07-26T23:00:30+08:00,10,1643749998,Chapter 10：Weird person-2,https://www.wattpad.com/1643749998-planet-phoenix-chapter-10%EF%BC%9Aweird-person-2,3,0,1,33.01,2026-07-25T06:00:02Z
2026-07-26T23:00:30+08:00,11,1643750323,Chapter 11：Weird person-3,https://www.wattpad.com/1643750323-planet-phoenix-chapter-11%EF%BC%9Aweird-person-3,1,0,0,19.01,2026-07-25T20:00:02Z
2026-07-26T23:00:30+08:00,12,1643751148,Chapter 12：Homestead,https://www.wattpad.com/1643751148-planet-phoenix-chapter-12%EF%BC%9Ahomestead,0,0,0,5.01,2026-07-26T10:00:03Z
2026-07-27T00:00:28+08:00,1,1643734560,Chapter 1 massive earthquake-1,https://www.wattpad.com/1643734560-planet-phoenix-chapter-1-massive-earthquake-1,9,0,0,160.01,2026-07-20T00:00:02Z
2026-07-27T00:00:28+08:00,2,1643743618,Chapter 2 massive earthquake-2,https://www.wattpad.com/1643743618-planet-phoenix-chapter-2-massive-earthquake-2,8,0,0,146.01,2026-07-20T14:00:02Z
2026-07-27T00:00:28+08:00,3,1643746352,Chapter 3 massive earthquake-3,https://www.wattpad.com/1643746352-planet-phoenix-chapter-3-massive-earthquake-3,3,0,0,132.01,2026-07-21T04:00:02Z
2026-07-27T00:00:28+08:00,4,1643746654,Chapter 4 massive earthquake-4,https://www.wattpad.com/1643746654-planet-phoenix-chapter-4-massive-earthquake-4,8,1,-1,118.01,2026-07-21T18:00:02Z
2026-07-27T00:00:28+08:00,5,1643747136,Chapter 5 Escape from death,https://www.wattpad.com/1643747136-planet-phoenix-chapter-5-escape-from-death,1,0,0,104.01,2026-07-22T08:00:03Z
2026-07-27T00:00:28+08:00,6,1643747955,Chapter 6：Interlude,https://www.wattpad.com/1643747955-planet-phoenix-chapter-6%EF%BC%9Ainterlude,6,0,0,90.01,2026-07-22T22:00:02Z
2026-07-27T00:00:28+08:00,7,1643748308,Chapter 7：The cabin in the forest,https://www.wattpad.com/1643748308-planet-phoenix-chapter-7%EF%BC%9Athe-cabin-in-the-forest,7,0,1,76.01,2026-07-23T12:00:02Z
2026-07-27T00:00:28+08:00,8,1643748909,Chapter 8：Weird person in the train,https://www.wattpad.com/1643748909-planet-phoenix-chapter-8%EF%BC%9Aweird-person-in-the-train,3,0,0,62.01,2026-07-24T02:00:02Z
2026-07-27T00:00:28+08:00,9,1643749360,Chapter 9：Weird person-1,https://www.wattpad.com/1643749360-planet-phoenix-chapter-9%EF%BC%9Aweird-person-1,0,0,0,48.01,2026-07-24T16:00:03Z
2026-07-27T00:00:28+08:00,10,1643749998,Chapter 10：Weird person-2,https://www.wattpad.com/1643749998-planet-phoenix-chapter-10%EF%BC%9Aweird-person-2,3,0,1,34.01,2026-07-25T06:00:02Z
2026-07-27T00:00:28+08:00,11,1643750323,Chapter 11：Weird person-3,https://www.wattpad.com/1643750323-planet-phoenix-chapter-11%EF%BC%9Aweird-person-3,1,0,0,20.01,2026-07-25T20:00:02Z
2026-07-27T00:00:28+08:00,12,1643751148,Chapter 12：Homestead,https://www.wattpad.com/1643751148-planet-phoenix-chapter-12%EF%BC%9Ahomestead,0,0,0,6.01,2026-07-26T10:00:03Z
2026-07-27T01:00:28+08:00,1,1643734560,Chapter 1 massive earthquake-1,https://www.wattpad.com/1643734560-planet-phoenix-chapter-1-massive-earthquake-1,9,0,0,161.01,2026-07-20T00:00:02Z
2026-07-27T01:00:28+08:00,2,1643743618,Chapter 2 massive earthquake-2,https://www.wattpad.com/1643743618-planet-phoenix-chapter-2-massive-earthquake-2,8,0,0,147.01,2026-07-20T14:00:02Z
2026-07-27T01:00:28+08:00,3,1643746352,Chapter 3 massive earthquake-3,https://www.wattpad.com/1643746352-planet-phoenix-chapter-3-massive-earthquake-3,3,0,0,133.01,2026-07-21T04:00:02Z
2026-07-27T01:00:28+08:00,4,1643746654,Chapter 4 massive earthquake-4,https://www.wattpad.com/1643746654-planet-phoenix-chapter-4-massive-earthquake-4,8,1,-1,119.01,2026-07-21T18:00:02Z
2026-07-27T01:00:28+08:00,5,1643747136,Chapter 5 Escape from death,https://www.wattpad.com/1643747136-planet-phoenix-chapter-5-escape-from-death,1,0,0,105.01,2026-07-22T08:00:03Z
2026-07-27T01:00:28+08:00,6,1643747955,Chapter 6：Interlude,https://www.wattpad.com/1643747955-planet-phoenix-chapter-6%EF%BC%9Ainterlude,6,0,0,91.01,2026-07-22T22:00:02Z
2026-07-27T01:00:28+08:00,7,1643748308,Chapter 7：The cabin in the forest,https://www.wattpad.com/1643748308-planet-phoenix-chapter-7%EF%BC%9Athe-cabin-in-the-forest,7,0,1,77.01,2026-07-23T12:00:02Z
2026-07-27T01:00:28+08:00,8,1643748909,Chapter 8：Weird person in the train,https://www.wattpad.com/1643748909-planet-phoenix-chapter-8%EF%BC%9Aweird-person-in-the-train,3,0,0,63.01,2026-07-24T02:00:02Z
2026-07-27T01:00:28+08:00,9,1643749360,Chapter 9：Weird person-1,https://www.wattpad.com/1643749360-planet-phoenix-chapter-9%EF%BC%9Aweird-person-1,0,0,0,49.01,2026-07-24T16:00:03Z
2026-07-27T01:00:28+08:00,10,1643749998,Chapter 10：Weird person-2,https://www.wattpad.com/1643749998-planet-phoenix-chapter-10%EF%BC%9Aweird-person-2,3,0,1,35.01,2026-07-25T06:00:02Z
2026-07-27T01:00:28+08:00,11,1643750323,Chapter 11：Weird person-3,https://www.wattpad.com/1643750323-planet-phoenix-chapter-11%EF%BC%9Aweird-person-3,1,0,0,21.01,2026-07-25T20:00:02Z
2026-07-27T01:00:28+08:00,12,1643751148,Chapter 12：Homestead,https://www.wattpad.com/1643751148-planet-phoenix-chapter-12%EF%BC%9Ahomestead,0,0,0,7.01,2026-07-26T10:00:03Z
2026-07-27T02:00:26+08:00,1,1643734560,Chapter 1 massive earthquake-1,https://www.wattpad.com/1643734560-planet-phoenix-chapter-1-massive-earthquake-1,9,0,0,162.01,2026-07-20T00:00:02Z
2026-07-27T02:00:26+08:00,2,1643743618,Chapter 2 massive earthquake-2,https://www.wattpad.com/1643743618-planet-phoenix-chapter-2-massive-earthquake-2,8,0,0,148.01,2026-07-20T14:00:02Z
2026-07-27T02:00:26+08:00,3,1643746352,Chapter 3 massive earthquake-3,https://www.wattpad.com/1643746352-planet-phoenix-chapter-3-massive-earthquake-3,3,0,0,134.01,2026-07-21T04:00:02Z
2026-07-27T02:00:26+08:00,4,1643746654,Chapter 4 massive earthquake-4,https://www.wattpad.com/1643746654-planet-phoenix-chapter-4-massive-earthquake-4,8,1,-1,120.01,2026-07-21T18:00:02Z
2026-07-27T02:00:26+08:00,5,1643747136,Chapter 5 Escape from death,https://www.wattpad.com/1643747136-planet-phoenix-chapter-5-escape-from-death,1,0,0,106.01,2026-07-22T08:00:03Z
2026-07-27T02:00:26+08:00,6,1643747955,Chapter 6：Interlude,https://www.wattpad.com/1643747955-planet-phoenix-chapter-6%EF%BC%9Ainterlude,6,0,0,92.01,2026-07-22T22:00:02Z
2026-07-27T02:00:26+08:00,7,1643748308,Chapter 7：The cabin in the forest,https://www.wattpad.com/1643748308-planet-phoenix-chapter-7%EF%BC%9Athe-cabin-in-the-forest,7,0,1,78.01,2026-07-23T12:00:02Z
2026-07-27T02:00:26+08:00,8,1643748909,Chapter 8：Weird person in the train,https://www.wattpad.com/1643748909-planet-phoenix-chapter-8%EF%BC%9Aweird-person-in-the-train,3,0,0,64.01,2026-07-24T02:00:02Z
2026-07-27T02:00:26+08:00,9,1643749360,Chapter 9：Weird person-1,https://www.wattpad.com/1643749360-planet-phoenix-chapter-9%EF%BC%9Aweird-person-1,0,0,0,50.01,2026-07-24T16:00:03Z
2026-07-27T02:00:26+08:00,10,1643749998,Chapter 10：Weird person-2,https://www.wattpad.com/1643749998-planet-phoenix-chapter-10%EF%BC%9Aweird-person-2,3,0,1,36.01,2026-07-25T06:00:02Z
2026-07-27T02:00:26+08:00,11,1643750323,Chapter 11：Weird person-3,https://www.wattpad.com/1643750323-planet-phoenix-chapter-11%EF%BC%9Aweird-person-3,1,0,0,22.01,2026-07-25T20:00:02Z
2026-07-27T02:00:26+08:00,12,1643751148,Chapter 12：Homestead,https://www.wattpad.com/1643751148-planet-phoenix-chapter-12%EF%BC%9Ahomestead,0,0,0,8.01,2026-07-26T10:00:03Z
2026-07-27T03:00:29+08:00,1,1643734560,Chapter 1 massive earthquake-1,https://www.wattpad.com/1643734560-planet-phoenix-chapter-1-massive-earthquake-1,9,0,0,163.01,2026-07-20T00:00:02Z
2026-07-27T03:00:29+08:00,2,1643743618,Chapter 2 massive earthquake-2,https://www.wattpad.com/1643743618-planet-phoenix-chapter-2-massive-earthquake-2,8,0,0,149.01,2026-07-20T14:00:02Z
2026-07-27T03:00:29+08:00,3,1643746352,Chapter 3 massive earthquake-3,https://www.wattpad.com/1643746352-planet-phoenix-chapter-3-massive-earthquake-3,3,0,0,135.01,2026-07-21T04:00:02Z
2026-07-27T03:00:29+08:00,4,1643746654,Chapter 4 massive earthquake-4,https://www.wattpad.com/1643746654-planet-phoenix-chapter-4-massive-earthquake-4,8,1,-1,121.01,2026-07-21T18:00:02Z
2026-07-27T03:00:29+08:00,5,1643747136,Chapter 5 Escape from death,https://www.wattpad.com/1643747136-planet-phoenix-chapter-5-escape-from-death,1,0,0,107.01,2026-07-22T08:00:03Z
2026-07-27T03:00:29+08:00,6,1643747955,Chapter 6：Interlude,https://www.wattpad.com/1643747955-planet-phoenix-chapter-6%EF%BC%9Ainterlude,6,0,0,93.01,2026-07-22T22:00:02Z
2026-07-27T03:00:29+08:00,7,1643748308,Chapter 7：The cabin in the forest,https://www.wattpad.com/1643748308-planet-phoenix-chapter-7%EF%BC%9Athe-cabin-in-the-forest,7,0,1,79.01,2026-07-23T12:00:02Z
2026-07-27T03:00:29+08:00,8,1643748909,Chapter 8：Weird person in the train,https://www.wattpad.com/1643748909-planet-phoenix-chapter-8%EF%BC%9Aweird-person-in-the-train,3,0,0,65.01,2026-07-24T02:00:02Z
2026-07-27T03:00:29+08:00,9,1643749360,Chapter 9：Weird person-1,https://www.wattpad.com/1643749360-planet-phoenix-chapter-9%EF%BC%9Aweird-person-1,0,0,0,51.01,2026-07-24T16:00:03Z
2026-07-27T03:00:29+08:00,10,1643749998,Chapter 10：Weird person-2,https://www.wattpad.com/1643749998-planet-phoenix-chapter-10%EF%BC%9Aweird-person-2,3,0,1,37.01,2026-07-25T06:00:02Z
2026-07-27T03:00:29+08:00,11,1643750323,Chapter 11：Weird person-3,https://www.wattpad.com/1643750323-planet-phoenix-chapter-11%EF%BC%9Aweird-person-3,1,0,0,23.01,2026-07-25T20:00:02Z
2026-07-27T03:00:29+08:00,12,1643751148,Chapter 12：Homestead,https://www.wattpad.com/1643751148-planet-phoenix-chapter-12%EF%BC%9Ahomestead,0,0,0,9.01,2026-07-26T10:00:03Z
2026-07-27T04:00:31+08:00,1,1643734560,Chapter 1 massive earthquake-1,https://www.wattpad.com/1643734560-planet-phoenix-chapter-1-massive-earthquake-1,9,0,0,164.01,2026-07-20T00:00:02Z
2026-07-27T04:00:31+08:00,2,1643743618,Chapter 2 massive earthquake-2,https://www.wattpad.com/1643743618-planet-phoenix-chapter-2-massive-earthquake-2,8,0,0,150.01,2026-07-20T14:00:02Z
2026-07-27T04:00:31+08:00,3,1643746352,Chapter 3 massive earthquake-3,https://www.wattpad.com/1643746352-planet-phoenix-chapter-3-massive-earthquake-3,3,0,0,136.01,2026-07-21T04:00:02Z
2026-07-27T04:00:31+08:00,4,1643746654,Chapter 4 massive earthquake-4,https://www.wattpad.com/1643746654-planet-phoenix-chapter-4-massive-earthquake-4,8,1,-1,122.01,2026-07-21T18:00:02Z
2026-07-27T04:00:31+08:00,5,1643747136,Chapter 5 Escape from death,https://www.wattpad.com/1643747136-planet-phoenix-chapter-5-escape-from-death,1,0,0,108.01,2026-07-22T08:00:03Z
2026-07-27T04:00:31+08:00,6,1643747955,Chapter 6：Interlude,https://www.wattpad.com/1643747955-planet-phoenix-chapter-6%EF%BC%9Ainterlude,6,0,0,94.01,2026-07-22T22:00:02Z
2026-07-27T04:00:31+08:00,7,1643748308,Chapter 7：The cabin in the forest,https://www.wattpad.com/1643748308-planet-phoenix-chapter-7%EF%BC%9Athe-cabin-in-the-forest,7,0,1,80.01,2026-07-23T12:00:02Z
2026-07-27T04:00:31+08:00,8,1643748909,Chapter 8：Weird person in the train,https://www.wattpad.com/1643748909-planet-phoenix-chapter-8%EF%BC%9Aweird-person-in-the-train,3,0,0,66.01,2026-07-24T02:00:02Z
2026-07-27T04:00:31+08:00,9,1643749360,Chapter 9：Weird person-1,https://www.wattpad.com/1643749360-planet-phoenix-chapter-9%EF%BC%9Aweird-person-1,0,0,0,52.01,2026-07-24T16:00:03Z
2026-07-27T04:00:31+08:00,10,1643749998,Chapter 10：Weird person-2,https://www.wattpad.com/1643749998-planet-phoenix-chapter-10%EF%BC%9Aweird-person-2,3,0,1,38.01,2026-07-25T06:00:02Z
2026-07-27T04:00:31+08:00,11,1643750323,Chapter 11：Weird person-3,https://www.wattpad.com/1643750323-planet-phoenix-chapter-11%EF%BC%9Aweird-person-3,1,0,0,24.01,2026-07-25T20:00:02Z
2026-07-27T04:00:31+08:00,12,1643751148,Chapter 12：Homestead,https://www.wattpad.com/1643751148-planet-phoenix-chapter-12%EF%BC%9Ahomestead,0,0,0,10.01,2026-07-26T10:00:03Z
2026-07-27T05:00:30+08:00,1,1643734560,Chapter 1 massive earthquake-1,https://www.wattpad.com/1643734560-planet-phoenix-chapter-1-massive-earthquake-1,9,0,0,165.01,2026-07-20T00:00:02Z
2026-07-27T05:00:30+08:00,2,1643743618,Chapter 2 massive earthquake-2,https://www.wattpad.com/1643743618-planet-phoenix-chapter-2-massive-earthquake-2,8,0,0,151.01,2026-07-20T14:00:02Z
2026-07-27T05:00:30+08:00,3,1643746352,Chapter 3 massive earthquake-3,https://www.wattpad.com/1643746352-planet-phoenix-chapter-3-massive-earthquake-3,3,0,0,137.01,2026-07-21T04:00:02Z
2026-07-27T05:00:30+08:00,4,1643746654,Chapter 4 massive earthquake-4,https://www.wattpad.com/1643746654-planet-phoenix-chapter-4-massive-earthquake-4,8,1,-1,123.01,2026-07-21T18:00:02Z
2026-07-27T05:00:30+08:00,5,1643747136,Chapter 5 Escape from death,https://www.wattpad.com/1643747136-planet-phoenix-chapter-5-escape-from-death,1,0,0,109.01,2026-07-22T08:00:03Z
2026-07-27T05:00:30+08:00,6,1643747955,Chapter 6：Interlude,https://www.wattpad.com/1643747955-planet-phoenix-chapter-6%EF%BC%9Ainterlude,6,0,0,95.01,2026-07-22T22:00:02Z
2026-07-27T05:00:30+08:00,7,1643748308,Chapter 7：The cabin in the forest,https://www.wattpad.com/1643748308-planet-phoenix-chapter-7%EF%BC%9Athe-cabin-in-the-forest,7,0,1,81.01,2026-07-23T12:00:02Z
2026-07-27T05:00:30+08:00,8,1643748909,Chapter 8：Weird person in the train,https://www.wattpad.com/1643748909-planet-phoenix-chapter-8%EF%BC%9Aweird-person-in-the-train,3,0,0,67.01,2026-07-24T02:00:02Z
2026-07-27T05:00:30+08:00,9,1643749360,Chapter 9：Weird person-1,https://www.wattpad.com/1643749360-planet-phoenix-chapter-9%EF%BC%9Aweird-person-1,0,0,0,53.01,2026-07-24T16:00:03Z
2026-07-27T05:00:30+08:00,10,1643749998,Chapter 10：Weird person-2,https://www.wattpad.com/1643749998-planet-phoenix-chapter-10%EF%BC%9Aweird-person-2,3,0,1,39.01,2026-07-25T06:00:02Z
2026-07-27T05:00:30+08:00,11,1643750323,Chapter 11：Weird person-3,https://www.wattpad.com/1643750323-planet-phoenix-chapter-11%EF%BC%9Aweird-person-3,1,0,0,25.01,2026-07-25T20:00:02Z
2026-07-27T05:00:30+08:00,12,1643751148,Chapter 12：Homestead,https://www.wattpad.com/1643751148-planet-phoenix-chapter-12%EF%BC%9Ahomestead,0,0,0,11.01,2026-07-26T10:00:03Z
2026-07-27T06:00:28+08:00,1,1643734560,Chapter 1 massive earthquake-1,https://www.wattpad.com/1643734560-planet-phoenix-chapter-1-massive-earthquake-1,9,0,0,166.01,2026-07-20T00:00:02Z
2026-07-27T06:00:28+08:00,2,1643743618,Chapter 2 massive earthquake-2,https://www.wattpad.com/1643743618-planet-phoenix-chapter-2-massive-earthquake-2,8,0,0,152.01,2026-07-20T14:00:02Z
2026-07-27T06:00:28+08:00,3,1643746352,Chapter 3 massive earthquake-3,https://www.wattpad.com/1643746352-planet-phoenix-chapter-3-massive-earthquake-3,4,0,0,138.01,2026-07-21T04:00:02Z
2026-07-27T06:00:28+08:00,4,1643746654,Chapter 4 massive earthquake-4,https://www.wattpad.com/1643746654-planet-phoenix-chapter-4-massive-earthquake-4,8,1,-1,124.01,2026-07-21T18:00:02Z
2026-07-27T06:00:28+08:00,5,1643747136,Chapter 5 Escape from death,https://www.wattpad.com/1643747136-planet-phoenix-chapter-5-escape-from-death,1,0,0,110.01,2026-07-22T08:00:03Z
2026-07-27T06:00:28+08:00,6,1643747955,Chapter 6：Interlude,https://www.wattpad.com/1643747955-planet-phoenix-chapter-6%EF%BC%9Ainterlude,6,0,0,96.01,2026-07-22T22:00:02Z
2026-07-27T06:00:28+08:00,7,1643748308,Chapter 7：The cabin in the forest,https://www.wattpad.com/1643748308-planet-phoenix-chapter-7%EF%BC%9Athe-cabin-in-the-forest,7,0,1,82.01,2026-07-23T12:00:02Z
2026-07-27T06:00:28+08:00,8,1643748909,Chapter 8：Weird person in the train,https://www.wattpad.com/1643748909-planet-phoenix-chapter-8%EF%BC%9Aweird-person-in-the-train,3,0,0,68.01,2026-07-24T02:00:02Z
2026-07-27T06:00:28+08:00,9,1643749360,Chapter 9：Weird person-1,https://www.wattpad.com/1643749360-planet-phoenix-chapter-9%EF%BC%9Aweird-person-1,0,0,0,54.01,2026-07-24T16:00:03Z
2026-07-27T06:00:28+08:00,10,1643749998,Chapter 10：Weird person-2,https://www.wattpad.com/1643749998-planet-phoenix-chapter-10%EF%BC%9Aweird-person-2,3,0,1,40.01,2026-07-25T06:00:02Z
2026-07-27T06:00:28+08:00,11,1643750323,Chapter 11：Weird person-3,https://www.wattpad.com/1643750323-planet-phoenix-chapter-11%EF%BC%9Aweird-person-3,1,0,0,26.01,2026-07-25T20:00:02Z
2026-07-27T06:00:28+08:00,12,1643751148,Chapter 12：Homestead,https://www.wattpad.com/1643751148-planet-phoenix-chapter-12%EF%BC%9Ahomestead,0,0,0,12.01,2026-07-26T10:00:03Z
2026-07-27T07:00:28+08:00,1,1643734560,Chapter 1 massive earthquake-1,https://www.wattpad.com/1643734560-planet-phoenix-chapter-1-massive-earthquake-1,9,0,0,167.01,2026-07-20T00:00:02Z
2026-07-27T07:00:28+08:00,2,1643743618,Chapter 2 massive earthquake-2,https://www.wattpad.com/1643743618-planet-phoenix-chapter-2-massive-earthquake-2,8,0,0,153.01,2026-07-20T14:00:02Z
2026-07-27T07:00:28+08:00,3,1643746352,Chapter 3 massive earthquake-3,https://www.wattpad.com/1643746352-planet-phoenix-chapter-3-massive-earthquake-3,4,0,0,139.01,2026-07-21T04:00:02Z
2026-07-27T07:00:28+08:00,4,1643746654,Chapter 4 massive earthquake-4,https://www.wattpad.com/1643746654-planet-phoenix-chapter-4-massive-earthquake-4,8,1,-1,125.01,2026-07-21T18:00:02Z
2026-07-27T07:00:28+08:00,5,1643747136,Chapter 5 Escape from death,https://www.wattpad.com/1643747136-planet-phoenix-chapter-5-escape-from-death,1,0,0,111.01,2026-07-22T08:00:03Z
2026-07-27T07:00:28+08:00,6,1643747955,Chapter 6：Interlude,https://www.wattpad.com/1643747955-planet-phoenix-chapter-6%EF%BC%9Ainterlude,6,0,0,97.01,2026-07-22T22:00:02Z
2026-07-27T07:00:28+08:00,7,1643748308,Chapter 7：The cabin in the forest,https://www.wattpad.com/1643748308-planet-phoenix-chapter-7%EF%BC%9Athe-cabin-in-the-forest,7,0,1,83.01,2026-07-23T12:00:02Z
2026-07-27T07:00:28+08:00,8,1643748909,Chapter 8：Weird person in the train,https://www.wattpad.com/1643748909-planet-phoenix-chapter-8%EF%BC%9Aweird-person-in-the-train,3,0,0,69.01,2026-07-24T02:00:02Z
2026-07-27T07:00:28+08:00,9,1643749360,Chapter 9：Weird person-1,https://www.wattpad.com/1643749360-planet-phoenix-chapter-9%EF%BC%9Aweird-person-1,0,0,0,55.01,2026-07-24T16:00:03Z
2026-07-27T07:00:28+08:00,10,1643749998,Chapter 10：Weird person-2,https://www.wattpad.com/1643749998-planet-phoenix-chapter-10%EF%BC%9Aweird-person-2,3,0,1,41.01,2026-07-25T06:00:02Z
2026-07-27T07:00:28+08:00,11,1643750323,Chapter 11：Weird person-3,https://www.wattpad.com/1643750323-planet-phoenix-chapter-11%EF%BC%9Aweird-person-3,1,0,0,27.01,2026-07-25T20:00:02Z
2026-07-27T07:00:28+08:00,12,1643751148,Chapter 12：Homestead,https://www.wattpad.com/1643751148-planet-phoenix-chapter-12%EF%BC%9Ahomestead,0,0,0,13.01,2026-07-26T10:00:03Z
2026-07-27T08:00:32+08:00,1,1643734560,Chapter 1 massive earthquake-1,https://www.wattpad.com/1643734560-planet-phoenix-chapter-1-massive-earthquake-1,10,0,0,168.01,2026-07-20T00:00:02Z
2026-07-27T08:00:32+08:00,2,1643743618,Chapter 2 massive earthquake-2,https://www.wattpad.com/1643743618-planet-phoenix-chapter-2-massive-earthquake-2,8,0,0,154.01,2026-07-20T14:00:02Z
2026-07-27T08:00:32+08:00,3,1643746352,Chapter 3 massive earthquake-3,https://www.wattpad.com/1643746352-planet-phoenix-chapter-3-massive-earthquake-3,4,0,0,140.01,2026-07-21T04:00:02Z
2026-07-27T08:00:32+08:00,4,1643746654,Chapter 4 massive earthquake-4,https://www.wattpad.com/1643746654-planet-phoenix-chapter-4-massive-earthquake-4,9,1,-1,126.01,2026-07-21T18:00:02Z
2026-07-27T08:00:32+08:00,5,1643747136,Chapter 5 Escape from death,https://www.wattpad.com/1643747136-planet-phoenix-chapter-5-escape-from-death,1,0,0,112.01,2026-07-22T08:00:03Z
2026-07-27T08:00:32+08:00,6,1643747955,Chapter 6：Interlude,https://www.wattpad.com/1643747955-planet-phoenix-chapter-6%EF%BC%9Ainterlude,7,0,0,98.01,2026-07-22T22:00:02Z
2026-07-27T08:00:32+08:00,7,1643748308,Chapter 7：The cabin in the forest,https://www.wattpad.com/1643748308-planet-phoenix-chapter-7%EF%BC%9Athe-cabin-in-the-forest,7,0,1,84.01,2026-07-23T12:00:02Z
2026-07-27T08:00:32+08:00,8,1643748909,Chapter 8：Weird person in the train,https://www.wattpad.com/1643748909-planet-phoenix-chapter-8%EF%BC%9Aweird-person-in-the-train,3,0,0,70.01,2026-07-24T02:00:02Z
2026-07-27T08:00:32+08:00,9,1643749360,Chapter 9：Weird person-1,https://www.wattpad.com/1643749360-planet-phoenix-chapter-9%EF%BC%9Aweird-person-1,0,0,0,56.01,2026-07-24T16:00:03Z
2026-07-27T08:00:32+08:00,10,1643749998,Chapter 10：Weird person-2,https://www.wattpad.com/1643749998-planet-phoenix-chapter-10%EF%BC%9Aweird-person-2,3,0,1,42.01,2026-07-25T06:00:02Z
2026-07-27T08:00:32+08:00,11,1643750323,Chapter 11：Weird person-3,https://www.wattpad.com/1643750323-planet-phoenix-chapter-11%EF%BC%9Aweird-person-3,1,0,0,28.01,2026-07-25T20:00:02Z
2026-07-27T08:00:32+08:00,12,1643751148,Chapter 12：Homestead,https://www.wattpad.com/1643751148-planet-phoenix-chapter-12%EF%BC%9Ahomestead,0,0,0,14.01,2026-07-26T10:00:03Z
2026-07-27T08:00:32+08:00,13,1643843952,Chapter 13：Report anomalous individuals-1,https://www.wattpad.com/1643843952-planet-phoenix-chapter-13%EF%BC%9Areport-anomalous,0,0,0,0.01,2026-07-27T00:00:02Z
2026-07-27T09:00:32+08:00,1,1643734560,Chapter 1 massive earthquake-1,https://www.wattpad.com/1643734560-planet-phoenix-chapter-1-massive-earthquake-1,10,0,0,169.01,2026-07-20T00:00:02Z
2026-07-27T09:00:32+08:00,2,1643743618,Chapter 2 massive earthquake-2,https://www.wattpad.com/1643743618-planet-phoenix-chapter-2-massive-earthquake-2,8,0,0,155.01,2026-07-20T14:00:02Z
2026-07-27T09:00:32+08:00,3,1643746352,Chapter 3 massive earthquake-3,https://www.wattpad.com/1643746352-planet-phoenix-chapter-3-massive-earthquake-3,4,0,0,141.01,2026-07-21T04:00:02Z
2026-07-27T09:00:32+08:00,4,1643746654,Chapter 4 massive earthquake-4,https://www.wattpad.com/1643746654-planet-phoenix-chapter-4-massive-earthquake-4,9,1,-1,127.01,2026-07-21T18:00:02Z
2026-07-27T09:00:32+08:00,5,1643747136,Chapter 5 Escape from death,https://www.wattpad.com/1643747136-planet-phoenix-chapter-5-escape-from-death,1,0,0,113.01,2026-07-22T08:00:03Z
2026-07-27T09:00:32+08:00,6,1643747955,Chapter 6：Interlude,https://www.wattpad.com/1643747955-planet-phoenix-chapter-6%EF%BC%9Ainterlude,7,0,0,99.01,2026-07-22T22:00:02Z
2026-07-27T09:00:32+08:00,7,1643748308,Chapter 7：The cabin in the forest,https://www.wattpad.com/1643748308-planet-phoenix-chapter-7%EF%BC%9Athe-cabin-in-the-forest,7,0,1,85.01,2026-07-23T12:00:02Z
2026-07-27T09:00:32+08:00,8,1643748909,Chapter 8：Weird person in the train,https://www.wattpad.com/1643748909-planet-phoenix-chapter-8%EF%BC%9Aweird-person-in-the-train,3,0,0,71.01,2026-07-24T02:00:02Z
2026-07-27T09:00:32+08:00,9,1643749360,Chapter 9：Weird person-1,https://www.wattpad.com/1643749360-planet-phoenix-chapter-9%EF%BC%9Aweird-person-1,0,0,0,57.01,2026-07-24T16:00:03Z
2026-07-27T09:00:32+08:00,10,1643749998,Chapter 10：Weird person-2,https://www.wattpad.com/1643749998-planet-phoenix-chapter-10%EF%BC%9Aweird-person-2,3,0,1,43.01,2026-07-25T06:00:02Z
2026-07-27T09:00:32+08:00,11,1643750323,Chapter 11：Weird person-3,https://www.wattpad.com/1643750323-planet-phoenix-chapter-11%EF%BC%9Aweird-person-3,1,0,0,29.01,2026-07-25T20:00:02Z
2026-07-27T09:00:32+08:00,12,1643751148,Chapter 12：Homestead,https://www.wattpad.com/1643751148-planet-phoenix-chapter-12%EF%BC%9Ahomestead,0,0,0,15.01,2026-07-26T10:00:03Z
2026-07-27T09:00:32+08:00,13,1643843952,Chapter 13：Report anomalous individuals-1,https://www.wattpad.com/1643843952-planet-phoenix-chapter-13%EF%BC%9Areport-anomalous,0,0,0,1.01,2026-07-27T00:00:02Z
2026-07-27T10:00:30+08:00,1,1643734560,Chapter 1 massive earthquake-1,https://www.wattpad.com/1643734560-planet-phoenix-chapter-1-massive-earthquake-1,10,0,0,170.01,2026-07-20T00:00:02Z
2026-07-27T10:00:30+08:00,2,1643743618,Chapter 2 massive earthquake-2,https://www.wattpad.com/1643743618-planet-phoenix-chapter-2-massive-earthquake-2,8,0,0,156.01,2026-07-20T14:00:02Z
2026-07-27T10:00:30+08:00,3,1643746352,Chapter 3 massive earthquake-3,https://www.wattpad.com/1643746352-planet-phoenix-chapter-3-massive-earthquake-3,4,0,0,142.01,2026-07-21T04:00:02Z
2026-07-27T10:00:30+08:00,4,1643746654,Chapter 4 massive earthquake-4,https://www.wattpad.com/1643746654-planet-phoenix-chapter-4-massive-earthquake-4,9,1,-1,128.01,2026-07-21T18:00:02Z
2026-07-27T10:00:30+08:00,5,1643747136,Chapter 5 Escape from death,https://www.wattpad.com/1643747136-planet-phoenix-chapter-5-escape-from-death,1,0,0,114.01,2026-07-22T08:00:03Z
2026-07-27T10:00:30+08:00,6,1643747955,Chapter 6：Interlude,https://www.wattpad.com/1643747955-planet-phoenix-chapter-6%EF%BC%9Ainterlude,7,0,0,100.01,2026-07-22T22:00:02Z
2026-07-27T10:00:30+08:00,7,1643748308,Chapter 7：The cabin in the forest,https://www.wattpad.com/1643748308-planet-phoenix-chapter-7%EF%BC%9Athe-cabin-in-the-forest,7,0,1,86.01,2026-07-23T12:00:02Z
2026-07-27T10:00:30+08:00,8,1643748909,Chapter 8：Weird person in the train,https://www.wattpad.com/1643748909-planet-phoenix-chapter-8%EF%BC%9Aweird-person-in-the-train,3,0,0,72.01,2026-07-24T02:00:02Z
2026-07-27T10:00:30+08:00,9,1643749360,Chapter 9：Weird person-1,https://www.wattpad.com/1643749360-planet-phoenix-chapter-9%EF%BC%9Aweird-person-1,0,0,0,58.01,2026-07-24T16:00:03Z
2026-07-27T10:00:30+08:00,10,1643749998,Chapter 10：Weird person-2,https://www.wattpad.com/1643749998-planet-phoenix-chapter-10%EF%BC%9Aweird-person-2,3,0,1,44.01,2026-07-25T06:00:02Z
2026-07-27T10:00:30+08:00,11,1643750323,Chapter 11：Weird person-3,https://www.wattpad.com/1643750323-planet-phoenix-chapter-11%EF%BC%9Aweird-person-3,1,0,0,30.01,2026-07-25T20:00:02Z
2026-07-27T10:00:30+08:00,12,1643751148,Chapter 12：Homestead,https://www.wattpad.com/1643751148-planet-phoenix-chapter-12%EF%BC%9Ahomestead,0,0,0,16.01,2026-07-26T10:00:03Z
2026-07-27T10:00:30+08:00,13,1643843952,Chapter 13：Report anomalous individuals-1,https://www.wattpad.com/1643843952-planet-phoenix-chapter-13%EF%BC%9Areport-anomalous,0,0,0,2.01,2026-07-27T00:00:02Z
2026-07-27T11:00:33+08:00,1,1643734560,Chapter 1 massive earthquake-1,https://www.wattpad.com/1643734560-planet-phoenix-chapter-1-massive-earthquake-1,10,0,0,171.01,2026-07-20T00:00:02Z
2026-07-27T11:00:33+08:00,2,1643743618,Chapter 2 massive earthquake-2,https://www.wattpad.com/1643743618-planet-phoenix-chapter-2-massive-earthquake-2,8,0,0,157.01,2026-07-20T14:00:02Z
2026-07-27T11:00:33+08:00,3,1643746352,Chapter 3 massive earthquake-3,https://www.wattpad.com/1643746352-planet-phoenix-chapter-3-massive-earthquake-3,4,0,0,143.01,2026-07-21T04:00:02Z
2026-07-27T11:00:33+08:00,4,1643746654,Chapter 4 massive earthquake-4,https://www.wattpad.com/1643746654-planet-phoenix-chapter-4-massive-earthquake-4,9,1,-1,129.01,2026-07-21T18:00:02Z
2026-07-27T11:00:33+08:00,5,1643747136,Chapter 5 Escape from death,https://www.wattpad.com/1643747136-planet-phoenix-chapter-5-escape-from-death,1,0,0,115.01,2026-07-22T08:00:03Z
2026-07-27T11:00:33+08:00,6,1643747955,Chapter 6：Interlude,https://www.wattpad.com/1643747955-planet-phoenix-chapter-6%EF%BC%9Ainterlude,7,0,0,101.01,2026-07-22T22:00:02Z
2026-07-27T11:00:33+08:00,7,1643748308,Chapter 7：The cabin in the forest,https://www.wattpad.com/1643748308-planet-phoenix-chapter-7%EF%BC%9Athe-cabin-in-the-forest,7,0,1,87.01,2026-07-23T12:00:02Z
2026-07-27T11:00:33+08:00,8,1643748909,Chapter 8：Weird person in the train,https://www.wattpad.com/1643748909-planet-phoenix-chapter-8%EF%BC%9Aweird-person-in-the-train,3,0,0,73.01,2026-07-24T02:00:02Z
2026-07-27T11:00:33+08:00,9,1643749360,Chapter 9：Weird person-1,https://www.wattpad.com/1643749360-planet-phoenix-chapter-9%EF%BC%9Aweird-person-1,0,0,0,59.01,2026-07-24T16:00:03Z
2026-07-27T11:00:33+08:00,10,1643749998,Chapter 10：Weird person-2,https://www.wattpad.com/1643749998-planet-phoenix-chapter-10%EF%BC%9Aweird-person-2,3,0,1,45.01,2026-07-25T06:00:02Z
2026-07-27T11:00:33+08:00,11,1643750323,Chapter 11：Weird person-3,https://www.wattpad.com/1643750323-planet-phoenix-chapter-11%EF%BC%9Aweird-person-3,1,0,0,31.01,2026-07-25T20:00:02Z
2026-07-27T11:00:33+08:00,12,1643751148,Chapter 12：Homestead,https://www.wattpad.com/1643751148-planet-phoenix-chapter-12%EF%BC%9Ahomestead,0,0,0,17.01,2026-07-26T10:00:03Z
2026-07-27T11:00:33+08:00,13,1643843952,Chapter 13：Report anomalous individuals-1,https://www.wattpad.com/1643843952-planet-phoenix-chapter-13%EF%BC%9Areport-anomalous,0,0,0,3.01,2026-07-27T00:00:02Z
2026-07-27T12:00:33+08:00,1,1643734560,Chapter 1 massive earthquake-1,https://www.wattpad.com/1643734560-planet-phoenix-chapter-1-massive-earthquake-1,10,0,0,172.01,2026-07-20T00:00:02Z
2026-07-27T12:00:33+08:00,2,1643743618,Chapter 2 massive earthquake-2,https://www.wattpad.com/1643743618-planet-phoenix-chapter-2-massive-earthquake-2,8,0,0,158.01,2026-07-20T14:00:02Z
2026-07-27T12:00:33+08:00,3,1643746352,Chapter 3 massive earthquake-3,https://www.wattpad.com/1643746352-planet-phoenix-chapter-3-massive-earthquake-3,4,0,0,144.01,2026-07-21T04:00:02Z
2026-07-27T12:00:33+08:00,4,1643746654,Chapter 4 massive earthquake-4,https://www.wattpad.com/1643746654-planet-phoenix-chapter-4-massive-earthquake-4,9,1,-1,130.01,2026-07-21T18:00:02Z
2026-07-27T12:00:33+08:00,5,1643747136,Chapter 5 Escape from death,https://www.wattpad.com/1643747136-planet-phoenix-chapter-5-escape-from-death,1,0,0,116.01,2026-07-22T08:00:03Z
2026-07-27T12:00:33+08:00,6,1643747955,Chapter 6：Interlude,https://www.wattpad.com/1643747955-planet-phoenix-chapter-6%EF%BC%9Ainterlude,7,0,0,102.01,2026-07-22T22:00:02Z
2026-07-27T12:00:33+08:00,7,1643748308,Chapter 7：The cabin in the forest,https://www.wattpad.com/1643748308-planet-phoenix-chapter-7%EF%BC%9Athe-cabin-in-the-forest,7,0,1,88.01,2026-07-23T12:00:02Z
2026-07-27T12:00:33+08:00,8,1643748909,Chapter 8：Weird person in the train,https://www.wattpad.com/1643748909-planet-phoenix-chapter-8%EF%BC%9Aweird-person-in-the-train,3,0,0,74.01,2026-07-24T02:00:02Z
2026-07-27T12:00:33+08:00,9,1643749360,Chapter 9：Weird person-1,https://www.wattpad.com/1643749360-planet-phoenix-chapter-9%EF%BC%9Aweird-person-1,0,0,0,60.01,2026-07-24T16:00:03Z
2026-07-27T12:00:33+08:00,10,1643749998,Chapter 10：Weird person-2,https://www.wattpad.com/1643749998-planet-phoenix-chapter-10%EF%BC%9Aweird-person-2,3,0,1,46.01,2026-07-25T06:00:02Z
2026-07-27T12:00:33+08:00,11,1643750323,Chapter 11：Weird person-3,https://www.wattpad.com/1643750323-planet-phoenix-chapter-11%EF%BC%9Aweird-person-3,1,0,0,32.01,2026-07-25T20:00:02Z
2026-07-27T12:00:33+08:00,12,1643751148,Chapter 12：Homestead,https://www.wattpad.com/1643751148-planet-phoenix-chapter-12%EF%BC%9Ahomestead,0,0,0,18.01,2026-07-26T10:00:03Z
2026-07-27T12:00:33+08:00,13,1643843952,Chapter 13：Report anomalous individuals-1,https://www.wattpad.com/1643843952-planet-phoenix-chapter-13%EF%BC%9Areport-anomalous,0,0,0,4.01,2026-07-27T00:00:02Z
2026-07-27T13:00:32+08:00,1,1643734560,Chapter 1 massive earthquake-1,https://www.wattpad.com/1643734560-planet-phoenix-chapter-1-massive-earthquake-1,10,0,0,173.01,2026-07-20T00:00:02Z
2026-07-27T13:00:32+08:00,2,1643743618,Chapter 2 massive earthquake-2,https://www.wattpad.com/1643743618-planet-phoenix-chapter-2-massive-earthquake-2,8,0,0,159.01,2026-07-20T14:00:02Z
2026-07-27T13:00:32+08:00,3,1643746352,Chapter 3 massive earthquake-3,https://www.wattpad.com/1643746352-planet-phoenix-chapter-3-massive-earthquake-3,4,0,0,145.01,2026-07-21T04:00:02Z
2026-07-27T13:00:32+08:00,4,1643746654,Chapter 4 massive earthquake-4,https://www.wattpad.com/1643746654-planet-phoenix-chapter-4-massive-earthquake-4,9,1,-1,131.01,2026-07-21T18:00:02Z
2026-07-27T13:00:32+08:00,5,1643747136,Chapter 5 Escape from death,https://www.wattpad.com/1643747136-planet-phoenix-chapter-5-escape-from-death,1,0,0,117.01,2026-07-22T08:00:03Z
2026-07-27T13:00:32+08:00,6,1643747955,Chapter 6：Interlude,https://www.wattpad.com/1643747955-planet-phoenix-chapter-6%EF%BC%9Ainterlude,7,0,0,103.01,2026-07-22T22:00:02Z
2026-07-27T13:00:32+08:00,7,1643748308,Chapter 7：The cabin in the forest,https://www.wattpad.com/1643748308-planet-phoenix-chapter-7%EF%BC%9Athe-cabin-in-the-forest,7,0,1,89.01,2026-07-23T12:00:02Z
2026-07-27T13:00:32+08:00,8,1643748909,Chapter 8：Weird person in the train,https://www.wattpad.com/1643748909-planet-phoenix-chapter-8%EF%BC%9Aweird-person-in-the-train,3,0,0,75.01,2026-07-24T02:00:02Z
2026-07-27T13:00:32+08:00,9,1643749360,Chapter 9：Weird person-1,https://www.wattpad.com/1643749360-planet-phoenix-chapter-9%EF%BC%9Aweird-person-1,0,0,0,61.01,2026-07-24T16:00:03Z
2026-07-27T13:00:32+08:00,10,1643749998,Chapter 10：Weird person-2,https://www.wattpad.com/1643749998-planet-phoenix-chapter-10%EF%BC%9Aweird-person-2,3,0,1,47.01,2026-07-25T06:00:02Z
2026-07-27T13:00:32+08:00,11,1643750323,Chapter 11：Weird person-3,https://www.wattpad.com/1643750323-planet-phoenix-chapter-11%EF%BC%9Aweird-person-3,1,0,0,33.01,2026-07-25T20:00:02Z
2026-07-27T13:00:32+08:00,12,1643751148,Chapter 12：Homestead,https://www.wattpad.com/1643751148-planet-phoenix-chapter-12%EF%BC%9Ahomestead,0,0,0,19.01,2026-07-26T10:00:03Z
2026-07-27T13:00:32+08:00,13,1643843952,Chapter 13：Report anomalous individuals-1,https://www.wattpad.com/1643843952-planet-phoenix-chapter-13%EF%BC%9Areport-anomalous,0,0,0,5.01,2026-07-27T00:00:02Z
2026-07-27T14:00:35+08:00,1,1643734560,Chapter 1 massive earthquake-1,https://www.wattpad.com/1643734560-planet-phoenix-chapter-1-massive-earthquake-1,10,0,0,174.01,2026-07-20T00:00:02Z
2026-07-27T14:00:35+08:00,2,1643743618,Chapter 2 massive earthquake-2,https://www.wattpad.com/1643743618-planet-phoenix-chapter-2-massive-earthquake-2,8,0,0,160.01,2026-07-20T14:00:02Z
2026-07-27T14:00:35+08:00,3,1643746352,Chapter 3 massive earthquake-3,https://www.wattpad.com/1643746352-planet-phoenix-chapter-3-massive-earthquake-3,4,0,0,146.01,2026-07-21T04:00:02Z
2026-07-27T14:00:35+08:00,4,1643746654,Chapter 4 massive earthquake-4,https://www.wattpad.com/1643746654-planet-phoenix-chapter-4-massive-earthquake-4,9,1,-1,132.01,2026-07-21T18:00:02Z
2026-07-27T14:00:35+08:00,5,1643747136,Chapter 5 Escape from death,https://www.wattpad.com/1643747136-planet-phoenix-chapter-5-escape-from-death,1,0,0,118.01,2026-07-22T08:00:03Z
2026-07-27T14:00:35+08:00,6,1643747955,Chapter 6：Interlude,https://www.wattpad.com/1643747955-planet-phoenix-chapter-6%EF%BC%9Ainterlude,7,0,0,104.01,2026-07-22T22:00:02Z
2026-07-27T14:00:35+08:00,7,1643748308,Chapter 7：The cabin in the forest,https://www.wattpad.com/1643748308-planet-phoenix-chapter-7%EF%BC%9Athe-cabin-in-the-forest,7,0,1,90.01,2026-07-23T12:00:02Z
2026-07-27T14:00:35+08:00,8,1643748909,Chapter 8：Weird person in the train,https://www.wattpad.com/1643748909-planet-phoenix-chapter-8%EF%BC%9Aweird-person-in-the-train,3,0,0,76.01,2026-07-24T02:00:02Z
2026-07-27T14:00:35+08:00,9,1643749360,Chapter 9：Weird person-1,https://www.wattpad.com/1643749360-planet-phoenix-chapter-9%EF%BC%9Aweird-person-1,0,0,0,62.01,2026-07-24T16:00:03Z
2026-07-27T14:00:35+08:00,10,1643749998,Chapter 10：Weird person-2,https://www.wattpad.com/1643749998-planet-phoenix-chapter-10%EF%BC%9Aweird-person-2,3,0,1,48.01,2026-07-25T06:00:02Z
2026-07-27T14:00:35+08:00,11,1643750323,Chapter 11：Weird person-3,https://www.wattpad.com/1643750323-planet-phoenix-chapter-11%EF%BC%9Aweird-person-3,1,0,0,34.01,2026-07-25T20:00:02Z
2026-07-27T14:00:35+08:00,12,1643751148,Chapter 12：Homestead,https://www.wattpad.com/1643751148-planet-phoenix-chapter-12%EF%BC%9Ahomestead,0,0,0,20.01,2026-07-26T10:00:03Z
2026-07-27T14:00:35+08:00,13,1643843952,Chapter 13：Report anomalous individuals-1,https://www.wattpad.com/1643843952-planet-phoenix-chapter-13%EF%BC%9Areport-anomalous,0,0,0,6.01,2026-07-27T00:00:02Z
2026-07-27T15:00:36+08:00,1,1643734560,Chapter 1 massive earthquake-1,https://www.wattpad.com/1643734560-planet-phoenix-chapter-1-massive-earthquake-1,10,0,0,175.01,2026-07-20T00:00:02Z
2026-07-27T15:00:36+08:00,2,1643743618,Chapter 2 massive earthquake-2,https://www.wattpad.com/1643743618-planet-phoenix-chapter-2-massive-earthquake-2,8,0,0,161.01,2026-07-20T14:00:02Z
2026-07-27T15:00:36+08:00,3,1643746352,Chapter 3 massive earthquake-3,https://www.wattpad.com/1643746352-planet-phoenix-chapter-3-massive-earthquake-3,4,0,0,147.01,2026-07-21T04:00:02Z
2026-07-27T15:00:36+08:00,4,1643746654,Chapter 4 massive earthquake-4,https://www.wattpad.com/1643746654-planet-phoenix-chapter-4-massive-earthquake-4,9,1,-1,133.01,2026-07-21T18:00:02Z
2026-07-27T15:00:36+08:00,5,1643747136,Chapter 5 Escape from death,https://www.wattpad.com/1643747136-planet-phoenix-chapter-5-escape-from-death,1,0,0,119.01,2026-07-22T08:00:03Z
2026-07-27T15:00:36+08:00,6,1643747955,Chapter 6：Interlude,https://www.wattpad.com/1643747955-planet-phoenix-chapter-6%EF%BC%9Ainterlude,7,0,0,105.01,2026-07-22T22:00:02Z
2026-07-27T15:00:36+08:00,7,1643748308,Chapter 7：The cabin in the forest,https://www.wattpad.com/1643748308-planet-phoenix-chapter-7%EF%BC%9Athe-cabin-in-the-forest,7,0,1,91.01,2026-07-23T12:00:02Z
2026-07-27T15:00:36+08:00,8,1643748909,Chapter 8：Weird person in the train,https://www.wattpad.com/1643748909-planet-phoenix-chapter-8%EF%BC%9Aweird-person-in-the-train,3,0,0,77.01,2026-07-24T02:00:02Z
2026-07-27T15:00:36+08:00,9,1643749360,Chapter 9：Weird person-1,https://www.wattpad.com/1643749360-planet-phoenix-chapter-9%EF%BC%9Aweird-person-1,0,0,0,63.01,2026-07-24T16:00:03Z
2026-07-27T15:00:36+08:00,10,1643749998,Chapter 10：Weird person-2,https://www.wattpad.com/1643749998-planet-phoenix-chapter-10%EF%BC%9Aweird-person-2,3,0,1,49.01,2026-07-25T06:00:02Z
2026-07-27T15:00:36+08:00,11,1643750323,Chapter 11：Weird person-3,https://www.wattpad.com/1643750323-planet-phoenix-chapter-11%EF%BC%9Aweird-person-3,1,0,0,35.01,2026-07-25T20:00:02Z
2026-07-27T15:00:36+08:00,12,1643751148,Chapter 12：Homestead,https://www.wattpad.com/1643751148-planet-phoenix-chapter-12%EF%BC%9Ahomestead,0,0,0,21.01,2026-07-26T10:00:03Z
2026-07-27T15:00:36+08:00,13,1643843952,Chapter 13：Report anomalous individuals-1,https://www.wattpad.com/1643843952-planet-phoenix-chapter-13%EF%BC%9Areport-anomalous,0,0,0,7.01,2026-07-27T00:00:02Z
2026-07-27T16:00:35+08:00,1,1643734560,Chapter 1 massive earthquake-1,https://www.wattpad.com/1643734560-planet-phoenix-chapter-1-massive-earthquake-1,10,0,0,176.01,2026-07-20T00:00:02Z
2026-07-27T16:00:35+08:00,2,1643743618,Chapter 2 massive earthquake-2,https://www.wattpad.com/1643743618-planet-phoenix-chapter-2-massive-earthquake-2,8,0,0,162.01,2026-07-20T14:00:02Z
2026-07-27T16:00:35+08:00,3,1643746352,Chapter 3 massive earthquake-3,https://www.wattpad.com/1643746352-planet-phoenix-chapter-3-massive-earthquake-3,4,0,0,148.01,2026-07-21T04:00:02Z
2026-07-27T16:00:35+08:00,4,1643746654,Chapter 4 massive earthquake-4,https://www.wattpad.com/1643746654-planet-phoenix-chapter-4-massive-earthquake-4,9,1,-1,134.01,2026-07-21T18:00:02Z
2026-07-27T16:00:35+08:00,5,1643747136,Chapter 5 Escape from death,https://www.wattpad.com/1643747136-planet-phoenix-chapter-5-escape-from-death,1,0,0,120.01,2026-07-22T08:00:03Z
2026-07-27T16:00:35+08:00,6,1643747955,Chapter 6：Interlude,https://www.wattpad.com/1643747955-planet-phoenix-chapter-6%EF%BC%9Ainterlude,7,0,0,106.01,2026-07-22T22:00:02Z
2026-07-27T16:00:35+08:00,7,1643748308,Chapter 7：The cabin in the forest,https://www.wattpad.com/1643748308-planet-phoenix-chapter-7%EF%BC%9Athe-cabin-in-the-forest,7,0,1,92.01,2026-07-23T12:00:02Z
2026-07-27T16:00:35+08:00,8,1643748909,Chapter 8：Weird person in the train,https://www.wattpad.com/1643748909-planet-phoenix-chapter-8%EF%BC%9Aweird-person-in-the-train,3,0,0,78.01,2026-07-24T02:00:02Z
2026-07-27T16:00:35+08:00,9,1643749360,Chapter 9：Weird person-1,https://www.wattpad.com/1643749360-planet-phoenix-chapter-9%EF%BC%9Aweird-person-1,0,0,0,64.01,2026-07-24T16:00:03Z
2026-07-27T16:00:35+08:00,10,1643749998,Chapter 10：Weird person-2,https://www.wattpad.com/1643749998-planet-phoenix-chapter-10%EF%BC%9Aweird-person-2,3,0,1,50.01,2026-07-25T06:00:02Z
2026-07-27T16:00:35+08:00,11,1643750323,Chapter 11：Weird person-3,https://www.wattpad.com/1643750323-planet-phoenix-chapter-11%EF%BC%9Aweird-person-3,1,0,0,36.01,2026-07-25T20:00:02Z
2026-07-27T16:00:35+08:00,12,1643751148,Chapter 12：Homestead,https://www.wattpad.com/1643751148-planet-phoenix-chapter-12%EF%BC%9Ahomestead,0,0,0,22.01,2026-07-26T10:00:03Z
2026-07-27T16:00:35+08:00,13,1643843952,Chapter 13：Report anomalous individuals-1,https://www.wattpad.com/1643843952-planet-phoenix-chapter-13%EF%BC%9Areport-anomalous,0,0,0,8.01,2026-07-27T00:00:02Z
2026-07-27T17:00:36+08:00,1,1643734560,Chapter 1 massive earthquake-1,https://www.wattpad.com/1643734560-planet-phoenix-chapter-1-massive-earthquake-1,10,0,0,177.01,2026-07-20T00:00:02Z
2026-07-27T17:00:36+08:00,2,1643743618,Chapter 2 massive earthquake-2,https://www.wattpad.com/1643743618-planet-phoenix-chapter-2-massive-earthquake-2,8,0,0,163.01,2026-07-20T14:00:02Z
2026-07-27T17:00:36+08:00,3,1643746352,Chapter 3 massive earthquake-3,https://www.wattpad.com/1643746352-planet-phoenix-chapter-3-massive-earthquake-3,4,0,0,149.01,2026-07-21T04:00:02Z
2026-07-27T17:00:36+08:00,4,1643746654,Chapter 4 massive earthquake-4,https://www.wattpad.com/1643746654-planet-phoenix-chapter-4-massive-earthquake-4,9,1,-1,135.01,2026-07-21T18:00:02Z
2026-07-27T17:00:36+08:00,5,1643747136,Chapter 5 Escape from death,https://www.wattpad.com/1643747136-planet-phoenix-chapter-5-escape-from-death,1,0,0,121.01,2026-07-22T08:00:03Z
2026-07-27T17:00:36+08:00,6,1643747955,Chapter 6：Interlude,https://www.wattpad.com/1643747955-planet-phoenix-chapter-6%EF%BC%9Ainterlude,7,0,0,107.01,2026-07-22T22:00:02Z
2026-07-27T17:00:36+08:00,7,1643748308,Chapter 7：The cabin in the forest,https://www.wattpad.com/1643748308-planet-phoenix-chapter-7%EF%BC%9Athe-cabin-in-the-forest,7,0,1,93.01,2026-07-23T12:00:02Z
2026-07-27T17:00:36+08:00,8,1643748909,Chapter 8：Weird person in the train,https://www.wattpad.com/1643748909-planet-phoenix-chapter-8%EF%BC%9Aweird-person-in-the-train,3,0,0,79.01,2026-07-24T02:00:02Z
2026-07-27T17:00:36+08:00,9,1643749360,Chapter 9：Weird person-1,https://www.wattpad.com/1643749360-planet-phoenix-chapter-9%EF%BC%9Aweird-person-1,0,0,0,65.01,2026-07-24T16:00:03Z
2026-07-27T17:00:36+08:00,10,1643749998,Chapter 10：Weird person-2,https://www.wattpad.com/1643749998-planet-phoenix-chapter-10%EF%BC%9Aweird-person-2,3,0,1,51.01,2026-07-25T06:00:02Z
2026-07-27T17:00:36+08:00,11,1643750323,Chapter 11：Weird person-3,https://www.wattpad.com/1643750323-planet-phoenix-chapter-11%EF%BC%9Aweird-person-3,1,0,0,37.01,2026-07-25T20:00:02Z
2026-07-27T17:00:36+08:00,12,1643751148,Chapter 12：Homestead,https://www.wattpad.com/1643751148-planet-phoenix-chapter-12%EF%BC%9Ahomestead,0,0,0,23.01,2026-07-26T10:00:03Z
2026-07-27T17:00:36+08:00,13,1643843952,Chapter 13：Report anomalous individuals-1,https://www.wattpad.com/1643843952-planet-phoenix-chapter-13%EF%BC%9Areport-anomalous,0,0,0,9.01,2026-07-27T00:00:02Z
2026-07-27T18:00:38+08:00,1,1643734560,Chapter 1 massive earthquake-1,https://www.wattpad.com/1643734560-planet-phoenix-chapter-1-massive-earthquake-1,10,0,0,178.01,2026-07-20T00:00:02Z
2026-07-27T18:00:38+08:00,2,1643743618,Chapter 2 massive earthquake-2,https://www.wattpad.com/1643743618-planet-phoenix-chapter-2-massive-earthquake-2,8,0,0,164.01,2026-07-20T14:00:02Z
2026-07-27T18:00:38+08:00,3,1643746352,Chapter 3 massive earthquake-3,https://www.wattpad.com/1643746352-planet-phoenix-chapter-3-massive-earthquake-3,4,0,0,150.01,2026-07-21T04:00:02Z
2026-07-27T18:00:38+08:00,4,1643746654,Chapter 4 massive earthquake-4,https://www.wattpad.com/1643746654-planet-phoenix-chapter-4-massive-earthquake-4,9,1,-1,136.01,2026-07-21T18:00:02Z
2026-07-27T18:00:38+08:00,5,1643747136,Chapter 5 Escape from death,https://www.wattpad.com/1643747136-planet-phoenix-chapter-5-escape-from-death,1,0,0,122.01,2026-07-22T08:00:03Z
2026-07-27T18:00:38+08:00,6,1643747955,Chapter 6：Interlude,https://www.wattpad.com/1643747955-planet-phoenix-chapter-6%EF%BC%9Ainterlude,7,0,0,108.01,2026-07-22T22:00:02Z
2026-07-27T18:00:38+08:00,7,1643748308,Chapter 7：The cabin in the forest,https://www.wattpad.com/1643748308-planet-phoenix-chapter-7%EF%BC%9Athe-cabin-in-the-forest,7,0,1,94.01,2026-07-23T12:00:02Z
2026-07-27T18:00:38+08:00,8,1643748909,Chapter 8：Weird person in the train,https://www.wattpad.com/1643748909-planet-phoenix-chapter-8%EF%BC%9Aweird-person-in-the-train,3,0,0,80.01,2026-07-24T02:00:02Z
2026-07-27T18:00:38+08:00,9,1643749360,Chapter 9：Weird person-1,https://www.wattpad.com/1643749360-planet-phoenix-chapter-9%EF%BC%9Aweird-person-1,0,0,0,66.01,2026-07-24T16:00:03Z
2026-07-27T18:00:38+08:00,10,1643749998,Chapter 10：Weird person-2,https://www.wattpad.com/1643749998-planet-phoenix-chapter-10%EF%BC%9Aweird-person-2,3,0,1,52.01,2026-07-25T06:00:02Z
2026-07-27T18:00:38+08:00,11,1643750323,Chapter 11：Weird person-3,https://www.wattpad.com/1643750323-planet-phoenix-chapter-11%EF%BC%9Aweird-person-3,1,0,0,38.01,2026-07-25T20:00:02Z
2026-07-27T18:00:38+08:00,12,1643751148,Chapter 12：Homestead,https://www.wattpad.com/1643751148-planet-phoenix-chapter-12%EF%BC%9Ahomestead,0,0,0,24.01,2026-07-26T10:00:03Z
2026-07-27T18:00:38+08:00,13,1643843952,Chapter 13：Report anomalous individuals-1,https://www.wattpad.com/1643843952-planet-phoenix-chapter-13%EF%BC%9Areport-anomalous,0,0,0,10.01,2026-07-27T00:00:02Z
2026-07-27T19:00:35+08:00,1,1643734560,Chapter 1 massive earthquake-1,https://www.wattpad.com/1643734560-planet-phoenix-chapter-1-massive-earthquake-1,10,0,0,179.01,2026-07-20T00:00:02Z
2026-07-27T19:00:35+08:00,2,1643743618,Chapter 2 massive earthquake-2,https://www.wattpad.com/1643743618-planet-phoenix-chapter-2-massive-earthquake-2,8,0,0,165.01,2026-07-20T14:00:02Z
2026-07-27T19:00:35+08:00,3,1643746352,Chapter 3 massive earthquake-3,https://www.wattpad.com/1643746352-planet-phoenix-chapter-3-massive-earthquake-3,4,0,0,151.01,2026-07-21T04:00:02Z
2026-07-27T19:00:35+08:00,4,1643746654,Chapter 4 massive earthquake-4,https://www.wattpad.com/1643746654-planet-phoenix-chapter-4-massive-earthquake-4,9,1,-1,137.01,2026-07-21T18:00:02Z
2026-07-27T19:00:35+08:00,5,1643747136,Chapter 5 Escape from death,https://www.wattpad.com/1643747136-planet-phoenix-chapter-5-escape-from-death,1,0,0,123.01,2026-07-22T08:00:03Z
2026-07-27T19:00:35+08:00,6,1643747955,Chapter 6：Interlude,https://www.wattpad.com/1643747955-planet-phoenix-chapter-6%EF%BC%9Ainterlude,7,0,0,109.01,2026-07-22T22:00:02Z
2026-07-27T19:00:35+08:00,7,1643748308,Chapter 7：The cabin in the forest,https://www.wattpad.com/1643748308-planet-phoenix-chapter-7%EF%BC%9Athe-cabin-in-the-forest,8,0,1,95.01,2026-07-23T12:00:02Z
2026-07-27T19:00:35+08:00,8,1643748909,Chapter 8：Weird person in the train,https://www.wattpad.com/1643748909-planet-phoenix-chapter-8%EF%BC%9Aweird-person-in-the-train,3,0,0,81.01,2026-07-24T02:00:02Z
2026-07-27T19:00:35+08:00,9,1643749360,Chapter 9：Weird person-1,https://www.wattpad.com/1643749360-planet-phoenix-chapter-9%EF%BC%9Aweird-person-1,0,0,0,67.01,2026-07-24T16:00:03Z
2026-07-27T19:00:35+08:00,10,1643749998,Chapter 10：Weird person-2,https://www.wattpad.com/1643749998-planet-phoenix-chapter-10%EF%BC%9Aweird-person-2,3,0,1,53.01,2026-07-25T06:00:02Z
2026-07-27T19:00:35+08:00,11,1643750323,Chapter 11：Weird person-3,https://www.wattpad.com/1643750323-planet-phoenix-chapter-11%EF%BC%9Aweird-person-3,1,0,0,39.01,2026-07-25T20:00:02Z
2026-07-27T19:00:35+08:00,12,1643751148,Chapter 12：Homestead,https://www.wattpad.com/1643751148-planet-phoenix-chapter-12%EF%BC%9Ahomestead,0,0,0,25.01,2026-07-26T10:00:03Z
2026-07-27T19:00:35+08:00,13,1643843952,Chapter 13：Report anomalous individuals-1,https://www.wattpad.com/1643843952-planet-phoenix-chapter-13%EF%BC%9Areport-anomalous,0,0,0,11.01,2026-07-27T00:00:02Z
2026-07-27T20:00:37+08:00,1,1643734560,Chapter 1 massive earthquake-1,https://www.wattpad.com/1643734560-planet-phoenix-chapter-1-massive-earthquake-1,10,0,0,180.01,2026-07-20T00:00:02Z
2026-07-27T20:00:37+08:00,2,1643743618,Chapter 2 massive earthquake-2,https://www.wattpad.com/1643743618-planet-phoenix-chapter-2-massive-earthquake-2,8,0,0,166.01,2026-07-20T14:00:02Z
2026-07-27T20:00:37+08:00,3,1643746352,Chapter 3 massive earthquake-3,https://www.wattpad.com/1643746352-planet-phoenix-chapter-3-massive-earthquake-3,4,0,0,152.01,2026-07-21T04:00:02Z
2026-07-27T20:00:37+08:00,4,1643746654,Chapter 4 massive earthquake-4,https://www.wattpad.com/1643746654-planet-phoenix-chapter-4-massive-earthquake-4,9,1,-1,138.01,2026-07-21T18:00:02Z
2026-07-27T20:00:37+08:00,5,1643747136,Chapter 5 Escape from death,https://www.wattpad.com/1643747136-planet-phoenix-chapter-5-escape-from-death,1,0,0,124.01,2026-07-22T08:00:03Z
2026-07-27T20:00:37+08:00,6,1643747955,Chapter 6：Interlude,https://www.wattpad.com/1643747955-planet-phoenix-chapter-6%EF%BC%9Ainterlude,7,0,0,110.01,2026-07-22T22:00:02Z
2026-07-27T20:00:37+08:00,7,1643748308,Chapter 7：The cabin in the forest,https://www.wattpad.com/1643748308-planet-phoenix-chapter-7%EF%BC%9Athe-cabin-in-the-forest,8,0,1,96.01,2026-07-23T12:00:02Z
2026-07-27T20:00:37+08:00,8,1643748909,Chapter 8：Weird person in the train,https://www.wattpad.com/1643748909-planet-phoenix-chapter-8%EF%BC%9Aweird-person-in-the-train,3,0,0,82.01,2026-07-24T02:00:02Z
2026-07-27T20:00:37+08:00,9,1643749360,Chapter 9：Weird person-1,https://www.wattpad.com/1643749360-planet-phoenix-chapter-9%EF%BC%9Aweird-person-1,0,0,0,68.01,2026-07-24T16:00:03Z
2026-07-27T20:00:37+08:00,10,1643749998,Chapter 10：Weird person-2,https://www.wattpad.com/1643749998-planet-phoenix-chapter-10%EF%BC%9Aweird-person-2,3,0,1,54.01,2026-07-25T06:00:02Z
2026-07-27T20:00:37+08:00,11,1643750323,Chapter 11：Weird person-3,https://www.wattpad.com/1643750323-planet-phoenix-chapter-11%EF%BC%9Aweird-person-3,1,0,0,40.01,2026-07-25T20:00:02Z
2026-07-27T20:00:37+08:00,12,1643751148,Chapter 12：Homestead,https://www.wattpad.com/1643751148-planet-phoenix-chapter-12%EF%BC%9Ahomestead,0,0,0,26.01,2026-07-26T10:00:03Z
2026-07-27T20:00:37+08:00,13,1643843952,Chapter 13：Report anomalous individuals-1,https://www.wattpad.com/1643843952-planet-phoenix-chapter-13%EF%BC%9Areport-anomalous,0,0,0,12.01,2026-07-27T00:00:02Z
2026-07-27T21:00:42+08:00,1,1643734560,Chapter 1 massive earthquake-1,https://www.wattpad.com/1643734560-planet-phoenix-chapter-1-massive-earthquake-1,10,0,0,181.01,2026-07-20T00:00:02Z
2026-07-27T21:00:42+08:00,2,1643743618,Chapter 2 massive earthquake-2,https://www.wattpad.com/1643743618-planet-phoenix-chapter-2-massive-earthquake-2,9,0,0,167.01,2026-07-20T14:00:02Z
2026-07-27T21:00:42+08:00,3,1643746352,Chapter 3 massive earthquake-3,https://www.wattpad.com/1643746352-planet-phoenix-chapter-3-massive-earthquake-3,4,0,0,153.01,2026-07-21T04:00:02Z
2026-07-27T21:00:42+08:00,4,1643746654,Chapter 4 massive earthquake-4,https://www.wattpad.com/1643746654-planet-phoenix-chapter-4-massive-earthquake-4,9,1,-1,139.01,2026-07-21T18:00:02Z
2026-07-27T21:00:42+08:00,5,1643747136,Chapter 5 Escape from death,https://www.wattpad.com/1643747136-planet-phoenix-chapter-5-escape-from-death,1,0,0,125.01,2026-07-22T08:00:03Z
2026-07-27T21:00:42+08:00,6,1643747955,Chapter 6：Interlude,https://www.wattpad.com/1643747955-planet-phoenix-chapter-6%EF%BC%9Ainterlude,7,0,0,111.01,2026-07-22T22:00:02Z
2026-07-27T21:00:42+08:00,7,1643748308,Chapter 7：The cabin in the forest,https://www.wattpad.com/1643748308-planet-phoenix-chapter-7%EF%BC%9Athe-cabin-in-the-forest,8,0,1,97.01,2026-07-23T12:00:02Z
2026-07-27T21:00:42+08:00,8,1643748909,Chapter 8：Weird person in the train,https://www.wattpad.com/1643748909-planet-phoenix-chapter-8%EF%BC%9Aweird-person-in-the-train,4,0,0,83.01,2026-07-24T02:00:02Z
2026-07-27T21:00:42+08:00,9,1643749360,Chapter 9：Weird person-1,https://www.wattpad.com/1643749360-planet-phoenix-chapter-9%EF%BC%9Aweird-person-1,0,0,0,69.01,2026-07-24T16:00:03Z
2026-07-27T21:00:42+08:00,10,1643749998,Chapter 10：Weird person-2,https://www.wattpad.com/1643749998-planet-phoenix-chapter-10%EF%BC%9Aweird-person-2,3,0,1,55.01,2026-07-25T06:00:02Z
2026-07-27T21:00:42+08:00,11,1643750323,Chapter 11：Weird person-3,https://www.wattpad.com/1643750323-planet-phoenix-chapter-11%EF%BC%9Aweird-person-3,1,0,0,41.01,2026-07-25T20:00:02Z
2026-07-27T21:00:42+08:00,12,1643751148,Chapter 12：Homestead,https://www.wattpad.com/1643751148-planet-phoenix-chapter-12%EF%BC%9Ahomestead,0,0,0,27.01,2026-07-26T10:00:03Z
2026-07-27T21:00:42+08:00,13,1643843952,Chapter 13：Report anomalous individuals-1,https://www.wattpad.com/1643843952-planet-phoenix-chapter-13%EF%BC%9Areport-anomalous,0,0,0,13.01,2026-07-27T00:00:02Z
2026-07-27T22:00:37+08:00,1,1643734560,Chapter 1 massive earthquake-1,https://www.wattpad.com/1643734560-planet-phoenix-chapter-1-massive-earthquake-1,10,0,0,182.01,2026-07-20T00:00:02Z
2026-07-27T22:00:37+08:00,2,1643743618,Chapter 2 massive earthquake-2,https://www.wattpad.com/1643743618-planet-phoenix-chapter-2-massive-earthquake-2,9,0,0,168.01,2026-07-20T14:00:02Z
2026-07-27T22:00:37+08:00,3,1643746352,Chapter 3 massive earthquake-3,https://www.wattpad.com/1643746352-planet-phoenix-chapter-3-massive-earthquake-3,4,0,0,154.01,2026-07-21T04:00:02Z
2026-07-27T22:00:37+08:00,4,1643746654,Chapter 4 massive earthquake-4,https://www.wattpad.com/1643746654-planet-phoenix-chapter-4-massive-earthquake-4,9,1,-1,140.01,2026-07-21T18:00:02Z
2026-07-27T22:00:37+08:00,5,1643747136,Chapter 5 Escape from death,https://www.wattpad.com/1643747136-planet-phoenix-chapter-5-escape-from-death,1,0,0,126.01,2026-07-22T08:00:03Z
2026-07-27T22:00:37+08:00,6,1643747955,Chapter 6：Interlude,https://www.wattpad.com/1643747955-planet-phoenix-chapter-6%EF%BC%9Ainterlude,7,0,0,112.01,2026-07-22T22:00:02Z
2026-07-27T22:00:37+08:00,7,1643748308,Chapter 7：The cabin in the forest,https://www.wattpad.com/1643748308-planet-phoenix-chapter-7%EF%BC%9Athe-cabin-in-the-forest,8,0,1,98.01,2026-07-23T12:00:02Z
2026-07-27T22:00:37+08:00,8,1643748909,Chapter 8：Weird person in the train,https://www.wattpad.com/1643748909-planet-phoenix-chapter-8%EF%BC%9Aweird-person-in-the-train,4,0,0,84.01,2026-07-24T02:00:02Z
2026-07-27T22:00:37+08:00,9,1643749360,Chapter 9：Weird person-1,https://www.wattpad.com/1643749360-planet-phoenix-chapter-9%EF%BC%9Aweird-person-1,0,0,0,70.01,2026-07-24T16:00:03Z
2026-07-27T22:00:37+08:00,10,1643749998,Chapter 10：Weird person-2,https://www.wattpad.com/1643749998-planet-phoenix-chapter-10%EF%BC%9Aweird-person-2,3,0,1,56.01,2026-07-25T06:00:02Z
2026-07-27T22:00:37+08:00,11,1643750323,Chapter 11：Weird person-3,https://www.wattpad.com/1643750323-planet-phoenix-chapter-11%EF%BC%9Aweird-person-3,1,0,0,42.01,2026-07-25T20:00:02Z
2026-07-27T22:00:37+08:00,12,1643751148,Chapter 12：Homestead,https://www.wattpad.com/1643751148-planet-phoenix-chapter-12%EF%BC%9Ahomestead,0,0,0,28.01,2026-07-26T10:00:03Z
2026-07-27T22:00:37+08:00,13,1643843952,Chapter 13：Report anomalous individuals-1,https://www.wattpad.com/1643843952-planet-phoenix-chapter-13%EF%BC%9Areport-anomalous,0,0,0,14.01,2026-07-27T00:00:02Z
2026-07-27T22:00:37+08:00,14,1643844249,Chapter 14：Report anomalous individuals-2,https://www.wattpad.com/1643844249-planet-phoenix-chapter-14%EF%BC%9Areport-anomalous,0,0,0,0.01,2026-07-27T14:00:03Z
2026-07-27T23:00:35+08:00,1,1643734560,Chapter 1 massive earthquake-1,https://www.wattpad.com/1643734560-planet-phoenix-chapter-1-massive-earthquake-1,10,0,0,183.01,2026-07-20T00:00:02Z
2026-07-27T23:00:35+08:00,2,1643743618,Chapter 2 massive earthquake-2,https://www.wattpad.com/1643743618-planet-phoenix-chapter-2-massive-earthquake-2,9,0,0,169.01,2026-07-20T14:00:02Z
2026-07-27T23:00:35+08:00,3,1643746352,Chapter 3 massive earthquake-3,https://www.wattpad.com/1643746352-planet-phoenix-chapter-3-massive-earthquake-3,4,0,0,155.01,2026-07-21T04:00:02Z
2026-07-27T23:00:35+08:00,4,1643746654,Chapter 4 massive earthquake-4,https://www.wattpad.com/1643746654-planet-phoenix-chapter-4-massive-earthquake-4,9,1,-1,141.01,2026-07-21T18:00:02Z
2026-07-27T23:00:35+08:00,5,1643747136,Chapter 5 Escape from death,https://www.wattpad.com/1643747136-planet-phoenix-chapter-5-escape-from-death,1,0,0,127.01,2026-07-22T08:00:03Z
2026-07-27T23:00:35+08:00,6,1643747955,Chapter 6：Interlude,https://www.wattpad.com/1643747955-planet-phoenix-chapter-6%EF%BC%9Ainterlude,7,0,0,113.01,2026-07-22T22:00:02Z
2026-07-27T23:00:35+08:00,7,1643748308,Chapter 7：The cabin in the forest,https://www.wattpad.com/1643748308-planet-phoenix-chapter-7%EF%BC%9Athe-cabin-in-the-forest,8,0,1,99.01,2026-07-23T12:00:02Z
2026-07-27T23:00:35+08:00,8,1643748909,Chapter 8：Weird person in the train,https://www.wattpad.com/1643748909-planet-phoenix-chapter-8%EF%BC%9Aweird-person-in-the-train,4,0,0,85.01,2026-07-24T02:00:02Z
2026-07-27T23:00:35+08:00,9,1643749360,Chapter 9：Weird person-1,https://www.wattpad.com/1643749360-planet-phoenix-chapter-9%EF%BC%9Aweird-person-1,0,0,0,71.01,2026-07-24T16:00:03Z
2026-07-27T23:00:35+08:00,10,1643749998,Chapter 10：Weird person-2,https://www.wattpad.com/1643749998-planet-phoenix-chapter-10%EF%BC%9Aweird-person-2,3,0,1,57.01,2026-07-25T06:00:02Z
2026-07-27T23:00:35+08:00,11,1643750323,Chapter 11：Weird person-3,https://www.wattpad.com/1643750323-planet-phoenix-chapter-11%EF%BC%9Aweird-person-3,1,0,0,43.01,2026-07-25T20:00:02Z
2026-07-27T23:00:35+08:00,12,1643751148,Chapter 12：Homestead,https://www.wattpad.com/1643751148-planet-phoenix-chapter-12%EF%BC%9Ahomestead,0,0,0,29.01,2026-07-26T10:00:03Z
2026-07-27T23:00:35+08:00,13,1643843952,Chapter 13：Report anomalous individuals-1,https://www.wattpad.com/1643843952-planet-phoenix-chapter-13%EF%BC%9Areport-anomalous,0,0,0,15.01,2026-07-27T00:00:02Z
2026-07-27T23:00:35+08:00,14,1643844249,Chapter 14：Report anomalous individuals-2,https://www.wattpad.com/1643844249-planet-phoenix-chapter-14%EF%BC%9Areport-anomalous,0,0,0,1.01,2026-07-27T14:00:03Z
2026-07-28T00:00:37+08:00,1,1643734560,Chapter 1 massive earthquake-1,https://www.wattpad.com/1643734560-planet-phoenix-chapter-1-massive-earthquake-1,10,0,0,184.01,2026-07-20T00:00:02Z
2026-07-28T00:00:37+08:00,2,1643743618,Chapter 2 massive earthquake-2,https://www.wattpad.com/1643743618-planet-phoenix-chapter-2-massive-earthquake-2,9,0,0,170.01,2026-07-20T14:00:02Z
2026-07-28T00:00:37+08:00,3,1643746352,Chapter 3 massive earthquake-3,https://www.wattpad.com/1643746352-planet-phoenix-chapter-3-massive-earthquake-3,4,0,0,156.01,2026-07-21T04:00:02Z
2026-07-28T00:00:37+08:00,4,1643746654,Chapter 4 massive earthquake-4,https://www.wattpad.com/1643746654-planet-phoenix-chapter-4-massive-earthquake-4,9,1,-1,142.01,2026-07-21T18:00:02Z
2026-07-28T00:00:37+08:00,5,1643747136,Chapter 5 Escape from death,https://www.wattpad.com/1643747136-planet-phoenix-chapter-5-escape-from-death,1,0,0,128.01,2026-07-22T08:00:03Z
2026-07-28T00:00:37+08:00,6,1643747955,Chapter 6：Interlude,https://www.wattpad.com/1643747955-planet-phoenix-chapter-6%EF%BC%9Ainterlude,7,0,0,114.01,2026-07-22T22:00:02Z
2026-07-28T00:00:37+08:00,7,1643748308,Chapter 7：The cabin in the forest,https://www.wattpad.com/1643748308-planet-phoenix-chapter-7%EF%BC%9Athe-cabin-in-the-forest,8,0,1,100.01,2026-07-23T12:00:02Z
2026-07-28T00:00:37+08:00,8,1643748909,Chapter 8：Weird person in the train,https://www.wattpad.com/1643748909-planet-phoenix-chapter-8%EF%BC%9Aweird-person-in-the-train,4,0,0,86.01,2026-07-24T02:00:02Z
2026-07-28T00:00:37+08:00,9,1643749360,Chapter 9：Weird person-1,https://www.wattpad.com/1643749360-planet-phoenix-chapter-9%EF%BC%9Aweird-person-1,0,0,0,72.01,2026-07-24T16:00:03Z
2026-07-28T00:00:37+08:00,10,1643749998,Chapter 10：Weird person-2,https://www.wattpad.com/1643749998-planet-phoenix-chapter-10%EF%BC%9Aweird-person-2,3,0,1,58.01,2026-07-25T06:00:02Z
2026-07-28T00:00:37+08:00,11,1643750323,Chapter 11：Weird person-3,https://www.wattpad.com/1643750323-planet-phoenix-chapter-11%EF%BC%9Aweird-person-3,1,0,0,44.01,2026-07-25T20:00:02Z
2026-07-28T00:00:37+08:00,12,1643751148,Chapter 12：Homestead,https://www.wattpad.com/1643751148-planet-phoenix-chapter-12%EF%BC%9Ahomestead,0,0,0,30.01,2026-07-26T10:00:03Z
2026-07-28T00:00:37+08:00,13,1643843952,Chapter 13：Report anomalous individuals-1,https://www.wattpad.com/1643843952-planet-phoenix-chapter-13%EF%BC%9Areport-anomalous,0,0,0,16.01,2026-07-27T00:00:02Z
2026-07-28T00:00:37+08:00,14,1643844249,Chapter 14：Report anomalous individuals-2,https://www.wattpad.com/1643844249-planet-phoenix-chapter-14%EF%BC%9Areport-anomalous,0,0,0,2.01,2026-07-27T14:00:03Z
2026-07-28T01:00:37+08:00,1,1643734560,Chapter 1 massive earthquake-1,https://www.wattpad.com/1643734560-planet-phoenix-chapter-1-massive-earthquake-1,10,0,0,185.01,2026-07-20T00:00:02Z
2026-07-28T01:00:37+08:00,2,1643743618,Chapter 2 massive earthquake-2,https://www.wattpad.com/1643743618-planet-phoenix-chapter-2-massive-earthquake-2,9,0,0,171.01,2026-07-20T14:00:02Z
2026-07-28T01:00:37+08:00,3,1643746352,Chapter 3 massive earthquake-3,https://www.wattpad.com/1643746352-planet-phoenix-chapter-3-massive-earthquake-3,5,0,0,157.01,2026-07-21T04:00:02Z
2026-07-28T01:00:37+08:00,4,1643746654,Chapter 4 massive earthquake-4,https://www.wattpad.com/1643746654-planet-phoenix-chapter-4-massive-earthquake-4,9,1,-1,143.01,2026-07-21T18:00:02Z
2026-07-28T01:00:37+08:00,5,1643747136,Chapter 5 Escape from death,https://www.wattpad.com/1643747136-planet-phoenix-chapter-5-escape-from-death,1,0,0,129.01,2026-07-22T08:00:03Z
2026-07-28T01:00:37+08:00,6,1643747955,Chapter 6：Interlude,https://www.wattpad.com/1643747955-planet-phoenix-chapter-6%EF%BC%9Ainterlude,7,0,0,115.01,2026-07-22T22:00:02Z
2026-07-28T01:00:37+08:00,7,1643748308,Chapter 7：The cabin in the forest,https://www.wattpad.com/1643748308-planet-phoenix-chapter-7%EF%BC%9Athe-cabin-in-the-forest,8,0,1,101.01,2026-07-23T12:00:02Z
2026-07-28T01:00:37+08:00,8,1643748909,Chapter 8：Weird person in the train,https://www.wattpad.com/1643748909-planet-phoenix-chapter-8%EF%BC%9Aweird-person-in-the-train,4,0,0,87.01,2026-07-24T02:00:02Z
2026-07-28T01:00:37+08:00,9,1643749360,Chapter 9：Weird person-1,https://www.wattpad.com/1643749360-planet-phoenix-chapter-9%EF%BC%9Aweird-person-1,0,0,0,73.01,2026-07-24T16:00:03Z
2026-07-28T01:00:37+08:00,10,1643749998,Chapter 10：Weird person-2,https://www.wattpad.com/1643749998-planet-phoenix-chapter-10%EF%BC%9Aweird-person-2,3,0,1,59.01,2026-07-25T06:00:02Z
2026-07-28T01:00:37+08:00,11,1643750323,Chapter 11：Weird person-3,https://www.wattpad.com/1643750323-planet-phoenix-chapter-11%EF%BC%9Aweird-person-3,1,0,0,45.01,2026-07-25T20:00:02Z
2026-07-28T01:00:37+08:00,12,1643751148,Chapter 12：Homestead,https://www.wattpad.com/1643751148-planet-phoenix-chapter-12%EF%BC%9Ahomestead,0,0,0,31.01,2026-07-26T10:00:03Z
2026-07-28T01:00:37+08:00,13,1643843952,Chapter 13：Report anomalous individuals-1,https://www.wattpad.com/1643843952-planet-phoenix-chapter-13%EF%BC%9Areport-anomalous,0,0,0,17.01,2026-07-27T00:00:02Z
2026-07-28T01:00:37+08:00,14,1643844249,Chapter 14：Report anomalous individuals-2,https://www.wattpad.com/1643844249-planet-phoenix-chapter-14%EF%BC%9Areport-anomalous,0,0,0,3.01,2026-07-27T14:00:03Z
2026-07-28T02:00:36+08:00,1,1643734560,Chapter 1 massive earthquake-1,https://www.wattpad.com/1643734560-planet-phoenix-chapter-1-massive-earthquake-1,10,0,0,186.01,2026-07-20T00:00:02Z
2026-07-28T02:00:36+08:00,2,1643743618,Chapter 2 massive earthquake-2,https://www.wattpad.com/1643743618-planet-phoenix-chapter-2-massive-earthquake-2,9,0,0,172.01,2026-07-20T14:00:02Z
2026-07-28T02:00:36+08:00,3,1643746352,Chapter 3 massive earthquake-3,https://www.wattpad.com/1643746352-planet-phoenix-chapter-3-massive-earthquake-3,5,0,0,158.01,2026-07-21T04:00:02Z
2026-07-28T02:00:36+08:00,4,1643746654,Chapter 4 massive earthquake-4,https://www.wattpad.com/1643746654-planet-phoenix-chapter-4-massive-earthquake-4,9,1,-1,144.01,2026-07-21T18:00:02Z
2026-07-28T02:00:36+08:00,5,1643747136,Chapter 5 Escape from death,https://www.wattpad.com/1643747136-planet-phoenix-chapter-5-escape-from-death,1,0,0,130.01,2026-07-22T08:00:03Z
2026-07-28T02:00:36+08:00,6,1643747955,Chapter 6：Interlude,https://www.wattpad.com/1643747955-planet-phoenix-chapter-6%EF%BC%9Ainterlude,7,0,0,116.01,2026-07-22T22:00:02Z
2026-07-28T02:00:36+08:00,7,1643748308,Chapter 7：The cabin in the forest,https://www.wattpad.com/1643748308-planet-phoenix-chapter-7%EF%BC%9Athe-cabin-in-the-forest,8,0,1,102.01,2026-07-23T12:00:02Z
2026-07-28T02:00:36+08:00,8,1643748909,Chapter 8：Weird person in the train,https://www.wattpad.com/1643748909-planet-phoenix-chapter-8%EF%BC%9Aweird-person-in-the-train,4,0,0,88.01,2026-07-24T02:00:02Z
2026-07-28T02:00:36+08:00,9,1643749360,Chapter 9：Weird person-1,https://www.wattpad.com/1643749360-planet-phoenix-chapter-9%EF%BC%9Aweird-person-1,0,0,0,74.01,2026-07-24T16:00:03Z
2026-07-28T02:00:36+08:00,10,1643749998,Chapter 10：Weird person-2,https://www.wattpad.com/1643749998-planet-phoenix-chapter-10%EF%BC%9Aweird-person-2,3,0,1,60.01,2026-07-25T06:00:02Z
2026-07-28T02:00:36+08:00,11,1643750323,Chapter 11：Weird person-3,https://www.wattpad.com/1643750323-planet-phoenix-chapter-11%EF%BC%9Aweird-person-3,1,0,0,46.01,2026-07-25T20:00:02Z
2026-07-28T02:00:36+08:00,12,1643751148,Chapter 12：Homestead,https://www.wattpad.com/1643751148-planet-phoenix-chapter-12%EF%BC%9Ahomestead,0,0,0,32.01,2026-07-26T10:00:03Z
2026-07-28T02:00:36+08:00,13,1643843952,Chapter 13：Report anomalous individuals-1,https://www.wattpad.com/1643843952-planet-phoenix-chapter-13%EF%BC%9Areport-anomalous,0,0,0,18.01,2026-07-27T00:00:02Z
2026-07-28T02:00:36+08:00,14,1643844249,Chapter 14：Report anomalous individuals-2,https://www.wattpad.com/1643844249-planet-phoenix-chapter-14%EF%BC%9Areport-anomalous,0,0,0,4.01,2026-07-27T14:00:03Z
2026-07-28T03:00:39+08:00,1,1643734560,Chapter 1 massive earthquake-1,https://www.wattpad.com/1643734560-planet-phoenix-chapter-1-massive-earthquake-1,10,0,0,187.01,2026-07-20T00:00:02Z
2026-07-28T03:00:39+08:00,2,1643743618,Chapter 2 massive earthquake-2,https://www.wattpad.com/1643743618-planet-phoenix-chapter-2-massive-earthquake-2,9,0,0,173.01,2026-07-20T14:00:02Z
2026-07-28T03:00:39+08:00,3,1643746352,Chapter 3 massive earthquake-3,https://www.wattpad.com/1643746352-planet-phoenix-chapter-3-massive-earthquake-3,5,0,0,159.01,2026-07-21T04:00:02Z
2026-07-28T03:00:39+08:00,4,1643746654,Chapter 4 massive earthquake-4,https://www.wattpad.com/1643746654-planet-phoenix-chapter-4-massive-earthquake-4,9,1,-1,145.01,2026-07-21T18:00:02Z
2026-07-28T03:00:39+08:00,5,1643747136,Chapter 5 Escape from death,https://www.wattpad.com/1643747136-planet-phoenix-chapter-5-escape-from-death,1,0,0,131.01,2026-07-22T08:00:03Z
2026-07-28T03:00:39+08:00,6,1643747955,Chapter 6：Interlude,https://www.wattpad.com/1643747955-planet-phoenix-chapter-6%EF%BC%9Ainterlude,7,0,0,117.01,2026-07-22T22:00:02Z
2026-07-28T03:00:39+08:00,7,1643748308,Chapter 7：The cabin in the forest,https://www.wattpad.com/1643748308-planet-phoenix-chapter-7%EF%BC%9Athe-cabin-in-the-forest,8,0,1,103.01,2026-07-23T12:00:02Z
2026-07-28T03:00:39+08:00,8,1643748909,Chapter 8：Weird person in the train,https://www.wattpad.com/1643748909-planet-phoenix-chapter-8%EF%BC%9Aweird-person-in-the-train,4,0,0,89.01,2026-07-24T02:00:02Z
2026-07-28T03:00:39+08:00,9,1643749360,Chapter 9：Weird person-1,https://www.wattpad.com/1643749360-planet-phoenix-chapter-9%EF%BC%9Aweird-person-1,0,0,0,75.01,2026-07-24T16:00:03Z
2026-07-28T03:00:39+08:00,10,1643749998,Chapter 10：Weird person-2,https://www.wattpad.com/1643749998-planet-phoenix-chapter-10%EF%BC%9Aweird-person-2,3,0,1,61.01,2026-07-25T06:00:02Z
2026-07-28T03:00:39+08:00,11,1643750323,Chapter 11：Weird person-3,https://www.wattpad.com/1643750323-planet-phoenix-chapter-11%EF%BC%9Aweird-person-3,1,0,0,47.01,2026-07-25T20:00:02Z
2026-07-28T03:00:39+08:00,12,1643751148,Chapter 12：Homestead,https://www.wattpad.com/1643751148-planet-phoenix-chapter-12%EF%BC%9Ahomestead,0,0,0,33.01,2026-07-26T10:00:03Z
2026-07-28T03:00:39+08:00,13,1643843952,Chapter 13：Report anomalous individuals-1,https://www.wattpad.com/1643843952-planet-phoenix-chapter-13%EF%BC%9Areport-anomalous,0,0,0,19.01,2026-07-27T00:00:02Z
2026-07-28T03:00:39+08:00,14,1643844249,Chapter 14：Report anomalous individuals-2,https://www.wattpad.com/1643844249-planet-phoenix-chapter-14%EF%BC%9Areport-anomalous,0,0,0,5.01,2026-07-27T14:00:03Z
2026-07-28T04:00:31+08:00,1,1643734560,Chapter 1 massive earthquake-1,https://www.wattpad.com/1643734560-planet-phoenix-chapter-1-massive-earthquake-1,10,0,0,188.01,2026-07-20T00:00:02Z
2026-07-28T04:00:31+08:00,2,1643743618,Chapter 2 massive earthquake-2,https://www.wattpad.com/1643743618-planet-phoenix-chapter-2-massive-earthquake-2,9,0,0,174.01,2026-07-20T14:00:02Z
2026-07-28T04:00:31+08:00,3,1643746352,Chapter 3 massive earthquake-3,https://www.wattpad.com/1643746352-planet-phoenix-chapter-3-massive-earthquake-3,5,0,0,160.01,2026-07-21T04:00:02Z
2026-07-28T04:00:31+08:00,4,1643746654,Chapter 4 massive earthquake-4,https://www.wattpad.com/1643746654-planet-phoenix-chapter-4-massive-earthquake-4,9,1,-1,146.01,2026-07-21T18:00:02Z
2026-07-28T04:00:31+08:00,5,1643747136,Chapter 5 Escape from death,https://www.wattpad.com/1643747136-planet-phoenix-chapter-5-escape-from-death,1,0,0,132.01,2026-07-22T08:00:03Z
2026-07-28T04:00:31+08:00,6,1643747955,Chapter 6：Interlude,https://www.wattpad.com/1643747955-planet-phoenix-chapter-6%EF%BC%9Ainterlude,7,0,0,118.01,2026-07-22T22:00:02Z
2026-07-28T04:00:31+08:00,7,1643748308,Chapter 7：The cabin in the forest,https://www.wattpad.com/1643748308-planet-phoenix-chapter-7%EF%BC%9Athe-cabin-in-the-forest,8,0,1,104.01,2026-07-23T12:00:02Z
2026-07-28T04:00:31+08:00,8,1643748909,Chapter 8：Weird person in the train,https://www.wattpad.com/1643748909-planet-phoenix-chapter-8%EF%BC%9Aweird-person-in-the-train,4,0,0,90.01,2026-07-24T02:00:02Z
2026-07-28T04:00:31+08:00,9,1643749360,Chapter 9：Weird person-1,https://www.wattpad.com/1643749360-planet-phoenix-chapter-9%EF%BC%9Aweird-person-1,0,0,0,76.01,2026-07-24T16:00:03Z
2026-07-28T04:00:31+08:00,10,1643749998,Chapter 10：Weird person-2,https://www.wattpad.com/1643749998-planet-phoenix-chapter-10%EF%BC%9Aweird-person-2,3,0,1,62.01,2026-07-25T06:00:02Z
2026-07-28T04:00:31+08:00,11,1643750323,Chapter 11：Weird person-3,https://www.wattpad.com/1643750323-planet-phoenix-chapter-11%EF%BC%9Aweird-person-3,1,0,0,48.01,2026-07-25T20:00:02Z
2026-07-28T04:00:31+08:00,12,1643751148,Chapter 12：Homestead,https://www.wattpad.com/1643751148-planet-phoenix-chapter-12%EF%BC%9Ahomestead,0,0,0,34.01,2026-07-26T10:00:03Z
2026-07-28T04:00:31+08:00,13,1643843952,Chapter 13：Report anomalous individuals-1,https://www.wattpad.com/1643843952-planet-phoenix-chapter-13%EF%BC%9Areport-anomalous,0,0,0,20.01,2026-07-27T00:00:02Z
2026-07-28T04:00:31+08:00,14,1643844249,Chapter 14：Report anomalous individuals-2,https://www.wattpad.com/1643844249-planet-phoenix-chapter-14%EF%BC%9Areport-anomalous,0,0,0,6.01,2026-07-27T14:00:03Z
2026-07-28T05:00:38+08:00,1,1643734560,Chapter 1 massive earthquake-1,https://www.wattpad.com/1643734560-planet-phoenix-chapter-1-massive-earthquake-1,10,0,0,189.01,2026-07-20T00:00:02Z
2026-07-28T05:00:38+08:00,2,1643743618,Chapter 2 massive earthquake-2,https://www.wattpad.com/1643743618-planet-phoenix-chapter-2-massive-earthquake-2,9,0,0,175.01,2026-07-20T14:00:02Z
2026-07-28T05:00:38+08:00,3,1643746352,Chapter 3 massive earthquake-3,https://www.wattpad.com/1643746352-planet-phoenix-chapter-3-massive-earthquake-3,5,0,0,161.01,2026-07-21T04:00:02Z
2026-07-28T05:00:38+08:00,4,1643746654,Chapter 4 massive earthquake-4,https://www.wattpad.com/1643746654-planet-phoenix-chapter-4-massive-earthquake-4,9,1,-1,147.01,2026-07-21T18:00:02Z
2026-07-28T05:00:38+08:00,5,1643747136,Chapter 5 Escape from death,https://www.wattpad.com/1643747136-planet-phoenix-chapter-5-escape-from-death,1,0,0,133.01,2026-07-22T08:00:03Z
2026-07-28T05:00:38+08:00,6,1643747955,Chapter 6：Interlude,https://www.wattpad.com/1643747955-planet-phoenix-chapter-6%EF%BC%9Ainterlude,7,0,0,119.01,2026-07-22T22:00:02Z
2026-07-28T05:00:38+08:00,7,1643748308,Chapter 7：The cabin in the forest,https://www.wattpad.com/1643748308-planet-phoenix-chapter-7%EF%BC%9Athe-cabin-in-the-forest,8,0,1,105.01,2026-07-23T12:00:02Z
2026-07-28T05:00:38+08:00,8,1643748909,Chapter 8：Weird person in the train,https://www.wattpad.com/1643748909-planet-phoenix-chapter-8%EF%BC%9Aweird-person-in-the-train,4,0,0,91.01,2026-07-24T02:00:02Z
2026-07-28T05:00:38+08:00,9,1643749360,Chapter 9：Weird person-1,https://www.wattpad.com/1643749360-planet-phoenix-chapter-9%EF%BC%9Aweird-person-1,0,0,0,77.01,2026-07-24T16:00:03Z
2026-07-28T05:00:38+08:00,10,1643749998,Chapter 10：Weird person-2,https://www.wattpad.com/1643749998-planet-phoenix-chapter-10%EF%BC%9Aweird-person-2,3,0,1,63.01,2026-07-25T06:00:02Z
2026-07-28T05:00:38+08:00,11,1643750323,Chapter 11：Weird person-3,https://www.wattpad.com/1643750323-planet-phoenix-chapter-11%EF%BC%9Aweird-person-3,1,0,0,49.01,2026-07-25T20:00:02Z
2026-07-28T05:00:38+08:00,12,1643751148,Chapter 12：Homestead,https://www.wattpad.com/1643751148-planet-phoenix-chapter-12%EF%BC%9Ahomestead,0,0,0,35.01,2026-07-26T10:00:03Z
2026-07-28T05:00:38+08:00,13,1643843952,Chapter 13：Report anomalous individuals-1,https://www.wattpad.com/1643843952-planet-phoenix-chapter-13%EF%BC%9Areport-anomalous,0,0,0,21.01,2026-07-27T00:00:02Z
2026-07-28T05:00:38+08:00,14,1643844249,Chapter 14：Report anomalous individuals-2,https://www.wattpad.com/1643844249-planet-phoenix-chapter-14%EF%BC%9Areport-anomalous,0,0,0,7.01,2026-07-27T14:00:03Z
2026-07-28T06:00:32+08:00,1,1643734560,Chapter 1 massive earthquake-1,https://www.wattpad.com/1643734560-planet-phoenix-chapter-1-massive-earthquake-1,10,0,0,190.01,2026-07-20T00:00:02Z
2026-07-28T06:00:32+08:00,2,1643743618,Chapter 2 massive earthquake-2,https://www.wattpad.com/1643743618-planet-phoenix-chapter-2-massive-earthquake-2,9,0,0,176.01,2026-07-20T14:00:02Z
2026-07-28T06:00:32+08:00,3,1643746352,Chapter 3 massive earthquake-3,https://www.wattpad.com/1643746352-planet-phoenix-chapter-3-massive-earthquake-3,5,0,0,162.01,2026-07-21T04:00:02Z
2026-07-28T06:00:32+08:00,4,1643746654,Chapter 4 massive earthquake-4,https://www.wattpad.com/1643746654-planet-phoenix-chapter-4-massive-earthquake-4,9,1,-1,148.01,2026-07-21T18:00:02Z
2026-07-28T06:00:32+08:00,5,1643747136,Chapter 5 Escape from death,https://www.wattpad.com/1643747136-planet-phoenix-chapter-5-escape-from-death,1,0,0,134.01,2026-07-22T08:00:03Z
2026-07-28T06:00:32+08:00,6,1643747955,Chapter 6：Interlude,https://www.wattpad.com/1643747955-planet-phoenix-chapter-6%EF%BC%9Ainterlude,7,0,0,120.01,2026-07-22T22:00:02Z
2026-07-28T06:00:32+08:00,7,1643748308,Chapter 7：The cabin in the forest,https://www.wattpad.com/1643748308-planet-phoenix-chapter-7%EF%BC%9Athe-cabin-in-the-forest,8,0,1,106.01,2026-07-23T12:00:02Z
2026-07-28T06:00:32+08:00,8,1643748909,Chapter 8：Weird person in the train,https://www.wattpad.com/1643748909-planet-phoenix-chapter-8%EF%BC%9Aweird-person-in-the-train,4,0,0,92.01,2026-07-24T02:00:02Z
2026-07-28T06:00:32+08:00,9,1643749360,Chapter 9：Weird person-1,https://www.wattpad.com/1643749360-planet-phoenix-chapter-9%EF%BC%9Aweird-person-1,0,0,0,78.01,2026-07-24T16:00:03Z
2026-07-28T06:00:32+08:00,10,1643749998,Chapter 10：Weird person-2,https://www.wattpad.com/1643749998-planet-phoenix-chapter-10%EF%BC%9Aweird-person-2,3,0,1,64.01,2026-07-25T06:00:02Z
2026-07-28T06:00:32+08:00,11,1643750323,Chapter 11：Weird person-3,https://www.wattpad.com/1643750323-planet-phoenix-chapter-11%EF%BC%9Aweird-person-3,1,0,0,50.01,2026-07-25T20:00:02Z
2026-07-28T06:00:32+08:00,12,1643751148,Chapter 12：Homestead,https://www.wattpad.com/1643751148-planet-phoenix-chapter-12%EF%BC%9Ahomestead,0,0,0,36.01,2026-07-26T10:00:03Z
2026-07-28T06:00:32+08:00,13,1643843952,Chapter 13：Report anomalous individuals-1,https://www.wattpad.com/1643843952-planet-phoenix-chapter-13%EF%BC%9Areport-anomalous,0,0,0,22.01,2026-07-27T00:00:02Z
2026-07-28T06:00:32+08:00,14,1643844249,Chapter 14：Report anomalous individuals-2,https://www.wattpad.com/1643844249-planet-phoenix-chapter-14%EF%BC%9Areport-anomalous,0,0,0,8.01,2026-07-27T14:00:03Z
2026-07-28T07:00:35+08:00,1,1643734560,Chapter 1 massive earthquake-1,https://www.wattpad.com/1643734560-planet-phoenix-chapter-1-massive-earthquake-1,10,0,0,191.01,2026-07-20T00:00:02Z
2026-07-28T07:00:35+08:00,2,1643743618,Chapter 2 massive earthquake-2,https://www.wattpad.com/1643743618-planet-phoenix-chapter-2-massive-earthquake-2,9,0,0,177.01,2026-07-20T14:00:02Z
2026-07-28T07:00:35+08:00,3,1643746352,Chapter 3 massive earthquake-3,https://www.wattpad.com/1643746352-planet-phoenix-chapter-3-massive-earthquake-3,5,0,0,163.01,2026-07-21T04:00:02Z
2026-07-28T07:00:35+08:00,4,1643746654,Chapter 4 massive earthquake-4,https://www.wattpad.com/1643746654-planet-phoenix-chapter-4-massive-earthquake-4,9,1,-1,149.01,2026-07-21T18:00:02Z
2026-07-28T07:00:35+08:00,5,1643747136,Chapter 5 Escape from death,https://www.wattpad.com/1643747136-planet-phoenix-chapter-5-escape-from-death,1,0,0,135.01,2026-07-22T08:00:03Z
2026-07-28T07:00:35+08:00,6,1643747955,Chapter 6：Interlude,https://www.wattpad.com/1643747955-planet-phoenix-chapter-6%EF%BC%9Ainterlude,7,0,0,121.01,2026-07-22T22:00:02Z
2026-07-28T07:00:35+08:00,7,1643748308,Chapter 7：The cabin in the forest,https://www.wattpad.com/1643748308-planet-phoenix-chapter-7%EF%BC%9Athe-cabin-in-the-forest,8,0,1,107.01,2026-07-23T12:00:02Z
2026-07-28T07:00:35+08:00,8,1643748909,Chapter 8：Weird person in the train,https://www.wattpad.com/1643748909-planet-phoenix-chapter-8%EF%BC%9Aweird-person-in-the-train,4,0,0,93.01,2026-07-24T02:00:02Z
2026-07-28T07:00:35+08:00,9,1643749360,Chapter 9：Weird person-1,https://www.wattpad.com/1643749360-planet-phoenix-chapter-9%EF%BC%9Aweird-person-1,0,0,0,79.01,2026-07-24T16:00:03Z
2026-07-28T07:00:35+08:00,10,1643749998,Chapter 10：Weird person-2,https://www.wattpad.com/1643749998-planet-phoenix-chapter-10%EF%BC%9Aweird-person-2,3,0,1,65.01,2026-07-25T06:00:02Z
2026-07-28T07:00:35+08:00,11,1643750323,Chapter 11：Weird person-3,https://www.wattpad.com/1643750323-planet-phoenix-chapter-11%EF%BC%9Aweird-person-3,1,0,0,51.01,2026-07-25T20:00:02Z
2026-07-28T07:00:35+08:00,12,1643751148,Chapter 12：Homestead,https://www.wattpad.com/1643751148-planet-phoenix-chapter-12%EF%BC%9Ahomestead,0,0,0,37.01,2026-07-26T10:00:03Z
2026-07-28T07:00:35+08:00,13,1643843952,Chapter 13：Report anomalous individuals-1,https://www.wattpad.com/1643843952-planet-phoenix-chapter-13%EF%BC%9Areport-anomalous,0,0,0,23.01,2026-07-27T00:00:02Z
2026-07-28T07:00:35+08:00,14,1643844249,Chapter 14：Report anomalous individuals-2,https://www.wattpad.com/1643844249-planet-phoenix-chapter-14%EF%BC%9Areport-anomalous,0,0,0,9.01,2026-07-27T14:00:03Z
2026-07-28T08:00:32+08:00,1,1643734560,Chapter 1 massive earthquake-1,https://www.wattpad.com/1643734560-planet-phoenix-chapter-1-massive-earthquake-1,10,0,0,192.01,2026-07-20T00:00:02Z
2026-07-28T08:00:32+08:00,2,1643743618,Chapter 2 massive earthquake-2,https://www.wattpad.com/1643743618-planet-phoenix-chapter-2-massive-earthquake-2,9,0,0,178.01,2026-07-20T14:00:02Z
2026-07-28T08:00:32+08:00,3,1643746352,Chapter 3 massive earthquake-3,https://www.wattpad.com/1643746352-planet-phoenix-chapter-3-massive-earthquake-3,5,0,0,164.01,2026-07-21T04:00:02Z
2026-07-28T08:00:32+08:00,4,1643746654,Chapter 4 massive earthquake-4,https://www.wattpad.com/1643746654-planet-phoenix-chapter-4-massive-earthquake-4,9,1,-1,150.01,2026-07-21T18:00:02Z
2026-07-28T08:00:32+08:00,5,1643747136,Chapter 5 Escape from death,https://www.wattpad.com/1643747136-planet-phoenix-chapter-5-escape-from-death,1,0,0,136.01,2026-07-22T08:00:03Z
2026-07-28T08:00:32+08:00,6,1643747955,Chapter 6：Interlude,https://www.wattpad.com/1643747955-planet-phoenix-chapter-6%EF%BC%9Ainterlude,7,0,0,122.01,2026-07-22T22:00:02Z
2026-07-28T08:00:32+08:00,7,1643748308,Chapter 7：The cabin in the forest,https://www.wattpad.com/1643748308-planet-phoenix-chapter-7%EF%BC%9Athe-cabin-in-the-forest,8,0,1,108.01,2026-07-23T12:00:02Z
2026-07-28T08:00:32+08:00,8,1643748909,Chapter 8：Weird person in the train,https://www.wattpad.com/1643748909-planet-phoenix-chapter-8%EF%BC%9Aweird-person-in-the-train,4,0,0,94.01,2026-07-24T02:00:02Z
2026-07-28T08:00:32+08:00,9,1643749360,Chapter 9：Weird person-1,https://www.wattpad.com/1643749360-planet-phoenix-chapter-9%EF%BC%9Aweird-person-1,0,0,0,80.01,2026-07-24T16:00:03Z
2026-07-28T08:00:32+08:00,10,1643749998,Chapter 10：Weird person-2,https://www.wattpad.com/1643749998-planet-phoenix-chapter-10%EF%BC%9Aweird-person-2,3,0,1,66.01,2026-07-25T06:00:02Z
2026-07-28T08:00:32+08:00,11,1643750323,Chapter 11：Weird person-3,https://www.wattpad.com/1643750323-planet-phoenix-chapter-11%EF%BC%9Aweird-person-3,1,0,0,52.01,2026-07-25T20:00:02Z
2026-07-28T08:00:32+08:00,12,1643751148,Chapter 12：Homestead,https://www.wattpad.com/1643751148-planet-phoenix-chapter-12%EF%BC%9Ahomestead,0,0,0,38.01,2026-07-26T10:00:03Z
2026-07-28T08:00:32+08:00,13,1643843952,Chapter 13：Report anomalous individuals-1,https://www.wattpad.com/1643843952-planet-phoenix-chapter-13%EF%BC%9Areport-anomalous,0,0,0,24.01,2026-07-27T00:00:02Z
2026-07-28T08:00:32+08:00,14,1643844249,Chapter 14：Report anomalous individuals-2,https://www.wattpad.com/1643844249-planet-phoenix-chapter-14%EF%BC%9Areport-anomalous,0,0,0,10.01,2026-07-27T14:00:03Z
2026-07-28T09:00:31+08:00,1,1643734560,Chapter 1 massive earthquake-1,https://www.wattpad.com/1643734560-planet-phoenix-chapter-1-massive-earthquake-1,10,0,0,193.01,2026-07-20T00:00:02Z
2026-07-28T09:00:31+08:00,2,1643743618,Chapter 2 massive earthquake-2,https://www.wattpad.com/1643743618-planet-phoenix-chapter-2-massive-earthquake-2,9,0,0,179.01,2026-07-20T14:00:02Z
2026-07-28T09:00:31+08:00,3,1643746352,Chapter 3 massive earthquake-3,https://www.wattpad.com/1643746352-planet-phoenix-chapter-3-massive-earthquake-3,5,0,0,165.01,2026-07-21T04:00:02Z
2026-07-28T09:00:31+08:00,4,1643746654,Chapter 4 massive earthquake-4,https://www.wattpad.com/1643746654-planet-phoenix-chapter-4-massive-earthquake-4,9,1,-1,151.01,2026-07-21T18:00:02Z
2026-07-28T09:00:31+08:00,5,1643747136,Chapter 5 Escape from death,https://www.wattpad.com/1643747136-planet-phoenix-chapter-5-escape-from-death,1,0,0,137.01,2026-07-22T08:00:03Z
2026-07-28T09:00:31+08:00,6,1643747955,Chapter 6：Interlude,https://www.wattpad.com/1643747955-planet-phoenix-chapter-6%EF%BC%9Ainterlude,7,0,0,123.01,2026-07-22T22:00:02Z
2026-07-28T09:00:31+08:00,7,1643748308,Chapter 7：The cabin in the forest,https://www.wattpad.com/1643748308-planet-phoenix-chapter-7%EF%BC%9Athe-cabin-in-the-forest,8,0,1,109.01,2026-07-23T12:00:02Z
2026-07-28T09:00:31+08:00,8,1643748909,Chapter 8：Weird person in the train,https://www.wattpad.com/1643748909-planet-phoenix-chapter-8%EF%BC%9Aweird-person-in-the-train,4,0,0,95.01,2026-07-24T02:00:02Z
2026-07-28T09:00:31+08:00,9,1643749360,Chapter 9：Weird person-1,https://www.wattpad.com/1643749360-planet-phoenix-chapter-9%EF%BC%9Aweird-person-1,0,0,0,81.01,2026-07-24T16:00:03Z
2026-07-28T09:00:31+08:00,10,1643749998,Chapter 10：Weird person-2,https://www.wattpad.com/1643749998-planet-phoenix-chapter-10%EF%BC%9Aweird-person-2,3,0,1,67.01,2026-07-25T06:00:02Z
2026-07-28T09:00:31+08:00,11,1643750323,Chapter 11：Weird person-3,https://www.wattpad.com/1643750323-planet-phoenix-chapter-11%EF%BC%9Aweird-person-3,1,0,0,53.01,2026-07-25T20:00:02Z
2026-07-28T09:00:31+08:00,12,1643751148,Chapter 12：Homestead,https://www.wattpad.com/1643751148-planet-phoenix-chapter-12%EF%BC%9Ahomestead,0,0,0,39.01,2026-07-26T10:00:03Z
2026-07-28T09:00:31+08:00,13,1643843952,Chapter 13：Report anomalous individuals-1,https://www.wattpad.com/1643843952-planet-phoenix-chapter-13%EF%BC%9Areport-anomalous,0,0,0,25.01,2026-07-27T00:00:02Z
2026-07-28T09:00:31+08:00,14,1643844249,Chapter 14：Report anomalous individuals-2,https://www.wattpad.com/1643844249-planet-phoenix-chapter-14%EF%BC%9Areport-anomalous,0,0,0,11.01,2026-07-27T14:00:03Z
2026-07-28T10:00:30+08:00,1,1643734560,Chapter 1 massive earthquake-1,https://www.wattpad.com/1643734560-planet-phoenix-chapter-1-massive-earthquake-1,10,0,0,194.01,2026-07-20T00:00:02Z
2026-07-28T10:00:30+08:00,2,1643743618,Chapter 2 massive earthquake-2,https://www.wattpad.com/1643743618-planet-phoenix-chapter-2-massive-earthquake-2,9,0,0,180.01,2026-07-20T14:00:02Z
2026-07-28T10:00:30+08:00,3,1643746352,Chapter 3 massive earthquake-3,https://www.wattpad.com/1643746352-planet-phoenix-chapter-3-massive-earthquake-3,5,0,0,166.01,2026-07-21T04:00:02Z
2026-07-28T10:00:30+08:00,4,1643746654,Chapter 4 massive earthquake-4,https://www.wattpad.com/1643746654-planet-phoenix-chapter-4-massive-earthquake-4,9,1,-1,152.01,2026-07-21T18:00:02Z
2026-07-28T10:00:30+08:00,5,1643747136,Chapter 5 Escape from death,https://www.wattpad.com/1643747136-planet-phoenix-chapter-5-escape-from-death,1,0,0,138.01,2026-07-22T08:00:03Z
2026-07-28T10:00:30+08:00,6,1643747955,Chapter 6：Interlude,https://www.wattpad.com/1643747955-planet-phoenix-chapter-6%EF%BC%9Ainterlude,7,0,0,124.01,2026-07-22T22:00:02Z
2026-07-28T10:00:30+08:00,7,1643748308,Chapter 7：The cabin in the forest,https://www.wattpad.com/1643748308-planet-phoenix-chapter-7%EF%BC%9Athe-cabin-in-the-forest,8,0,1,110.01,2026-07-23T12:00:02Z
2026-07-28T10:00:30+08:00,8,1643748909,Chapter 8：Weird person in the train,https://www.wattpad.com/1643748909-planet-phoenix-chapter-8%EF%BC%9Aweird-person-in-the-train,4,0,0,96.01,2026-07-24T02:00:02Z
2026-07-28T10:00:30+08:00,9,1643749360,Chapter 9：Weird person-1,https://www.wattpad.com/1643749360-planet-phoenix-chapter-9%EF%BC%9Aweird-person-1,0,0,0,82.01,2026-07-24T16:00:03Z
2026-07-28T10:00:30+08:00,10,1643749998,Chapter 10：Weird person-2,https://www.wattpad.com/1643749998-planet-phoenix-chapter-10%EF%BC%9Aweird-person-2,3,0,1,68.01,2026-07-25T06:00:02Z
2026-07-28T10:00:30+08:00,11,1643750323,Chapter 11：Weird person-3,https://www.wattpad.com/1643750323-planet-phoenix-chapter-11%EF%BC%9Aweird-person-3,1,0,0,54.01,2026-07-25T20:00:02Z
2026-07-28T10:00:30+08:00,12,1643751148,Chapter 12：Homestead,https://www.wattpad.com/1643751148-planet-phoenix-chapter-12%EF%BC%9Ahomestead,0,0,0,40.01,2026-07-26T10:00:03Z
2026-07-28T10:00:30+08:00,13,1643843952,Chapter 13：Report anomalous individuals-1,https://www.wattpad.com/1643843952-planet-phoenix-chapter-13%EF%BC%9Areport-anomalous,0,0,0,26.01,2026-07-27T00:00:02Z
2026-07-28T10:00:30+08:00,14,1643844249,Chapter 14：Report anomalous individuals-2,https://www.wattpad.com/1643844249-planet-phoenix-chapter-14%EF%BC%9Areport-anomalous,0,0,0,12.01,2026-07-27T14:00:03Z
2026-07-28T11:00:38+08:00,1,1643734560,Chapter 1 massive earthquake-1,https://www.wattpad.com/1643734560-planet-phoenix-chapter-1-massive-earthquake-1,10,0,0,195.01,2026-07-20T00:00:02Z
2026-07-28T11:00:38+08:00,2,1643743618,Chapter 2 massive earthquake-2,https://www.wattpad.com/1643743618-planet-phoenix-chapter-2-massive-earthquake-2,9,0,0,181.01,2026-07-20T14:00:02Z
2026-07-28T11:00:38+08:00,3,1643746352,Chapter 3 massive earthquake-3,https://www.wattpad.com/1643746352-planet-phoenix-chapter-3-massive-earthquake-3,5,0,0,167.01,2026-07-21T04:00:02Z
2026-07-28T11:00:38+08:00,4,1643746654,Chapter 4 massive earthquake-4,https://www.wattpad.com/1643746654-planet-phoenix-chapter-4-massive-earthquake-4,9,1,-1,153.01,2026-07-21T18:00:02Z
2026-07-28T11:00:38+08:00,5,1643747136,Chapter 5 Escape from death,https://www.wattpad.com/1643747136-planet-phoenix-chapter-5-escape-from-death,1,0,0,139.01,2026-07-22T08:00:03Z
2026-07-28T11:00:38+08:00,6,1643747955,Chapter 6：Interlude,https://www.wattpad.com/1643747955-planet-phoenix-chapter-6%EF%BC%9Ainterlude,7,0,0,125.01,2026-07-22T22:00:02Z
2026-07-28T11:00:38+08:00,7,1643748308,Chapter 7：The cabin in the forest,https://www.wattpad.com/1643748308-planet-phoenix-chapter-7%EF%BC%9Athe-cabin-in-the-forest,8,0,1,111.01,2026-07-23T12:00:02Z
2026-07-28T11:00:38+08:00,8,1643748909,Chapter 8：Weird person in the train,https://www.wattpad.com/1643748909-planet-phoenix-chapter-8%EF%BC%9Aweird-person-in-the-train,4,0,0,97.01,2026-07-24T02:00:02Z
2026-07-28T11:00:38+08:00,9,1643749360,Chapter 9：Weird person-1,https://www.wattpad.com/1643749360-planet-phoenix-chapter-9%EF%BC%9Aweird-person-1,0,0,0,83.01,2026-07-24T16:00:03Z
2026-07-28T11:00:38+08:00,10,1643749998,Chapter 10：Weird person-2,https://www.wattpad.com/1643749998-planet-phoenix-chapter-10%EF%BC%9Aweird-person-2,3,0,1,69.01,2026-07-25T06:00:02Z
2026-07-28T11:00:38+08:00,11,1643750323,Chapter 11：Weird person-3,https://www.wattpad.com/1643750323-planet-phoenix-chapter-11%EF%BC%9Aweird-person-3,1,0,0,55.01,2026-07-25T20:00:02Z
2026-07-28T11:00:38+08:00,12,1643751148,Chapter 12：Homestead,https://www.wattpad.com/1643751148-planet-phoenix-chapter-12%EF%BC%9Ahomestead,0,0,0,41.01,2026-07-26T10:00:03Z
2026-07-28T11:00:38+08:00,13,1643843952,Chapter 13：Report anomalous individuals-1,https://www.wattpad.com/1643843952-planet-phoenix-chapter-13%EF%BC%9Areport-anomalous,0,0,0,27.01,2026-07-27T00:00:02Z
2026-07-28T11:00:38+08:00,14,1643844249,Chapter 14：Report anomalous individuals-2,https://www.wattpad.com/1643844249-planet-phoenix-chapter-14%EF%BC%9Areport-anomalous,0,0,0,13.01,2026-07-27T14:00:03Z
2026-07-28T12:00:29+08:00,1,1643734560,Chapter 1 massive earthquake-1,https://www.wattpad.com/1643734560-planet-phoenix-chapter-1-massive-earthquake-1,10,0,0,196.01,2026-07-20T00:00:02Z
2026-07-28T12:00:29+08:00,2,1643743618,Chapter 2 massive earthquake-2,https://www.wattpad.com/1643743618-planet-phoenix-chapter-2-massive-earthquake-2,9,0,0,182.01,2026-07-20T14:00:02Z
2026-07-28T12:00:29+08:00,3,1643746352,Chapter 3 massive earthquake-3,https://www.wattpad.com/1643746352-planet-phoenix-chapter-3-massive-earthquake-3,5,0,0,168.01,2026-07-21T04:00:02Z
2026-07-28T12:00:29+08:00,4,1643746654,Chapter 4 massive earthquake-4,https://www.wattpad.com/1643746654-planet-phoenix-chapter-4-massive-earthquake-4,9,1,-1,154.01,2026-07-21T18:00:02Z
2026-07-28T12:00:29+08:00,5,1643747136,Chapter 5 Escape from death,https://www.wattpad.com/1643747136-planet-phoenix-chapter-5-escape-from-death,1,0,0,140.01,2026-07-22T08:00:03Z
2026-07-28T12:00:29+08:00,6,1643747955,Chapter 6：Interlude,https://www.wattpad.com/1643747955-planet-phoenix-chapter-6%EF%BC%9Ainterlude,7,0,0,126.01,2026-07-22T22:00:02Z
2026-07-28T12:00:29+08:00,7,1643748308,Chapter 7：The cabin in the forest,https://www.wattpad.com/1643748308-planet-phoenix-chapter-7%EF%BC%9Athe-cabin-in-the-forest,8,0,1,112.01,2026-07-23T12:00:02Z
2026-07-28T12:00:29+08:00,8,1643748909,Chapter 8：Weird person in the train,https://www.wattpad.com/1643748909-planet-phoenix-chapter-8%EF%BC%9Aweird-person-in-the-train,5,0,0,98.01,2026-07-24T02:00:02Z
2026-07-28T12:00:29+08:00,9,1643749360,Chapter 9：Weird person-1,https://www.wattpad.com/1643749360-planet-phoenix-chapter-9%EF%BC%9Aweird-person-1,0,0,0,84.01,2026-07-24T16:00:03Z
2026-07-28T12:00:29+08:00,10,1643749998,Chapter 10：Weird person-2,https://www.wattpad.com/1643749998-planet-phoenix-chapter-10%EF%BC%9Aweird-person-2,3,0,1,70.01,2026-07-25T06:00:02Z
2026-07-28T12:00:29+08:00,11,1643750323,Chapter 11：Weird person-3,https://www.wattpad.com/1643750323-planet-phoenix-chapter-11%EF%BC%9Aweird-person-3,1,0,0,56.01,2026-07-25T20:00:02Z
2026-07-28T12:00:29+08:00,12,1643751148,Chapter 12：Homestead,https://www.wattpad.com/1643751148-planet-phoenix-chapter-12%EF%BC%9Ahomestead,0,0,0,42.01,2026-07-26T10:00:03Z
2026-07-28T12:00:29+08:00,13,1643843952,Chapter 13：Report anomalous individuals-1,https://www.wattpad.com/1643843952-planet-phoenix-chapter-13%EF%BC%9Areport-anomalous,0,0,0,28.01,2026-07-27T00:00:02Z
2026-07-28T12:00:29+08:00,14,1643844249,Chapter 14：Report anomalous individuals-2,https://www.wattpad.com/1643844249-planet-phoenix-chapter-14%EF%BC%9Areport-anomalous,0,0,0,14.01,2026-07-27T14:00:03Z
2026-07-28T12:00:29+08:00,15,1643844641,Chapter 15：Report anomalous individuals-3,https://www.wattpad.com/1643844641-planet-phoenix-chapter-15%EF%BC%9Areport-anomalous,0,0,0,0.01,2026-07-28T04:00:03Z
2026-07-28T13:00:37+08:00,1,1643734560,Chapter 1 massive earthquake-1,https://www.wattpad.com/1643734560-planet-phoenix-chapter-1-massive-earthquake-1,10,0,0,197.01,2026-07-20T00:00:02Z
2026-07-28T13:00:37+08:00,2,1643743618,Chapter 2 massive earthquake-2,https://www.wattpad.com/1643743618-planet-phoenix-chapter-2-massive-earthquake-2,9,0,0,183.01,2026-07-20T14:00:02Z
2026-07-28T13:00:37+08:00,3,1643746352,Chapter 3 massive earthquake-3,https://www.wattpad.com/1643746352-planet-phoenix-chapter-3-massive-earthquake-3,5,0,0,169.01,2026-07-21T04:00:02Z
2026-07-28T13:00:37+08:00,4,1643746654,Chapter 4 massive earthquake-4,https://www.wattpad.com/1643746654-planet-phoenix-chapter-4-massive-earthquake-4,9,1,-1,155.01,2026-07-21T18:00:02Z
2026-07-28T13:00:37+08:00,5,1643747136,Chapter 5 Escape from death,https://www.wattpad.com/1643747136-planet-phoenix-chapter-5-escape-from-death,1,0,0,141.01,2026-07-22T08:00:03Z
2026-07-28T13:00:37+08:00,6,1643747955,Chapter 6：Interlude,https://www.wattpad.com/1643747955-planet-phoenix-chapter-6%EF%BC%9Ainterlude,7,0,0,127.01,2026-07-22T22:00:02Z
2026-07-28T13:00:37+08:00,7,1643748308,Chapter 7：The cabin in the forest,https://www.wattpad.com/1643748308-planet-phoenix-chapter-7%EF%BC%9Athe-cabin-in-the-forest,8,0,1,113.01,2026-07-23T12:00:02Z
2026-07-28T13:00:37+08:00,8,1643748909,Chapter 8：Weird person in the train,https://www.wattpad.com/1643748909-planet-phoenix-chapter-8%EF%BC%9Aweird-person-in-the-train,5,0,0,99.01,2026-07-24T02:00:02Z
2026-07-28T13:00:37+08:00,9,1643749360,Chapter 9：Weird person-1,https://www.wattpad.com/1643749360-planet-phoenix-chapter-9%EF%BC%9Aweird-person-1,0,0,0,85.01,2026-07-24T16:00:03Z
2026-07-28T13:00:37+08:00,10,1643749998,Chapter 10：Weird person-2,https://www.wattpad.com/1643749998-planet-phoenix-chapter-10%EF%BC%9Aweird-person-2,3,0,1,71.01,2026-07-25T06:00:02Z
2026-07-28T13:00:37+08:00,11,1643750323,Chapter 11：Weird person-3,https://www.wattpad.com/1643750323-planet-phoenix-chapter-11%EF%BC%9Aweird-person-3,1,0,0,57.01,2026-07-25T20:00:02Z
2026-07-28T13:00:37+08:00,12,1643751148,Chapter 12：Homestead,https://www.wattpad.com/1643751148-planet-phoenix-chapter-12%EF%BC%9Ahomestead,0,0,0,43.01,2026-07-26T10:00:03Z
2026-07-28T13:00:37+08:00,13,1643843952,Chapter 13：Report anomalous individuals-1,https://www.wattpad.com/1643843952-planet-phoenix-chapter-13%EF%BC%9Areport-anomalous,0,0,0,29.01,2026-07-27T00:00:02Z
2026-07-28T13:00:37+08:00,14,1643844249,Chapter 14：Report anomalous individuals-2,https://www.wattpad.com/1643844249-planet-phoenix-chapter-14%EF%BC%9Areport-anomalous,0,0,0,15.01,2026-07-27T14:00:03Z
2026-07-28T13:00:37+08:00,15,1643844641,Chapter 15：Report anomalous individuals-3,https://www.wattpad.com/1643844641-planet-phoenix-chapter-15%EF%BC%9Areport-anomalous,0,0,0,1.01,2026-07-28T04:00:03Z
2026-07-28T14:00:42+08:00,1,1643734560,Chapter 1 massive earthquake-1,https://www.wattpad.com/1643734560-planet-phoenix-chapter-1-massive-earthquake-1,10,0,0,198.01,2026-07-20T00:00:02Z
2026-07-28T14:00:42+08:00,2,1643743618,Chapter 2 massive earthquake-2,https://www.wattpad.com/1643743618-planet-phoenix-chapter-2-massive-earthquake-2,9,0,0,184.01,2026-07-20T14:00:02Z
2026-07-28T14:00:42+08:00,3,1643746352,Chapter 3 massive earthquake-3,https://www.wattpad.com/1643746352-planet-phoenix-chapter-3-massive-earthquake-3,5,0,0,170.01,2026-07-21T04:00:02Z
2026-07-28T14:00:42+08:00,4,1643746654,Chapter 4 massive earthquake-4,https://www.wattpad.com/1643746654-planet-phoenix-chapter-4-massive-earthquake-4,9,1,-1,156.01,2026-07-21T18:00:02Z
2026-07-28T14:00:42+08:00,5,1643747136,Chapter 5 Escape from death,https://www.wattpad.com/1643747136-planet-phoenix-chapter-5-escape-from-death,1,0,0,142.01,2026-07-22T08:00:03Z
2026-07-28T14:00:42+08:00,6,1643747955,Chapter 6：Interlude,https://www.wattpad.com/1643747955-planet-phoenix-chapter-6%EF%BC%9Ainterlude,7,0,0,128.01,2026-07-22T22:00:02Z
2026-07-28T14:00:42+08:00,7,1643748308,Chapter 7：The cabin in the forest,https://www.wattpad.com/1643748308-planet-phoenix-chapter-7%EF%BC%9Athe-cabin-in-the-forest,8,0,1,114.01,2026-07-23T12:00:02Z
2026-07-28T14:00:42+08:00,8,1643748909,Chapter 8：Weird person in the train,https://www.wattpad.com/1643748909-planet-phoenix-chapter-8%EF%BC%9Aweird-person-in-the-train,5,0,0,100.01,2026-07-24T02:00:02Z
2026-07-28T14:00:42+08:00,9,1643749360,Chapter 9：Weird person-1,https://www.wattpad.com/1643749360-planet-phoenix-chapter-9%EF%BC%9Aweird-person-1,0,0,0,86.01,2026-07-24T16:00:03Z
2026-07-28T14:00:42+08:00,10,1643749998,Chapter 10：Weird person-2,https://www.wattpad.com/1643749998-planet-phoenix-chapter-10%EF%BC%9Aweird-person-2,3,0,1,72.01,2026-07-25T06:00:02Z
2026-07-28T14:00:42+08:00,11,1643750323,Chapter 11：Weird person-3,https://www.wattpad.com/1643750323-planet-phoenix-chapter-11%EF%BC%9Aweird-person-3,1,0,0,58.01,2026-07-25T20:00:02Z
2026-07-28T14:00:42+08:00,12,1643751148,Chapter 12：Homestead,https://www.wattpad.com/1643751148-planet-phoenix-chapter-12%EF%BC%9Ahomestead,0,0,0,44.01,2026-07-26T10:00:03Z
2026-07-28T14:00:42+08:00,13,1643843952,Chapter 13：Report anomalous individuals-1,https://www.wattpad.com/1643843952-planet-phoenix-chapter-13%EF%BC%9Areport-anomalous,0,0,0,30.01,2026-07-27T00:00:02Z
2026-07-28T14:00:42+08:00,14,1643844249,Chapter 14：Report anomalous individuals-2,https://www.wattpad.com/1643844249-planet-phoenix-chapter-14%EF%BC%9Areport-anomalous,0,0,0,16.01,2026-07-27T14:00:03Z
2026-07-28T14:00:42+08:00,15,1643844641,Chapter 15：Report anomalous individuals-3,https://www.wattpad.com/1643844641-planet-phoenix-chapter-15%EF%BC%9Areport-anomalous,0,0,0,2.01,2026-07-28T04:00:03Z
2026-07-28T15:00:31+08:00,1,1643734560,Chapter 1 massive earthquake-1,https://www.wattpad.com/1643734560-planet-phoenix-chapter-1-massive-earthquake-1,10,0,0,199.01,2026-07-20T00:00:02Z
2026-07-28T15:00:31+08:00,2,1643743618,Chapter 2 massive earthquake-2,https://www.wattpad.com/1643743618-planet-phoenix-chapter-2-massive-earthquake-2,9,0,0,185.01,2026-07-20T14:00:02Z
2026-07-28T15:00:31+08:00,3,1643746352,Chapter 3 massive earthquake-3,https://www.wattpad.com/1643746352-planet-phoenix-chapter-3-massive-earthquake-3,5,0,0,171.01,2026-07-21T04:00:02Z
2026-07-28T15:00:31+08:00,4,1643746654,Chapter 4 massive earthquake-4,https://www.wattpad.com/1643746654-planet-phoenix-chapter-4-massive-earthquake-4,9,1,-1,157.01,2026-07-21T18:00:02Z
2026-07-28T15:00:31+08:00,5,1643747136,Chapter 5 Escape from death,https://www.wattpad.com/1643747136-planet-phoenix-chapter-5-escape-from-death,1,0,0,143.01,2026-07-22T08:00:03Z
2026-07-28T15:00:31+08:00,6,1643747955,Chapter 6：Interlude,https://www.wattpad.com/1643747955-planet-phoenix-chapter-6%EF%BC%9Ainterlude,7,0,0,129.01,2026-07-22T22:00:02Z
2026-07-28T15:00:31+08:00,7,1643748308,Chapter 7：The cabin in the forest,https://www.wattpad.com/1643748308-planet-phoenix-chapter-7%EF%BC%9Athe-cabin-in-the-forest,8,0,1,115.01,2026-07-23T12:00:02Z
2026-07-28T15:00:31+08:00,8,1643748909,Chapter 8：Weird person in the train,https://www.wattpad.com/1643748909-planet-phoenix-chapter-8%EF%BC%9Aweird-person-in-the-train,5,0,0,101.01,2026-07-24T02:00:02Z
2026-07-28T15:00:31+08:00,9,1643749360,Chapter 9：Weird person-1,https://www.wattpad.com/1643749360-planet-phoenix-chapter-9%EF%BC%9Aweird-person-1,0,0,0,87.01,2026-07-24T16:00:03Z
2026-07-28T15:00:31+08:00,10,1643749998,Chapter 10：Weird person-2,https://www.wattpad.com/1643749998-planet-phoenix-chapter-10%EF%BC%9Aweird-person-2,3,0,1,73.01,2026-07-25T06:00:02Z
2026-07-28T15:00:31+08:00,11,1643750323,Chapter 11：Weird person-3,https://www.wattpad.com/1643750323-planet-phoenix-chapter-11%EF%BC%9Aweird-person-3,1,0,0,59.01,2026-07-25T20:00:02Z
2026-07-28T15:00:31+08:00,12,1643751148,Chapter 12：Homestead,https://www.wattpad.com/1643751148-planet-phoenix-chapter-12%EF%BC%9Ahomestead,0,0,0,45.01,2026-07-26T10:00:03Z
2026-07-28T15:00:31+08:00,13,1643843952,Chapter 13：Report anomalous individuals-1,https://www.wattpad.com/1643843952-planet-phoenix-chapter-13%EF%BC%9Areport-anomalous,0,0,0,31.01,2026-07-27T00:00:02Z
2026-07-28T15:00:31+08:00,14,1643844249,Chapter 14：Report anomalous individuals-2,https://www.wattpad.com/1643844249-planet-phoenix-chapter-14%EF%BC%9Areport-anomalous,0,0,0,17.01,2026-07-27T14:00:03Z
2026-07-28T15:00:31+08:00,15,1643844641,Chapter 15：Report anomalous individuals-3,https://www.wattpad.com/1643844641-planet-phoenix-chapter-15%EF%BC%9Areport-anomalous,0,0,0,3.01,2026-07-28T04:00:03Z
2026-07-28T16:00:42+08:00,1,1643734560,Chapter 1 massive earthquake-1,https://www.wattpad.com/1643734560-planet-phoenix-chapter-1-massive-earthquake-1,10,0,0,200.01,2026-07-20T00:00:02Z
2026-07-28T16:00:42+08:00,2,1643743618,Chapter 2 massive earthquake-2,https://www.wattpad.com/1643743618-planet-phoenix-chapter-2-massive-earthquake-2,9,0,0,186.01,2026-07-20T14:00:02Z
2026-07-28T16:00:42+08:00,3,1643746352,Chapter 3 massive earthquake-3,https://www.wattpad.com/1643746352-planet-phoenix-chapter-3-massive-earthquake-3,5,0,0,172.01,2026-07-21T04:00:02Z
2026-07-28T16:00:42+08:00,4,1643746654,Chapter 4 massive earthquake-4,https://www.wattpad.com/1643746654-planet-phoenix-chapter-4-massive-earthquake-4,9,1,-1,158.01,2026-07-21T18:00:02Z
2026-07-28T16:00:42+08:00,5,1643747136,Chapter 5 Escape from death,https://www.wattpad.com/1643747136-planet-phoenix-chapter-5-escape-from-death,1,0,0,144.01,2026-07-22T08:00:03Z
2026-07-28T16:00:42+08:00,6,1643747955,Chapter 6：Interlude,https://www.wattpad.com/1643747955-planet-phoenix-chapter-6%EF%BC%9Ainterlude,7,0,0,130.01,2026-07-22T22:00:02Z
2026-07-28T16:00:42+08:00,7,1643748308,Chapter 7：The cabin in the forest,https://www.wattpad.com/1643748308-planet-phoenix-chapter-7%EF%BC%9Athe-cabin-in-the-forest,8,0,1,116.01,2026-07-23T12:00:02Z
2026-07-28T16:00:42+08:00,8,1643748909,Chapter 8：Weird person in the train,https://www.wattpad.com/1643748909-planet-phoenix-chapter-8%EF%BC%9Aweird-person-in-the-train,5,0,0,102.01,2026-07-24T02:00:02Z
2026-07-28T16:00:42+08:00,9,1643749360,Chapter 9：Weird person-1,https://www.wattpad.com/1643749360-planet-phoenix-chapter-9%EF%BC%9Aweird-person-1,0,0,0,88.01,2026-07-24T16:00:03Z
2026-07-28T16:00:42+08:00,10,1643749998,Chapter 10：Weird person-2,https://www.wattpad.com/1643749998-planet-phoenix-chapter-10%EF%BC%9Aweird-person-2,3,0,1,74.01,2026-07-25T06:00:02Z
2026-07-28T16:00:42+08:00,11,1643750323,Chapter 11：Weird person-3,https://www.wattpad.com/1643750323-planet-phoenix-chapter-11%EF%BC%9Aweird-person-3,1,0,0,60.01,2026-07-25T20:00:02Z
2026-07-28T16:00:42+08:00,12,1643751148,Chapter 12：Homestead,https://www.wattpad.com/1643751148-planet-phoenix-chapter-12%EF%BC%9Ahomestead,0,0,0,46.01,2026-07-26T10:00:03Z
2026-07-28T16:00:42+08:00,13,1643843952,Chapter 13：Report anomalous individuals-1,https://www.wattpad.com/1643843952-planet-phoenix-chapter-13%EF%BC%9Areport-anomalous,0,0,0,32.01,2026-07-27T00:00:02Z
2026-07-28T16:00:42+08:00,14,1643844249,Chapter 14：Report anomalous individuals-2,https://www.wattpad.com/1643844249-planet-phoenix-chapter-14%EF%BC%9Areport-anomalous,0,0,0,18.01,2026-07-27T14:00:03Z
2026-07-28T16:00:42+08:00,15,1643844641,Chapter 15：Report anomalous individuals-3,https://www.wattpad.com/1643844641-planet-phoenix-chapter-15%EF%BC%9Areport-anomalous,0,0,0,4.01,2026-07-28T04:00:03Z
2026-07-28T17:00:37+08:00,1,1643734560,Chapter 1 massive earthquake-1,https://www.wattpad.com/1643734560-planet-phoenix-chapter-1-massive-earthquake-1,10,0,0,201.01,2026-07-20T00:00:02Z
2026-07-28T17:00:37+08:00,2,1643743618,Chapter 2 massive earthquake-2,https://www.wattpad.com/1643743618-planet-phoenix-chapter-2-massive-earthquake-2,9,0,0,187.01,2026-07-20T14:00:02Z
2026-07-28T17:00:37+08:00,3,1643746352,Chapter 3 massive earthquake-3,https://www.wattpad.com/1643746352-planet-phoenix-chapter-3-massive-earthquake-3,5,0,0,173.01,2026-07-21T04:00:02Z
2026-07-28T17:00:37+08:00,4,1643746654,Chapter 4 massive earthquake-4,https://www.wattpad.com/1643746654-planet-phoenix-chapter-4-massive-earthquake-4,9,1,-1,159.01,2026-07-21T18:00:02Z
2026-07-28T17:00:37+08:00,5,1643747136,Chapter 5 Escape from death,https://www.wattpad.com/1643747136-planet-phoenix-chapter-5-escape-from-death,1,0,0,145.01,2026-07-22T08:00:03Z
2026-07-28T17:00:37+08:00,6,1643747955,Chapter 6：Interlude,https://www.wattpad.com/1643747955-planet-phoenix-chapter-6%EF%BC%9Ainterlude,7,0,0,131.01,2026-07-22T22:00:02Z
2026-07-28T17:00:37+08:00,7,1643748308,Chapter 7：The cabin in the forest,https://www.wattpad.com/1643748308-planet-phoenix-chapter-7%EF%BC%9Athe-cabin-in-the-forest,8,0,1,117.01,2026-07-23T12:00:02Z
2026-07-28T17:00:37+08:00,8,1643748909,Chapter 8：Weird person in the train,https://www.wattpad.com/1643748909-planet-phoenix-chapter-8%EF%BC%9Aweird-person-in-the-train,5,0,0,103.01,2026-07-24T02:00:02Z
2026-07-28T17:00:37+08:00,9,1643749360,Chapter 9：Weird person-1,https://www.wattpad.com/1643749360-planet-phoenix-chapter-9%EF%BC%9Aweird-person-1,0,0,0,89.01,2026-07-24T16:00:03Z
2026-07-28T17:00:37+08:00,10,1643749998,Chapter 10：Weird person-2,https://www.wattpad.com/1643749998-planet-phoenix-chapter-10%EF%BC%9Aweird-person-2,3,0,1,75.01,2026-07-25T06:00:02Z
2026-07-28T17:00:37+08:00,11,1643750323,Chapter 11：Weird person-3,https://www.wattpad.com/1643750323-planet-phoenix-chapter-11%EF%BC%9Aweird-person-3,1,0,0,61.01,2026-07-25T20:00:02Z
2026-07-28T17:00:37+08:00,12,1643751148,Chapter 12：Homestead,https://www.wattpad.com/1643751148-planet-phoenix-chapter-12%EF%BC%9Ahomestead,0,0,0,47.01,2026-07-26T10:00:03Z
2026-07-28T17:00:37+08:00,13,1643843952,Chapter 13：Report anomalous individuals-1,https://www.wattpad.com/1643843952-planet-phoenix-chapter-13%EF%BC%9Areport-anomalous,0,0,0,33.01,2026-07-27T00:00:02Z
2026-07-28T17:00:37+08:00,14,1643844249,Chapter 14：Report anomalous individuals-2,https://www.wattpad.com/1643844249-planet-phoenix-chapter-14%EF%BC%9Areport-anomalous,0,0,0,19.01,2026-07-27T14:00:03Z
2026-07-28T17:00:37+08:00,15,1643844641,Chapter 15：Report anomalous individuals-3,https://www.wattpad.com/1643844641-planet-phoenix-chapter-15%EF%BC%9Areport-anomalous,0,0,0,5.01,2026-07-28T04:00:03Z
2026-07-28T18:00:36+08:00,1,1643734560,Chapter 1 massive earthquake-1,https://www.wattpad.com/1643734560-planet-phoenix-chapter-1-massive-earthquake-1,10,0,0,202.01,2026-07-20T00:00:02Z
2026-07-28T18:00:36+08:00,2,1643743618,Chapter 2 massive earthquake-2,https://www.wattpad.com/1643743618-planet-phoenix-chapter-2-massive-earthquake-2,9,0,0,188.01,2026-07-20T14:00:02Z
2026-07-28T18:00:36+08:00,3,1643746352,Chapter 3 massive earthquake-3,https://www.wattpad.com/1643746352-planet-phoenix-chapter-3-massive-earthquake-3,5,0,0,174.01,2026-07-21T04:00:02Z
2026-07-28T18:00:36+08:00,4,1643746654,Chapter 4 massive earthquake-4,https://www.wattpad.com/1643746654-planet-phoenix-chapter-4-massive-earthquake-4,9,1,-1,160.01,2026-07-21T18:00:02Z
2026-07-28T18:00:36+08:00,5,1643747136,Chapter 5 Escape from death,https://www.wattpad.com/1643747136-planet-phoenix-chapter-5-escape-from-death,1,0,0,146.01,2026-07-22T08:00:03Z
2026-07-28T18:00:36+08:00,6,1643747955,Chapter 6：Interlude,https://www.wattpad.com/1643747955-planet-phoenix-chapter-6%EF%BC%9Ainterlude,7,0,0,132.01,2026-07-22T22:00:02Z
2026-07-28T18:00:36+08:00,7,1643748308,Chapter 7：The cabin in the forest,https://www.wattpad.com/1643748308-planet-phoenix-chapter-7%EF%BC%9Athe-cabin-in-the-forest,8,0,1,118.01,2026-07-23T12:00:02Z
2026-07-28T18:00:36+08:00,8,1643748909,Chapter 8：Weird person in the train,https://www.wattpad.com/1643748909-planet-phoenix-chapter-8%EF%BC%9Aweird-person-in-the-train,5,0,0,104.01,2026-07-24T02:00:02Z
2026-07-28T18:00:36+08:00,9,1643749360,Chapter 9：Weird person-1,https://www.wattpad.com/1643749360-planet-phoenix-chapter-9%EF%BC%9Aweird-person-1,0,0,0,90.01,2026-07-24T16:00:03Z
2026-07-28T18:00:36+08:00,10,1643749998,Chapter 10：Weird person-2,https://www.wattpad.com/1643749998-planet-phoenix-chapter-10%EF%BC%9Aweird-person-2,3,0,1,76.01,2026-07-25T06:00:02Z
2026-07-28T18:00:36+08:00,11,1643750323,Chapter 11：Weird person-3,https://www.wattpad.com/1643750323-planet-phoenix-chapter-11%EF%BC%9Aweird-person-3,1,0,0,62.01,2026-07-25T20:00:02Z
2026-07-28T18:00:36+08:00,12,1643751148,Chapter 12：Homestead,https://www.wattpad.com/1643751148-planet-phoenix-chapter-12%EF%BC%9Ahomestead,0,0,0,48.01,2026-07-26T10:00:03Z
2026-07-28T18:00:36+08:00,13,1643843952,Chapter 13：Report anomalous individuals-1,https://www.wattpad.com/1643843952-planet-phoenix-chapter-13%EF%BC%9Areport-anomalous,0,0,0,34.01,2026-07-27T00:00:02Z
2026-07-28T18:00:36+08:00,14,1643844249,Chapter 14：Report anomalous individuals-2,https://www.wattpad.com/1643844249-planet-phoenix-chapter-14%EF%BC%9Areport-anomalous,0,0,0,20.01,2026-07-27T14:00:03Z
2026-07-28T18:00:36+08:00,15,1643844641,Chapter 15：Report anomalous individuals-3,https://www.wattpad.com/1643844641-planet-phoenix-chapter-15%EF%BC%9Areport-anomalous,0,0,0,6.01,2026-07-28T04:00:03Z
2026-07-28T19:00:33+08:00,1,1643734560,Chapter 1 massive earthquake-1,https://www.wattpad.com/1643734560-planet-phoenix-chapter-1-massive-earthquake-1,10,0,0,203.01,2026-07-20T00:00:02Z
2026-07-28T19:00:33+08:00,2,1643743618,Chapter 2 massive earthquake-2,https://www.wattpad.com/1643743618-planet-phoenix-chapter-2-massive-earthquake-2,9,0,0,189.01,2026-07-20T14:00:02Z
2026-07-28T19:00:33+08:00,3,1643746352,Chapter 3 massive earthquake-3,https://www.wattpad.com/1643746352-planet-phoenix-chapter-3-massive-earthquake-3,5,0,0,175.01,2026-07-21T04:00:02Z
2026-07-28T19:00:33+08:00,4,1643746654,Chapter 4 massive earthquake-4,https://www.wattpad.com/1643746654-planet-phoenix-chapter-4-massive-earthquake-4,9,1,-1,161.01,2026-07-21T18:00:02Z
2026-07-28T19:00:33+08:00,5,1643747136,Chapter 5 Escape from death,https://www.wattpad.com/1643747136-planet-phoenix-chapter-5-escape-from-death,1,0,0,147.01,2026-07-22T08:00:03Z
2026-07-28T19:00:33+08:00,6,1643747955,Chapter 6：Interlude,https://www.wattpad.com/1643747955-planet-phoenix-chapter-6%EF%BC%9Ainterlude,7,0,0,133.01,2026-07-22T22:00:02Z
2026-07-28T19:00:33+08:00,7,1643748308,Chapter 7：The cabin in the forest,https://www.wattpad.com/1643748308-planet-phoenix-chapter-7%EF%BC%9Athe-cabin-in-the-forest,8,0,1,119.01,2026-07-23T12:00:02Z
2026-07-28T19:00:33+08:00,8,1643748909,Chapter 8：Weird person in the train,https://www.wattpad.com/1643748909-planet-phoenix-chapter-8%EF%BC%9Aweird-person-in-the-train,5,0,0,105.01,2026-07-24T02:00:02Z
2026-07-28T19:00:33+08:00,9,1643749360,Chapter 9：Weird person-1,https://www.wattpad.com/1643749360-planet-phoenix-chapter-9%EF%BC%9Aweird-person-1,0,0,0,91.01,2026-07-24T16:00:03Z
2026-07-28T19:00:33+08:00,10,1643749998,Chapter 10：Weird person-2,https://www.wattpad.com/1643749998-planet-phoenix-chapter-10%EF%BC%9Aweird-person-2,3,0,1,77.01,2026-07-25T06:00:02Z
2026-07-28T19:00:33+08:00,11,1643750323,Chapter 11：Weird person-3,https://www.wattpad.com/1643750323-planet-phoenix-chapter-11%EF%BC%9Aweird-person-3,1,0,0,63.01,2026-07-25T20:00:02Z
2026-07-28T19:00:33+08:00,12,1643751148,Chapter 12：Homestead,https://www.wattpad.com/1643751148-planet-phoenix-chapter-12%EF%BC%9Ahomestead,0,0,0,49.01,2026-07-26T10:00:03Z
2026-07-28T19:00:33+08:00,13,1643843952,Chapter 13：Report anomalous individuals-1,https://www.wattpad.com/1643843952-planet-phoenix-chapter-13%EF%BC%9Areport-anomalous,0,0,0,35.01,2026-07-27T00:00:02Z
2026-07-28T19:00:33+08:00,14,1643844249,Chapter 14：Report anomalous individuals-2,https://www.wattpad.com/1643844249-planet-phoenix-chapter-14%EF%BC%9Areport-anomalous,0,0,0,21.01,2026-07-27T14:00:03Z
2026-07-28T19:00:33+08:00,15,1643844641,Chapter 15：Report anomalous individuals-3,https://www.wattpad.com/1643844641-planet-phoenix-chapter-15%EF%BC%9Areport-anomalous,0,0,0,7.01,2026-07-28T04:00:03Z
2026-07-28T20:00:46+08:00,1,1643734560,Chapter 1 massive earthquake-1,https://www.wattpad.com/1643734560-planet-phoenix-chapter-1-massive-earthquake-1,10,0,0,204.01,2026-07-20T00:00:02Z
2026-07-28T20:00:46+08:00,2,1643743618,Chapter 2 massive earthquake-2,https://www.wattpad.com/1643743618-planet-phoenix-chapter-2-massive-earthquake-2,9,0,0,190.01,2026-07-20T14:00:02Z
2026-07-28T20:00:46+08:00,3,1643746352,Chapter 3 massive earthquake-3,https://www.wattpad.com/1643746352-planet-phoenix-chapter-3-massive-earthquake-3,5,0,0,176.01,2026-07-21T04:00:02Z
2026-07-28T20:00:46+08:00,4,1643746654,Chapter 4 massive earthquake-4,https://www.wattpad.com/1643746654-planet-phoenix-chapter-4-massive-earthquake-4,9,1,-1,162.01,2026-07-21T18:00:02Z
2026-07-28T20:00:46+08:00,5,1643747136,Chapter 5 Escape from death,https://www.wattpad.com/1643747136-planet-phoenix-chapter-5-escape-from-death,1,0,0,148.01,2026-07-22T08:00:03Z
2026-07-28T20:00:46+08:00,6,1643747955,Chapter 6：Interlude,https://www.wattpad.com/1643747955-planet-phoenix-chapter-6%EF%BC%9Ainterlude,7,0,0,134.01,2026-07-22T22:00:02Z
2026-07-28T20:00:46+08:00,7,1643748308,Chapter 7：The cabin in the forest,https://www.wattpad.com/1643748308-planet-phoenix-chapter-7%EF%BC%9Athe-cabin-in-the-forest,8,0,1,120.01,2026-07-23T12:00:02Z
2026-07-28T20:00:46+08:00,8,1643748909,Chapter 8：Weird person in the train,https://www.wattpad.com/1643748909-planet-phoenix-chapter-8%EF%BC%9Aweird-person-in-the-train,5,0,0,106.01,2026-07-24T02:00:02Z
2026-07-28T20:00:46+08:00,9,1643749360,Chapter 9：Weird person-1,https://www.wattpad.com/1643749360-planet-phoenix-chapter-9%EF%BC%9Aweird-person-1,0,0,0,92.01,2026-07-24T16:00:03Z
2026-07-28T20:00:46+08:00,10,1643749998,Chapter 10：Weird person-2,https://www.wattpad.com/1643749998-planet-phoenix-chapter-10%EF%BC%9Aweird-person-2,3,0,1,78.01,2026-07-25T06:00:02Z
2026-07-28T20:00:46+08:00,11,1643750323,Chapter 11：Weird person-3,https://www.wattpad.com/1643750323-planet-phoenix-chapter-11%EF%BC%9Aweird-person-3,1,0,0,64.01,2026-07-25T20:00:02Z
2026-07-28T20:00:46+08:00,12,1643751148,Chapter 12：Homestead,https://www.wattpad.com/1643751148-planet-phoenix-chapter-12%EF%BC%9Ahomestead,0,0,0,50.01,2026-07-26T10:00:03Z
2026-07-28T20:00:46+08:00,13,1643843952,Chapter 13：Report anomalous individuals-1,https://www.wattpad.com/1643843952-planet-phoenix-chapter-13%EF%BC%9Areport-anomalous,0,0,0,36.01,2026-07-27T00:00:02Z
2026-07-28T20:00:46+08:00,14,1643844249,Chapter 14：Report anomalous individuals-2,https://www.wattpad.com/1643844249-planet-phoenix-chapter-14%EF%BC%9Areport-anomalous,0,0,0,22.01,2026-07-27T14:00:03Z
2026-07-28T20:00:46+08:00,15,1643844641,Chapter 15：Report anomalous individuals-3,https://www.wattpad.com/1643844641-planet-phoenix-chapter-15%EF%BC%9Areport-anomalous,0,0,0,8.01,2026-07-28T04:00:03Z
2026-07-28T21:00:37+08:00,1,1643734560,Chapter 1 massive earthquake-1,https://www.wattpad.com/1643734560-planet-phoenix-chapter-1-massive-earthquake-1,10,0,0,205.01,2026-07-20T00:00:02Z
2026-07-28T21:00:37+08:00,2,1643743618,Chapter 2 massive earthquake-2,https://www.wattpad.com/1643743618-planet-phoenix-chapter-2-massive-earthquake-2,9,0,0,191.01,2026-07-20T14:00:02Z
2026-07-28T21:00:37+08:00,3,1643746352,Chapter 3 massive earthquake-3,https://www.wattpad.com/1643746352-planet-phoenix-chapter-3-massive-earthquake-3,5,0,0,177.01,2026-07-21T04:00:02Z
2026-07-28T21:00:37+08:00,4,1643746654,Chapter 4 massive earthquake-4,https://www.wattpad.com/1643746654-planet-phoenix-chapter-4-massive-earthquake-4,9,1,-1,163.01,2026-07-21T18:00:02Z
2026-07-28T21:00:37+08:00,5,1643747136,Chapter 5 Escape from death,https://www.wattpad.com/1643747136-planet-phoenix-chapter-5-escape-from-death,1,0,0,149.01,2026-07-22T08:00:03Z
2026-07-28T21:00:37+08:00,6,1643747955,Chapter 6：Interlude,https://www.wattpad.com/1643747955-planet-phoenix-chapter-6%EF%BC%9Ainterlude,7,0,0,135.01,2026-07-22T22:00:02Z
2026-07-28T21:00:37+08:00,7,1643748308,Chapter 7：The cabin in the forest,https://www.wattpad.com/1643748308-planet-phoenix-chapter-7%EF%BC%9Athe-cabin-in-the-forest,8,0,1,121.01,2026-07-23T12:00:02Z
2026-07-28T21:00:37+08:00,8,1643748909,Chapter 8：Weird person in the train,https://www.wattpad.com/1643748909-planet-phoenix-chapter-8%EF%BC%9Aweird-person-in-the-train,5,0,0,107.01,2026-07-24T02:00:02Z
2026-07-28T21:00:37+08:00,9,1643749360,Chapter 9：Weird person-1,https://www.wattpad.com/1643749360-planet-phoenix-chapter-9%EF%BC%9Aweird-person-1,0,0,0,93.01,2026-07-24T16:00:03Z
2026-07-28T21:00:37+08:00,10,1643749998,Chapter 10：Weird person-2,https://www.wattpad.com/1643749998-planet-phoenix-chapter-10%EF%BC%9Aweird-person-2,3,0,1,79.01,2026-07-25T06:00:02Z
2026-07-28T21:00:37+08:00,11,1643750323,Chapter 11：Weird person-3,https://www.wattpad.com/1643750323-planet-phoenix-chapter-11%EF%BC%9Aweird-person-3,1,0,0,65.01,2026-07-25T20:00:02Z
2026-07-28T21:00:37+08:00,12,1643751148,Chapter 12：Homestead,https://www.wattpad.com/1643751148-planet-phoenix-chapter-12%EF%BC%9Ahomestead,0,0,0,51.01,2026-07-26T10:00:03Z
2026-07-28T21:00:37+08:00,13,1643843952,Chapter 13：Report anomalous individuals-1,https://www.wattpad.com/1643843952-planet-phoenix-chapter-13%EF%BC%9Areport-anomalous,0,0,0,37.01,2026-07-27T00:00:02Z
2026-07-28T21:00:37+08:00,14,1643844249,Chapter 14：Report anomalous individuals-2,https://www.wattpad.com/1643844249-planet-phoenix-chapter-14%EF%BC%9Areport-anomalous,0,0,0,23.01,2026-07-27T14:00:03Z
2026-07-28T21:00:37+08:00,15,1643844641,Chapter 15：Report anomalous individuals-3,https://www.wattpad.com/1643844641-planet-phoenix-chapter-15%EF%BC%9Areport-anomalous,0,0,0,9.01,2026-07-28T04:00:03Z
2026-07-28T22:00:43+08:00,1,1643734560,Chapter 1 massive earthquake-1,https://www.wattpad.com/1643734560-planet-phoenix-chapter-1-massive-earthquake-1,10,0,0,206.01,2026-07-20T00:00:02Z
2026-07-28T22:00:43+08:00,2,1643743618,Chapter 2 massive earthquake-2,https://www.wattpad.com/1643743618-planet-phoenix-chapter-2-massive-earthquake-2,9,0,0,192.01,2026-07-20T14:00:02Z
2026-07-28T22:00:43+08:00,3,1643746352,Chapter 3 massive earthquake-3,https://www.wattpad.com/1643746352-planet-phoenix-chapter-3-massive-earthquake-3,5,0,0,178.01,2026-07-21T04:00:02Z
2026-07-28T22:00:43+08:00,4,1643746654,Chapter 4 massive earthquake-4,https://www.wattpad.com/1643746654-planet-phoenix-chapter-4-massive-earthquake-4,9,1,-1,164.01,2026-07-21T18:00:02Z
2026-07-28T22:00:43+08:00,5,1643747136,Chapter 5 Escape from death,https://www.wattpad.com/1643747136-planet-phoenix-chapter-5-escape-from-death,1,0,0,150.01,2026-07-22T08:00:03Z
2026-07-28T22:00:43+08:00,6,1643747955,Chapter 6：Interlude,https://www.wattpad.com/1643747955-planet-phoenix-chapter-6%EF%BC%9Ainterlude,7,0,0,136.01,2026-07-22T22:00:02Z
2026-07-28T22:00:43+08:00,7,1643748308,Chapter 7：The cabin in the forest,https://www.wattpad.com/1643748308-planet-phoenix-chapter-7%EF%BC%9Athe-cabin-in-the-forest,8,0,1,122.01,2026-07-23T12:00:02Z
2026-07-28T22:00:43+08:00,8,1643748909,Chapter 8：Weird person in the train,https://www.wattpad.com/1643748909-planet-phoenix-chapter-8%EF%BC%9Aweird-person-in-the-train,5,0,0,108.01,2026-07-24T02:00:02Z
2026-07-28T22:00:43+08:00,9,1643749360,Chapter 9：Weird person-1,https://www.wattpad.com/1643749360-planet-phoenix-chapter-9%EF%BC%9Aweird-person-1,0,0,0,94.01,2026-07-24T16:00:03Z
2026-07-28T22:00:43+08:00,10,1643749998,Chapter 10：Weird person-2,https://www.wattpad.com/1643749998-planet-phoenix-chapter-10%EF%BC%9Aweird-person-2,3,0,1,80.01,2026-07-25T06:00:02Z
2026-07-28T22:00:43+08:00,11,1643750323,Chapter 11：Weird person-3,https://www.wattpad.com/1643750323-planet-phoenix-chapter-11%EF%BC%9Aweird-person-3,1,0,0,66.01,2026-07-25T20:00:02Z
2026-07-28T22:00:43+08:00,12,1643751148,Chapter 12：Homestead,https://www.wattpad.com/1643751148-planet-phoenix-chapter-12%EF%BC%9Ahomestead,0,0,0,52.01,2026-07-26T10:00:03Z
2026-07-28T22:00:43+08:00,13,1643843952,Chapter 13：Report anomalous individuals-1,https://www.wattpad.com/1643843952-planet-phoenix-chapter-13%EF%BC%9Areport-anomalous,0,0,0,38.01,2026-07-27T00:00:02Z
2026-07-28T22:00:43+08:00,14,1643844249,Chapter 14：Report anomalous individuals-2,https://www.wattpad.com/1643844249-planet-phoenix-chapter-14%EF%BC%9Areport-anomalous,0,0,0,24.01,2026-07-27T14:00:03Z
2026-07-28T22:00:43+08:00,15,1643844641,Chapter 15：Report anomalous individuals-3,https://www.wattpad.com/1643844641-planet-phoenix-chapter-15%EF%BC%9Areport-anomalous,0,0,0,10.01,2026-07-28T04:00:03Z
2026-07-28T23:00:52+08:00,1,1643734560,Chapter 1 massive earthquake-1,https://www.wattpad.com/1643734560-planet-phoenix-chapter-1-massive-earthquake-1,10,0,0,207.01,2026-07-20T00:00:02Z
2026-07-28T23:00:52+08:00,2,1643743618,Chapter 2 massive earthquake-2,https://www.wattpad.com/1643743618-planet-phoenix-chapter-2-massive-earthquake-2,9,0,0,193.01,2026-07-20T14:00:02Z
2026-07-28T23:00:52+08:00,3,1643746352,Chapter 3 massive earthquake-3,https://www.wattpad.com/1643746352-planet-phoenix-chapter-3-massive-earthquake-3,5,0,0,179.01,2026-07-21T04:00:02Z
2026-07-28T23:00:52+08:00,4,1643746654,Chapter 4 massive earthquake-4,https://www.wattpad.com/1643746654-planet-phoenix-chapter-4-massive-earthquake-4,9,1,-1,165.01,2026-07-21T18:00:02Z
2026-07-28T23:00:52+08:00,5,1643747136,Chapter 5 Escape from death,https://www.wattpad.com/1643747136-planet-phoenix-chapter-5-escape-from-death,1,0,0,151.01,2026-07-22T08:00:03Z
2026-07-28T23:00:52+08:00,6,1643747955,Chapter 6：Interlude,https://www.wattpad.com/1643747955-planet-phoenix-chapter-6%EF%BC%9Ainterlude,7,0,0,137.01,2026-07-22T22:00:02Z
2026-07-28T23:00:52+08:00,7,1643748308,Chapter 7：The cabin in the forest,https://www.wattpad.com/1643748308-planet-phoenix-chapter-7%EF%BC%9Athe-cabin-in-the-forest,8,0,1,123.01,2026-07-23T12:00:02Z
2026-07-28T23:00:52+08:00,8,1643748909,Chapter 8：Weird person in the train,https://www.wattpad.com/1643748909-planet-phoenix-chapter-8%EF%BC%9Aweird-person-in-the-train,5,0,0,109.01,2026-07-24T02:00:02Z
2026-07-28T23:00:52+08:00,9,1643749360,Chapter 9：Weird person-1,https://www.wattpad.com/1643749360-planet-phoenix-chapter-9%EF%BC%9Aweird-person-1,0,0,0,95.01,2026-07-24T16:00:03Z
2026-07-28T23:00:52+08:00,10,1643749998,Chapter 10：Weird person-2,https://www.wattpad.com/1643749998-planet-phoenix-chapter-10%EF%BC%9Aweird-person-2,3,0,1,81.01,2026-07-25T06:00:02Z
2026-07-28T23:00:52+08:00,11,1643750323,Chapter 11：Weird person-3,https://www.wattpad.com/1643750323-planet-phoenix-chapter-11%EF%BC%9Aweird-person-3,1,0,0,67.01,2026-07-25T20:00:02Z
2026-07-28T23:00:52+08:00,12,1643751148,Chapter 12：Homestead,https://www.wattpad.com/1643751148-planet-phoenix-chapter-12%EF%BC%9Ahomestead,0,0,0,53.01,2026-07-26T10:00:03Z
2026-07-28T23:00:52+08:00,13,1643843952,Chapter 13：Report anomalous individuals-1,https://www.wattpad.com/1643843952-planet-phoenix-chapter-13%EF%BC%9Areport-anomalous,0,0,0,39.01,2026-07-27T00:00:02Z
2026-07-28T23:00:52+08:00,14,1643844249,Chapter 14：Report anomalous individuals-2,https://www.wattpad.com/1643844249-planet-phoenix-chapter-14%EF%BC%9Areport-anomalous,0,0,0,25.01,2026-07-27T14:00:03Z
2026-07-28T23:00:52+08:00,15,1643844641,Chapter 15：Report anomalous individuals-3,https://www.wattpad.com/1643844641-planet-phoenix-chapter-15%EF%BC%9Areport-anomalous,0,0,0,11.01,2026-07-28T04:00:03Z
2026-07-29T00:00:32+08:00,1,1643734560,Chapter 1 massive earthquake-1,https://www.wattpad.com/1643734560-planet-phoenix-chapter-1-massive-earthquake-1,10,0,0,208.01,2026-07-20T00:00:02Z
2026-07-29T00:00:32+08:00,2,1643743618,Chapter 2 massive earthquake-2,https://www.wattpad.com/1643743618-planet-phoenix-chapter-2-massive-earthquake-2,9,0,0,194.01,2026-07-20T14:00:02Z
2026-07-29T00:00:32+08:00,3,1643746352,Chapter 3 massive earthquake-3,https://www.wattpad.com/1643746352-planet-phoenix-chapter-3-massive-earthquake-3,5,0,0,180.01,2026-07-21T04:00:02Z
2026-07-29T00:00:32+08:00,4,1643746654,Chapter 4 massive earthquake-4,https://www.wattpad.com/1643746654-planet-phoenix-chapter-4-massive-earthquake-4,9,1,-1,166.01,2026-07-21T18:00:02Z
2026-07-29T00:00:32+08:00,5,1643747136,Chapter 5 Escape from death,https://www.wattpad.com/1643747136-planet-phoenix-chapter-5-escape-from-death,1,0,0,152.01,2026-07-22T08:00:03Z
2026-07-29T00:00:32+08:00,6,1643747955,Chapter 6：Interlude,https://www.wattpad.com/1643747955-planet-phoenix-chapter-6%EF%BC%9Ainterlude,7,0,0,138.01,2026-07-22T22:00:02Z
2026-07-29T00:00:32+08:00,7,1643748308,Chapter 7：The cabin in the forest,https://www.wattpad.com/1643748308-planet-phoenix-chapter-7%EF%BC%9Athe-cabin-in-the-forest,8,0,1,124.01,2026-07-23T12:00:02Z
2026-07-29T00:00:32+08:00,8,1643748909,Chapter 8：Weird person in the train,https://www.wattpad.com/1643748909-planet-phoenix-chapter-8%EF%BC%9Aweird-person-in-the-train,5,0,0,110.01,2026-07-24T02:00:02Z
2026-07-29T00:00:32+08:00,9,1643749360,Chapter 9：Weird person-1,https://www.wattpad.com/1643749360-planet-phoenix-chapter-9%EF%BC%9Aweird-person-1,0,0,0,96.01,2026-07-24T16:00:03Z
2026-07-29T00:00:32+08:00,10,1643749998,Chapter 10：Weird person-2,https://www.wattpad.com/1643749998-planet-phoenix-chapter-10%EF%BC%9Aweird-person-2,3,0,1,82.01,2026-07-25T06:00:02Z
2026-07-29T00:00:32+08:00,11,1643750323,Chapter 11：Weird person-3,https://www.wattpad.com/1643750323-planet-phoenix-chapter-11%EF%BC%9Aweird-person-3,1,0,0,68.01,2026-07-25T20:00:02Z
2026-07-29T00:00:32+08:00,12,1643751148,Chapter 12：Homestead,https://www.wattpad.com/1643751148-planet-phoenix-chapter-12%EF%BC%9Ahomestead,0,0,0,54.01,2026-07-26T10:00:03Z
2026-07-29T00:00:32+08:00,13,1643843952,Chapter 13：Report anomalous individuals-1,https://www.wattpad.com/1643843952-planet-phoenix-chapter-13%EF%BC%9Areport-anomalous,0,0,0,40.01,2026-07-27T00:00:02Z
2026-07-29T00:00:32+08:00,14,1643844249,Chapter 14：Report anomalous individuals-2,https://www.wattpad.com/1643844249-planet-phoenix-chapter-14%EF%BC%9Areport-anomalous,0,0,0,26.01,2026-07-27T14:00:03Z
2026-07-29T00:00:32+08:00,15,1643844641,Chapter 15：Report anomalous individuals-3,https://www.wattpad.com/1643844641-planet-phoenix-chapter-15%EF%BC%9Areport-anomalous,0,0,0,12.01,2026-07-28T04:00:03Z
2026-07-29T01:00:31+08:00,1,1643734560,Chapter 1 massive earthquake-1,https://www.wattpad.com/1643734560-planet-phoenix-chapter-1-massive-earthquake-1,10,0,0,209.01,2026-07-20T00:00:02Z
2026-07-29T01:00:31+08:00,2,1643743618,Chapter 2 massive earthquake-2,https://www.wattpad.com/1643743618-planet-phoenix-chapter-2-massive-earthquake-2,9,0,0,195.01,2026-07-20T14:00:02Z
2026-07-29T01:00:31+08:00,3,1643746352,Chapter 3 massive earthquake-3,https://www.wattpad.com/1643746352-planet-phoenix-chapter-3-massive-earthquake-3,5,0,0,181.01,2026-07-21T04:00:02Z
2026-07-29T01:00:31+08:00,4,1643746654,Chapter 4 massive earthquake-4,https://www.wattpad.com/1643746654-planet-phoenix-chapter-4-massive-earthquake-4,9,1,-1,167.01,2026-07-21T18:00:02Z
2026-07-29T01:00:31+08:00,5,1643747136,Chapter 5 Escape from death,https://www.wattpad.com/1643747136-planet-phoenix-chapter-5-escape-from-death,1,0,0,153.01,2026-07-22T08:00:03Z
2026-07-29T01:00:31+08:00,6,1643747955,Chapter 6：Interlude,https://www.wattpad.com/1643747955-planet-phoenix-chapter-6%EF%BC%9Ainterlude,7,0,0,139.01,2026-07-22T22:00:02Z
2026-07-29T01:00:31+08:00,7,1643748308,Chapter 7：The cabin in the forest,https://www.wattpad.com/1643748308-planet-phoenix-chapter-7%EF%BC%9Athe-cabin-in-the-forest,8,0,1,125.01,2026-07-23T12:00:02Z
2026-07-29T01:00:31+08:00,8,1643748909,Chapter 8：Weird person in the train,https://www.wattpad.com/1643748909-planet-phoenix-chapter-8%EF%BC%9Aweird-person-in-the-train,5,0,0,111.01,2026-07-24T02:00:02Z
2026-07-29T01:00:31+08:00,9,1643749360,Chapter 9：Weird person-1,https://www.wattpad.com/1643749360-planet-phoenix-chapter-9%EF%BC%9Aweird-person-1,0,0,0,97.01,2026-07-24T16:00:03Z
2026-07-29T01:00:31+08:00,10,1643749998,Chapter 10：Weird person-2,https://www.wattpad.com/1643749998-planet-phoenix-chapter-10%EF%BC%9Aweird-person-2,3,0,1,83.01,2026-07-25T06:00:02Z
2026-07-29T01:00:31+08:00,11,1643750323,Chapter 11：Weird person-3,https://www.wattpad.com/1643750323-planet-phoenix-chapter-11%EF%BC%9Aweird-person-3,1,0,0,69.01,2026-07-25T20:00:02Z
2026-07-29T01:00:31+08:00,12,1643751148,Chapter 12：Homestead,https://www.wattpad.com/1643751148-planet-phoenix-chapter-12%EF%BC%9Ahomestead,0,0,0,55.01,2026-07-26T10:00:03Z
2026-07-29T01:00:31+08:00,13,1643843952,Chapter 13：Report anomalous individuals-1,https://www.wattpad.com/1643843952-planet-phoenix-chapter-13%EF%BC%9Areport-anomalous,0,0,0,41.01,2026-07-27T00:00:02Z
2026-07-29T01:00:31+08:00,14,1643844249,Chapter 14：Report anomalous individuals-2,https://www.wattpad.com/1643844249-planet-phoenix-chapter-14%EF%BC%9Areport-anomalous,0,0,0,27.01,2026-07-27T14:00:03Z
2026-07-29T01:00:31+08:00,15,1643844641,Chapter 15：Report anomalous individuals-3,https://www.wattpad.com/1643844641-planet-phoenix-chapter-15%EF%BC%9Areport-anomalous,0,0,0,13.01,2026-07-28T04:00:03Z
2026-07-29T02:00:33+08:00,1,1643734560,Chapter 1 massive earthquake-1,https://www.wattpad.com/1643734560-planet-phoenix-chapter-1-massive-earthquake-1,10,0,0,210.01,2026-07-20T00:00:02Z
2026-07-29T02:00:33+08:00,2,1643743618,Chapter 2 massive earthquake-2,https://www.wattpad.com/1643743618-planet-phoenix-chapter-2-massive-earthquake-2,9,0,0,196.01,2026-07-20T14:00:02Z
2026-07-29T02:00:33+08:00,3,1643746352,Chapter 3 massive earthquake-3,https://www.wattpad.com/1643746352-planet-phoenix-chapter-3-massive-earthquake-3,5,0,0,182.01,2026-07-21T04:00:02Z
2026-07-29T02:00:33+08:00,4,1643746654,Chapter 4 massive earthquake-4,https://www.wattpad.com/1643746654-planet-phoenix-chapter-4-massive-earthquake-4,9,1,-1,168.01,2026-07-21T18:00:02Z
2026-07-29T02:00:33+08:00,5,1643747136,Chapter 5 Escape from death,https://www.wattpad.com/1643747136-planet-phoenix-chapter-5-escape-from-death,1,0,0,154.01,2026-07-22T08:00:03Z
2026-07-29T02:00:33+08:00,6,1643747955,Chapter 6：Interlude,https://www.wattpad.com/1643747955-planet-phoenix-chapter-6%EF%BC%9Ainterlude,7,0,0,140.01,2026-07-22T22:00:02Z
2026-07-29T02:00:33+08:00,7,1643748308,Chapter 7：The cabin in the forest,https://www.wattpad.com/1643748308-planet-phoenix-chapter-7%EF%BC%9Athe-cabin-in-the-forest,8,0,1,126.01,2026-07-23T12:00:02Z
2026-07-29T02:00:33+08:00,8,1643748909,Chapter 8：Weird person in the train,https://www.wattpad.com/1643748909-planet-phoenix-chapter-8%EF%BC%9Aweird-person-in-the-train,5,0,0,112.01,2026-07-24T02:00:02Z
2026-07-29T02:00:33+08:00,9,1643749360,Chapter 9：Weird person-1,https://www.wattpad.com/1643749360-planet-phoenix-chapter-9%EF%BC%9Aweird-person-1,0,0,0,98.01,2026-07-24T16:00:03Z
2026-07-29T02:00:33+08:00,10,1643749998,Chapter 10：Weird person-2,https://www.wattpad.com/1643749998-planet-phoenix-chapter-10%EF%BC%9Aweird-person-2,3,0,1,84.01,2026-07-25T06:00:02Z
2026-07-29T02:00:33+08:00,11,1643750323,Chapter 11：Weird person-3,https://www.wattpad.com/1643750323-planet-phoenix-chapter-11%EF%BC%9Aweird-person-3,1,0,0,70.01,2026-07-25T20:00:02Z
2026-07-29T02:00:33+08:00,12,1643751148,Chapter 12：Homestead,https://www.wattpad.com/1643751148-planet-phoenix-chapter-12%EF%BC%9Ahomestead,0,0,0,56.01,2026-07-26T10:00:03Z
2026-07-29T02:00:33+08:00,13,1643843952,Chapter 13：Report anomalous individuals-1,https://www.wattpad.com/1643843952-planet-phoenix-chapter-13%EF%BC%9Areport-anomalous,0,0,0,42.01,2026-07-27T00:00:02Z
2026-07-29T02:00:33+08:00,14,1643844249,Chapter 14：Report anomalous individuals-2,https://www.wattpad.com/1643844249-planet-phoenix-chapter-14%EF%BC%9Areport-anomalous,0,0,0,28.01,2026-07-27T14:00:03Z
2026-07-29T02:00:33+08:00,15,1643844641,Chapter 15：Report anomalous individuals-3,https://www.wattpad.com/1643844641-planet-phoenix-chapter-15%EF%BC%9Areport-anomalous,0,0,0,14.01,2026-07-28T04:00:03Z
2026-07-29T02:00:33+08:00,16,1643845149,Chapter 16：The Journey of Common Sense-1,https://www.wattpad.com/1643845149-planet-phoenix-chapter-16%EF%BC%9Athe-journey-of-common,0,0,0,0.01,2026-07-28T18:00:03Z
2026-07-29T03:00:33+08:00,1,1643734560,Chapter 1 massive earthquake-1,https://www.wattpad.com/1643734560-planet-phoenix-chapter-1-massive-earthquake-1,10,0,0,211.01,2026-07-20T00:00:02Z
2026-07-29T03:00:33+08:00,2,1643743618,Chapter 2 massive earthquake-2,https://www.wattpad.com/1643743618-planet-phoenix-chapter-2-massive-earthquake-2,9,0,0,197.01,2026-07-20T14:00:02Z
2026-07-29T03:00:33+08:00,3,1643746352,Chapter 3 massive earthquake-3,https://www.wattpad.com/1643746352-planet-phoenix-chapter-3-massive-earthquake-3,5,0,0,183.01,2026-07-21T04:00:02Z
2026-07-29T03:00:33+08:00,4,1643746654,Chapter 4 massive earthquake-4,https://www.wattpad.com/1643746654-planet-phoenix-chapter-4-massive-earthquake-4,9,1,-1,169.01,2026-07-21T18:00:02Z
2026-07-29T03:00:33+08:00,5,1643747136,Chapter 5 Escape from death,https://www.wattpad.com/1643747136-planet-phoenix-chapter-5-escape-from-death,1,0,0,155.01,2026-07-22T08:00:03Z
2026-07-29T03:00:33+08:00,6,1643747955,Chapter 6：Interlude,https://www.wattpad.com/1643747955-planet-phoenix-chapter-6%EF%BC%9Ainterlude,7,0,0,141.01,2026-07-22T22:00:02Z
2026-07-29T03:00:33+08:00,7,1643748308,Chapter 7：The cabin in the forest,https://www.wattpad.com/1643748308-planet-phoenix-chapter-7%EF%BC%9Athe-cabin-in-the-forest,8,0,1,127.01,2026-07-23T12:00:02Z
2026-07-29T03:00:33+08:00,8,1643748909,Chapter 8：Weird person in the train,https://www.wattpad.com/1643748909-planet-phoenix-chapter-8%EF%BC%9Aweird-person-in-the-train,5,0,0,113.01,2026-07-24T02:00:02Z
2026-07-29T03:00:33+08:00,9,1643749360,Chapter 9：Weird person-1,https://www.wattpad.com/1643749360-planet-phoenix-chapter-9%EF%BC%9Aweird-person-1,0,0,0,99.01,2026-07-24T16:00:03Z
2026-07-29T03:00:33+08:00,10,1643749998,Chapter 10：Weird person-2,https://www.wattpad.com/1643749998-planet-phoenix-chapter-10%EF%BC%9Aweird-person-2,3,0,1,85.01,2026-07-25T06:00:02Z
2026-07-29T03:00:33+08:00,11,1643750323,Chapter 11：Weird person-3,https://www.wattpad.com/1643750323-planet-phoenix-chapter-11%EF%BC%9Aweird-person-3,1,0,0,71.01,2026-07-25T20:00:02Z
2026-07-29T03:00:33+08:00,12,1643751148,Chapter 12：Homestead,https://www.wattpad.com/1643751148-planet-phoenix-chapter-12%EF%BC%9Ahomestead,0,0,0,57.01,2026-07-26T10:00:03Z
2026-07-29T03:00:33+08:00,13,1643843952,Chapter 13：Report anomalous individuals-1,https://www.wattpad.com/1643843952-planet-phoenix-chapter-13%EF%BC%9Areport-anomalous,0,0,0,43.01,2026-07-27T00:00:02Z
2026-07-29T03:00:33+08:00,14,1643844249,Chapter 14：Report anomalous individuals-2,https://www.wattpad.com/1643844249-planet-phoenix-chapter-14%EF%BC%9Areport-anomalous,0,0,0,29.01,2026-07-27T14:00:03Z
2026-07-29T03:00:33+08:00,15,1643844641,Chapter 15：Report anomalous individuals-3,https://www.wattpad.com/1643844641-planet-phoenix-chapter-15%EF%BC%9Areport-anomalous,1,0,0,15.01,2026-07-28T04:00:03Z
2026-07-29T03:00:33+08:00,16,1643845149,Chapter 16：The Journey of Common Sense-1,https://www.wattpad.com/1643845149-planet-phoenix-chapter-16%EF%BC%9Athe-journey-of-common,0,0,0,1.01,2026-07-28T18:00:03Z
2026-07-29T04:00:35+08:00,1,1643734560,Chapter 1 massive earthquake-1,https://www.wattpad.com/1643734560-planet-phoenix-chapter-1-massive-earthquake-1,11,0,1,212.01,2026-07-20T00:00:02Z
2026-07-29T04:00:35+08:00,2,1643743618,Chapter 2 massive earthquake-2,https://www.wattpad.com/1643743618-planet-phoenix-chapter-2-massive-earthquake-2,9,0,0,198.01,2026-07-20T14:00:02Z
2026-07-29T04:00:35+08:00,3,1643746352,Chapter 3 massive earthquake-3,https://www.wattpad.com/1643746352-planet-phoenix-chapter-3-massive-earthquake-3,5,0,0,184.01,2026-07-21T04:00:02Z
2026-07-29T04:00:35+08:00,4,1643746654,Chapter 4 massive earthquake-4,https://www.wattpad.com/1643746654-planet-phoenix-chapter-4-massive-earthquake-4,9,1,-1,170.01,2026-07-21T18:00:02Z
2026-07-29T04:00:35+08:00,5,1643747136,Chapter 5 Escape from death,https://www.wattpad.com/1643747136-planet-phoenix-chapter-5-escape-from-death,1,0,0,156.01,2026-07-22T08:00:03Z
2026-07-29T04:00:35+08:00,6,1643747955,Chapter 6：Interlude,https://www.wattpad.com/1643747955-planet-phoenix-chapter-6%EF%BC%9Ainterlude,7,0,0,142.01,2026-07-22T22:00:02Z
2026-07-29T04:00:35+08:00,7,1643748308,Chapter 7：The cabin in the forest,https://www.wattpad.com/1643748308-planet-phoenix-chapter-7%EF%BC%9Athe-cabin-in-the-forest,8,0,1,128.01,2026-07-23T12:00:02Z
2026-07-29T04:00:35+08:00,8,1643748909,Chapter 8：Weird person in the train,https://www.wattpad.com/1643748909-planet-phoenix-chapter-8%EF%BC%9Aweird-person-in-the-train,5,0,0,114.01,2026-07-24T02:00:02Z
2026-07-29T04:00:35+08:00,9,1643749360,Chapter 9：Weird person-1,https://www.wattpad.com/1643749360-planet-phoenix-chapter-9%EF%BC%9Aweird-person-1,0,0,0,100.01,2026-07-24T16:00:03Z
2026-07-29T04:00:35+08:00,10,1643749998,Chapter 10：Weird person-2,https://www.wattpad.com/1643749998-planet-phoenix-chapter-10%EF%BC%9Aweird-person-2,3,0,1,86.01,2026-07-25T06:00:02Z
2026-07-29T04:00:35+08:00,11,1643750323,Chapter 11：Weird person-3,https://www.wattpad.com/1643750323-planet-phoenix-chapter-11%EF%BC%9Aweird-person-3,2,0,1,72.01,2026-07-25T20:00:02Z
2026-07-29T04:00:35+08:00,12,1643751148,Chapter 12：Homestead,https://www.wattpad.com/1643751148-planet-phoenix-chapter-12%EF%BC%9Ahomestead,0,0,0,58.01,2026-07-26T10:00:03Z
2026-07-29T04:00:35+08:00,13,1643843952,Chapter 13：Report anomalous individuals-1,https://www.wattpad.com/1643843952-planet-phoenix-chapter-13%EF%BC%9Areport-anomalous,0,0,0,44.01,2026-07-27T00:00:02Z
2026-07-29T04:00:35+08:00,14,1643844249,Chapter 14：Report anomalous individuals-2,https://www.wattpad.com/1643844249-planet-phoenix-chapter-14%EF%BC%9Areport-anomalous,0,0,0,30.01,2026-07-27T14:00:03Z
2026-07-29T04:00:35+08:00,15,1643844641,Chapter 15：Report anomalous individuals-3,https://www.wattpad.com/1643844641-planet-phoenix-chapter-15%EF%BC%9Areport-anomalous,1,0,0,16.01,2026-07-28T04:00:03Z
2026-07-29T04:00:35+08:00,16,1643845149,Chapter 16：The Journey of Common Sense-1,https://www.wattpad.com/1643845149-planet-phoenix-chapter-16%EF%BC%9Athe-journey-of-common,0,0,0,2.01,2026-07-28T18:00:03Z
2026-07-29T05:00:38+08:00,1,1643734560,Chapter 1 massive earthquake-1,https://www.wattpad.com/1643734560-planet-phoenix-chapter-1-massive-earthquake-1,11,0,1,213.01,2026-07-20T00:00:02Z
2026-07-29T05:00:38+08:00,2,1643743618,Chapter 2 massive earthquake-2,https://www.wattpad.com/1643743618-planet-phoenix-chapter-2-massive-earthquake-2,9,0,0,199.01,2026-07-20T14:00:02Z
2026-07-29T05:00:38+08:00,3,1643746352,Chapter 3 massive earthquake-3,https://www.wattpad.com/1643746352-planet-phoenix-chapter-3-massive-earthquake-3,5,0,0,185.01,2026-07-21T04:00:02Z
2026-07-29T05:00:38+08:00,4,1643746654,Chapter 4 massive earthquake-4,https://www.wattpad.com/1643746654-planet-phoenix-chapter-4-massive-earthquake-4,9,1,-1,171.01,2026-07-21T18:00:02Z
2026-07-29T05:00:38+08:00,5,1643747136,Chapter 5 Escape from death,https://www.wattpad.com/1643747136-planet-phoenix-chapter-5-escape-from-death,1,0,0,157.01,2026-07-22T08:00:03Z
2026-07-29T05:00:38+08:00,6,1643747955,Chapter 6：Interlude,https://www.wattpad.com/1643747955-planet-phoenix-chapter-6%EF%BC%9Ainterlude,7,0,0,143.01,2026-07-22T22:00:02Z
2026-07-29T05:00:38+08:00,7,1643748308,Chapter 7：The cabin in the forest,https://www.wattpad.com/1643748308-planet-phoenix-chapter-7%EF%BC%9Athe-cabin-in-the-forest,8,0,1,129.01,2026-07-23T12:00:02Z
2026-07-29T05:00:38+08:00,8,1643748909,Chapter 8：Weird person in the train,https://www.wattpad.com/1643748909-planet-phoenix-chapter-8%EF%BC%9Aweird-person-in-the-train,5,0,0,115.01,2026-07-24T02:00:02Z
2026-07-29T05:00:38+08:00,9,1643749360,Chapter 9：Weird person-1,https://www.wattpad.com/1643749360-planet-phoenix-chapter-9%EF%BC%9Aweird-person-1,0,0,0,101.01,2026-07-24T16:00:03Z
2026-07-29T05:00:38+08:00,10,1643749998,Chapter 10：Weird person-2,https://www.wattpad.com/1643749998-planet-phoenix-chapter-10%EF%BC%9Aweird-person-2,3,0,1,87.01,2026-07-25T06:00:02Z
2026-07-29T05:00:38+08:00,11,1643750323,Chapter 11：Weird person-3,https://www.wattpad.com/1643750323-planet-phoenix-chapter-11%EF%BC%9Aweird-person-3,2,0,1,73.01,2026-07-25T20:00:02Z
2026-07-29T05:00:38+08:00,12,1643751148,Chapter 12：Homestead,https://www.wattpad.com/1643751148-planet-phoenix-chapter-12%EF%BC%9Ahomestead,0,0,0,59.01,2026-07-26T10:00:03Z
2026-07-29T05:00:38+08:00,13,1643843952,Chapter 13：Report anomalous individuals-1,https://www.wattpad.com/1643843952-planet-phoenix-chapter-13%EF%BC%9Areport-anomalous,0,0,0,45.01,2026-07-27T00:00:02Z
2026-07-29T05:00:38+08:00,14,1643844249,Chapter 14：Report anomalous individuals-2,https://www.wattpad.com/1643844249-planet-phoenix-chapter-14%EF%BC%9Areport-anomalous,0,0,0,31.01,2026-07-27T14:00:03Z
2026-07-29T05:00:38+08:00,15,1643844641,Chapter 15：Report anomalous individuals-3,https://www.wattpad.com/1643844641-planet-phoenix-chapter-15%EF%BC%9Areport-anomalous,1,0,0,17.01,2026-07-28T04:00:03Z
2026-07-29T05:00:38+08:00,16,1643845149,Chapter 16：The Journey of Common Sense-1,https://www.wattpad.com/1643845149-planet-phoenix-chapter-16%EF%BC%9Athe-journey-of-common,0,0,0,3.01,2026-07-28T18:00:03Z
2026-07-29T06:00:30+08:00,1,1643734560,Chapter 1 massive earthquake-1,https://www.wattpad.com/1643734560-planet-phoenix-chapter-1-massive-earthquake-1,11,0,1,214.01,2026-07-20T00:00:02Z
2026-07-29T06:00:30+08:00,2,1643743618,Chapter 2 massive earthquake-2,https://www.wattpad.com/1643743618-planet-phoenix-chapter-2-massive-earthquake-2,9,0,0,200.01,2026-07-20T14:00:02Z
2026-07-29T06:00:30+08:00,3,1643746352,Chapter 3 massive earthquake-3,https://www.wattpad.com/1643746352-planet-phoenix-chapter-3-massive-earthquake-3,5,0,0,186.01,2026-07-21T04:00:02Z
2026-07-29T06:00:30+08:00,4,1643746654,Chapter 4 massive earthquake-4,https://www.wattpad.com/1643746654-planet-phoenix-chapter-4-massive-earthquake-4,9,1,-1,172.01,2026-07-21T18:00:02Z
2026-07-29T06:00:30+08:00,5,1643747136,Chapter 5 Escape from death,https://www.wattpad.com/1643747136-planet-phoenix-chapter-5-escape-from-death,1,0,0,158.01,2026-07-22T08:00:03Z
2026-07-29T06:00:30+08:00,6,1643747955,Chapter 6：Interlude,https://www.wattpad.com/1643747955-planet-phoenix-chapter-6%EF%BC%9Ainterlude,7,0,0,144.01,2026-07-22T22:00:02Z
2026-07-29T06:00:30+08:00,7,1643748308,Chapter 7：The cabin in the forest,https://www.wattpad.com/1643748308-planet-phoenix-chapter-7%EF%BC%9Athe-cabin-in-the-forest,8,0,1,130.01,2026-07-23T12:00:02Z
2026-07-29T06:00:30+08:00,8,1643748909,Chapter 8：Weird person in the train,https://www.wattpad.com/1643748909-planet-phoenix-chapter-8%EF%BC%9Aweird-person-in-the-train,5,0,0,116.01,2026-07-24T02:00:02Z
2026-07-29T06:00:30+08:00,9,1643749360,Chapter 9：Weird person-1,https://www.wattpad.com/1643749360-planet-phoenix-chapter-9%EF%BC%9Aweird-person-1,0,0,0,102.01,2026-07-24T16:00:03Z
2026-07-29T06:00:30+08:00,10,1643749998,Chapter 10：Weird person-2,https://www.wattpad.com/1643749998-planet-phoenix-chapter-10%EF%BC%9Aweird-person-2,3,0,1,88.01,2026-07-25T06:00:02Z
2026-07-29T06:00:30+08:00,11,1643750323,Chapter 11：Weird person-3,https://www.wattpad.com/1643750323-planet-phoenix-chapter-11%EF%BC%9Aweird-person-3,2,0,1,74.01,2026-07-25T20:00:02Z
2026-07-29T06:00:30+08:00,12,1643751148,Chapter 12：Homestead,https://www.wattpad.com/1643751148-planet-phoenix-chapter-12%EF%BC%9Ahomestead,0,0,0,60.01,2026-07-26T10:00:03Z
2026-07-29T06:00:30+08:00,13,1643843952,Chapter 13：Report anomalous individuals-1,https://www.wattpad.com/1643843952-planet-phoenix-chapter-13%EF%BC%9Areport-anomalous,0,0,0,46.01,2026-07-27T00:00:02Z
2026-07-29T06:00:30+08:00,14,1643844249,Chapter 14：Report anomalous individuals-2,https://www.wattpad.com/1643844249-planet-phoenix-chapter-14%EF%BC%9Areport-anomalous,0,0,0,32.01,2026-07-27T14:00:03Z
2026-07-29T06:00:30+08:00,15,1643844641,Chapter 15：Report anomalous individuals-3,https://www.wattpad.com/1643844641-planet-phoenix-chapter-15%EF%BC%9Areport-anomalous,1,0,0,18.01,2026-07-28T04:00:03Z
2026-07-29T06:00:30+08:00,16,1643845149,Chapter 16：The Journey of Common Sense-1,https://www.wattpad.com/1643845149-planet-phoenix-chapter-16%EF%BC%9Athe-journey-of-common,0,0,0,4.01,2026-07-28T18:00:03Z
2026-07-29T07:00:31+08:00,1,1643734560,Chapter 1 massive earthquake-1,https://www.wattpad.com/1643734560-planet-phoenix-chapter-1-massive-earthquake-1,11,0,1,215.01,2026-07-20T00:00:02Z
2026-07-29T07:00:31+08:00,2,1643743618,Chapter 2 massive earthquake-2,https://www.wattpad.com/1643743618-planet-phoenix-chapter-2-massive-earthquake-2,9,0,0,201.01,2026-07-20T14:00:02Z
2026-07-29T07:00:31+08:00,3,1643746352,Chapter 3 massive earthquake-3,https://www.wattpad.com/1643746352-planet-phoenix-chapter-3-massive-earthquake-3,5,0,0,187.01,2026-07-21T04:00:02Z
2026-07-29T07:00:31+08:00,4,1643746654,Chapter 4 massive earthquake-4,https://www.wattpad.com/1643746654-planet-phoenix-chapter-4-massive-earthquake-4,9,1,-1,173.01,2026-07-21T18:00:02Z
2026-07-29T07:00:31+08:00,5,1643747136,Chapter 5 Escape from death,https://www.wattpad.com/1643747136-planet-phoenix-chapter-5-escape-from-death,1,0,0,159.01,2026-07-22T08:00:03Z
2026-07-29T07:00:31+08:00,6,1643747955,Chapter 6：Interlude,https://www.wattpad.com/1643747955-planet-phoenix-chapter-6%EF%BC%9Ainterlude,7,0,0,145.01,2026-07-22T22:00:02Z
2026-07-29T07:00:31+08:00,7,1643748308,Chapter 7：The cabin in the forest,https://www.wattpad.com/1643748308-planet-phoenix-chapter-7%EF%BC%9Athe-cabin-in-the-forest,8,0,1,131.01,2026-07-23T12:00:02Z
2026-07-29T07:00:31+08:00,8,1643748909,Chapter 8：Weird person in the train,https://www.wattpad.com/1643748909-planet-phoenix-chapter-8%EF%BC%9Aweird-person-in-the-train,5,0,0,117.01,2026-07-24T02:00:02Z
2026-07-29T07:00:31+08:00,9,1643749360,Chapter 9：Weird person-1,https://www.wattpad.com/1643749360-planet-phoenix-chapter-9%EF%BC%9Aweird-person-1,0,0,0,103.01,2026-07-24T16:00:03Z
2026-07-29T07:00:31+08:00,10,1643749998,Chapter 10：Weird person-2,https://www.wattpad.com/1643749998-planet-phoenix-chapter-10%EF%BC%9Aweird-person-2,3,0,1,89.01,2026-07-25T06:00:02Z
2026-07-29T07:00:31+08:00,11,1643750323,Chapter 11：Weird person-3,https://www.wattpad.com/1643750323-planet-phoenix-chapter-11%EF%BC%9Aweird-person-3,2,0,1,75.01,2026-07-25T20:00:02Z
2026-07-29T07:00:31+08:00,12,1643751148,Chapter 12：Homestead,https://www.wattpad.com/1643751148-planet-phoenix-chapter-12%EF%BC%9Ahomestead,0,0,0,61.01,2026-07-26T10:00:03Z
2026-07-29T07:00:31+08:00,13,1643843952,Chapter 13：Report anomalous individuals-1,https://www.wattpad.com/1643843952-planet-phoenix-chapter-13%EF%BC%9Areport-anomalous,0,0,0,47.01,2026-07-27T00:00:02Z
2026-07-29T07:00:31+08:00,14,1643844249,Chapter 14：Report anomalous individuals-2,https://www.wattpad.com/1643844249-planet-phoenix-chapter-14%EF%BC%9Areport-anomalous,0,0,0,33.01,2026-07-27T14:00:03Z
2026-07-29T07:00:31+08:00,15,1643844641,Chapter 15：Report anomalous individuals-3,https://www.wattpad.com/1643844641-planet-phoenix-chapter-15%EF%BC%9Areport-anomalous,1,0,0,19.01,2026-07-28T04:00:03Z
2026-07-29T07:00:31+08:00,16,1643845149,Chapter 16：The Journey of Common Sense-1,https://www.wattpad.com/1643845149-planet-phoenix-chapter-16%EF%BC%9Athe-journey-of-common,0,0,0,5.01,2026-07-28T18:00:03Z
2026-07-29T08:00:31+08:00,1,1643734560,Chapter 1 massive earthquake-1,https://www.wattpad.com/1643734560-planet-phoenix-chapter-1-massive-earthquake-1,11,0,1,216.01,2026-07-20T00:00:02Z
2026-07-29T08:00:31+08:00,2,1643743618,Chapter 2 massive earthquake-2,https://www.wattpad.com/1643743618-planet-phoenix-chapter-2-massive-earthquake-2,9,0,0,202.01,2026-07-20T14:00:02Z
2026-07-29T08:00:31+08:00,3,1643746352,Chapter 3 massive earthquake-3,https://www.wattpad.com/1643746352-planet-phoenix-chapter-3-massive-earthquake-3,5,0,0,188.01,2026-07-21T04:00:02Z
2026-07-29T08:00:31+08:00,4,1643746654,Chapter 4 massive earthquake-4,https://www.wattpad.com/1643746654-planet-phoenix-chapter-4-massive-earthquake-4,9,1,-1,174.01,2026-07-21T18:00:02Z
2026-07-29T08:00:31+08:00,5,1643747136,Chapter 5 Escape from death,https://www.wattpad.com/1643747136-planet-phoenix-chapter-5-escape-from-death,1,0,0,160.01,2026-07-22T08:00:03Z
2026-07-29T08:00:31+08:00,6,1643747955,Chapter 6：Interlude,https://www.wattpad.com/1643747955-planet-phoenix-chapter-6%EF%BC%9Ainterlude,7,0,0,146.01,2026-07-22T22:00:02Z
2026-07-29T08:00:31+08:00,7,1643748308,Chapter 7：The cabin in the forest,https://www.wattpad.com/1643748308-planet-phoenix-chapter-7%EF%BC%9Athe-cabin-in-the-forest,8,0,1,132.01,2026-07-23T12:00:02Z
2026-07-29T08:00:31+08:00,8,1643748909,Chapter 8：Weird person in the train,https://www.wattpad.com/1643748909-planet-phoenix-chapter-8%EF%BC%9Aweird-person-in-the-train,5,0,0,118.01,2026-07-24T02:00:02Z
2026-07-29T08:00:31+08:00,9,1643749360,Chapter 9：Weird person-1,https://www.wattpad.com/1643749360-planet-phoenix-chapter-9%EF%BC%9Aweird-person-1,0,0,0,104.01,2026-07-24T16:00:03Z
2026-07-29T08:00:31+08:00,10,1643749998,Chapter 10：Weird person-2,https://www.wattpad.com/1643749998-planet-phoenix-chapter-10%EF%BC%9Aweird-person-2,3,0,1,90.01,2026-07-25T06:00:02Z
2026-07-29T08:00:31+08:00,11,1643750323,Chapter 11：Weird person-3,https://www.wattpad.com/1643750323-planet-phoenix-chapter-11%EF%BC%9Aweird-person-3,2,0,1,76.01,2026-07-25T20:00:02Z
2026-07-29T08:00:31+08:00,12,1643751148,Chapter 12：Homestead,https://www.wattpad.com/1643751148-planet-phoenix-chapter-12%EF%BC%9Ahomestead,0,0,0,62.01,2026-07-26T10:00:03Z
2026-07-29T08:00:31+08:00,13,1643843952,Chapter 13：Report anomalous individuals-1,https://www.wattpad.com/1643843952-planet-phoenix-chapter-13%EF%BC%9Areport-anomalous,0,0,0,48.01,2026-07-27T00:00:02Z
2026-07-29T08:00:31+08:00,14,1643844249,Chapter 14：Report anomalous individuals-2,https://www.wattpad.com/1643844249-planet-phoenix-chapter-14%EF%BC%9Areport-anomalous,0,0,0,34.01,2026-07-27T14:00:03Z
2026-07-29T08:00:31+08:00,15,1643844641,Chapter 15：Report anomalous individuals-3,https://www.wattpad.com/1643844641-planet-phoenix-chapter-15%EF%BC%9Areport-anomalous,1,0,0,20.01,2026-07-28T04:00:03Z
2026-07-29T08:00:31+08:00,16,1643845149,Chapter 16：The Journey of Common Sense-1,https://www.wattpad.com/1643845149-planet-phoenix-chapter-16%EF%BC%9Athe-journey-of-common,1,1,1,6.01,2026-07-28T18:00:03Z
2026-07-29T09:00:29+08:00,1,1643734560,Chapter 1 massive earthquake-1,https://www.wattpad.com/1643734560-planet-phoenix-chapter-1-massive-earthquake-1,11,0,1,217.01,2026-07-20T00:00:02Z
2026-07-29T09:00:29+08:00,2,1643743618,Chapter 2 massive earthquake-2,https://www.wattpad.com/1643743618-planet-phoenix-chapter-2-massive-earthquake-2,9,0,0,203.01,2026-07-20T14:00:02Z
2026-07-29T09:00:29+08:00,3,1643746352,Chapter 3 massive earthquake-3,https://www.wattpad.com/1643746352-planet-phoenix-chapter-3-massive-earthquake-3,5,0,0,189.01,2026-07-21T04:00:02Z
2026-07-29T09:00:29+08:00,4,1643746654,Chapter 4 massive earthquake-4,https://www.wattpad.com/1643746654-planet-phoenix-chapter-4-massive-earthquake-4,9,1,-1,175.01,2026-07-21T18:00:02Z
2026-07-29T09:00:29+08:00,5,1643747136,Chapter 5 Escape from death,https://www.wattpad.com/1643747136-planet-phoenix-chapter-5-escape-from-death,1,0,0,161.01,2026-07-22T08:00:03Z
2026-07-29T09:00:29+08:00,6,1643747955,Chapter 6：Interlude,https://www.wattpad.com/1643747955-planet-phoenix-chapter-6%EF%BC%9Ainterlude,7,0,0,147.01,2026-07-22T22:00:02Z
2026-07-29T09:00:29+08:00,7,1643748308,Chapter 7：The cabin in the forest,https://www.wattpad.com/1643748308-planet-phoenix-chapter-7%EF%BC%9Athe-cabin-in-the-forest,8,0,1,133.01,2026-07-23T12:00:02Z
2026-07-29T09:00:29+08:00,8,1643748909,Chapter 8：Weird person in the train,https://www.wattpad.com/1643748909-planet-phoenix-chapter-8%EF%BC%9Aweird-person-in-the-train,5,0,0,119.01,2026-07-24T02:00:02Z
2026-07-29T09:00:29+08:00,9,1643749360,Chapter 9：Weird person-1,https://www.wattpad.com/1643749360-planet-phoenix-chapter-9%EF%BC%9Aweird-person-1,0,0,0,105.01,2026-07-24T16:00:03Z
2026-07-29T09:00:29+08:00,10,1643749998,Chapter 10：Weird person-2,https://www.wattpad.com/1643749998-planet-phoenix-chapter-10%EF%BC%9Aweird-person-2,3,0,1,91.01,2026-07-25T06:00:02Z
2026-07-29T09:00:29+08:00,11,1643750323,Chapter 11：Weird person-3,https://www.wattpad.com/1643750323-planet-phoenix-chapter-11%EF%BC%9Aweird-person-3,2,0,1,77.01,2026-07-25T20:00:02Z
2026-07-29T09:00:29+08:00,12,1643751148,Chapter 12：Homestead,https://www.wattpad.com/1643751148-planet-phoenix-chapter-12%EF%BC%9Ahomestead,0,0,0,63.01,2026-07-26T10:00:03Z
2026-07-29T09:00:29+08:00,13,1643843952,Chapter 13：Report anomalous individuals-1,https://www.wattpad.com/1643843952-planet-phoenix-chapter-13%EF%BC%9Areport-anomalous,0,0,0,49.01,2026-07-27T00:00:02Z
2026-07-29T09:00:29+08:00,14,1643844249,Chapter 14：Report anomalous individuals-2,https://www.wattpad.com/1643844249-planet-phoenix-chapter-14%EF%BC%9Areport-anomalous,0,0,0,35.01,2026-07-27T14:00:03Z
2026-07-29T09:00:29+08:00,15,1643844641,Chapter 15：Report anomalous individuals-3,https://www.wattpad.com/1643844641-planet-phoenix-chapter-15%EF%BC%9Areport-anomalous,1,0,0,21.01,2026-07-28T04:00:03Z
2026-07-29T09:00:29+08:00,16,1643845149,Chapter 16：The Journey of Common Sense-1,https://www.wattpad.com/1643845149-planet-phoenix-chapter-16%EF%BC%9Athe-journey-of-common,1,1,1,7.01,2026-07-28T18:00:03Z
2026-07-29T10:00:34+08:00,1,1643734560,Chapter 1 massive earthquake-1,https://www.wattpad.com/1643734560-planet-phoenix-chapter-1-massive-earthquake-1,11,0,1,218.01,2026-07-20T00:00:02Z
2026-07-29T10:00:34+08:00,2,1643743618,Chapter 2 massive earthquake-2,https://www.wattpad.com/1643743618-planet-phoenix-chapter-2-massive-earthquake-2,9,0,0,204.01,2026-07-20T14:00:02Z
2026-07-29T10:00:34+08:00,3,1643746352,Chapter 3 massive earthquake-3,https://www.wattpad.com/1643746352-planet-phoenix-chapter-3-massive-earthquake-3,5,0,0,190.01,2026-07-21T04:00:02Z
2026-07-29T10:00:34+08:00,4,1643746654,Chapter 4 massive earthquake-4,https://www.wattpad.com/1643746654-planet-phoenix-chapter-4-massive-earthquake-4,9,1,-1,176.01,2026-07-21T18:00:02Z
2026-07-29T10:00:34+08:00,5,1643747136,Chapter 5 Escape from death,https://www.wattpad.com/1643747136-planet-phoenix-chapter-5-escape-from-death,1,0,0,162.01,2026-07-22T08:00:03Z
2026-07-29T10:00:34+08:00,6,1643747955,Chapter 6：Interlude,https://www.wattpad.com/1643747955-planet-phoenix-chapter-6%EF%BC%9Ainterlude,7,0,0,148.01,2026-07-22T22:00:02Z
2026-07-29T10:00:34+08:00,7,1643748308,Chapter 7：The cabin in the forest,https://www.wattpad.com/1643748308-planet-phoenix-chapter-7%EF%BC%9Athe-cabin-in-the-forest,8,0,1,134.01,2026-07-23T12:00:02Z
2026-07-29T10:00:34+08:00,8,1643748909,Chapter 8：Weird person in the train,https://www.wattpad.com/1643748909-planet-phoenix-chapter-8%EF%BC%9Aweird-person-in-the-train,5,0,0,120.01,2026-07-24T02:00:02Z
2026-07-29T10:00:34+08:00,9,1643749360,Chapter 9：Weird person-1,https://www.wattpad.com/1643749360-planet-phoenix-chapter-9%EF%BC%9Aweird-person-1,0,0,0,106.01,2026-07-24T16:00:03Z
2026-07-29T10:00:34+08:00,10,1643749998,Chapter 10：Weird person-2,https://www.wattpad.com/1643749998-planet-phoenix-chapter-10%EF%BC%9Aweird-person-2,3,0,1,92.01,2026-07-25T06:00:02Z
2026-07-29T10:00:34+08:00,11,1643750323,Chapter 11：Weird person-3,https://www.wattpad.com/1643750323-planet-phoenix-chapter-11%EF%BC%9Aweird-person-3,2,0,1,78.01,2026-07-25T20:00:02Z
2026-07-29T10:00:34+08:00,12,1643751148,Chapter 12：Homestead,https://www.wattpad.com/1643751148-planet-phoenix-chapter-12%EF%BC%9Ahomestead,0,0,0,64.01,2026-07-26T10:00:03Z
2026-07-29T10:00:34+08:00,13,1643843952,Chapter 13：Report anomalous individuals-1,https://www.wattpad.com/1643843952-planet-phoenix-chapter-13%EF%BC%9Areport-anomalous,0,0,0,50.01,2026-07-27T00:00:02Z
2026-07-29T10:00:34+08:00,14,1643844249,Chapter 14：Report anomalous individuals-2,https://www.wattpad.com/1643844249-planet-phoenix-chapter-14%EF%BC%9Areport-anomalous,0,0,0,36.01,2026-07-27T14:00:03Z
2026-07-29T10:00:34+08:00,15,1643844641,Chapter 15：Report anomalous individuals-3,https://www.wattpad.com/1643844641-planet-phoenix-chapter-15%EF%BC%9Areport-anomalous,1,0,0,22.01,2026-07-28T04:00:03Z
2026-07-29T10:00:34+08:00,16,1643845149,Chapter 16：The Journey of Common Sense-1,https://www.wattpad.com/1643845149-planet-phoenix-chapter-16%EF%BC%9Athe-journey-of-common,2,1,1,8.01,2026-07-28T18:00:03Z
2026-07-29T11:00:31+08:00,1,1643734560,Chapter 1 massive earthquake-1,https://www.wattpad.com/1643734560-planet-phoenix-chapter-1-massive-earthquake-1,11,0,1,219.01,2026-07-20T00:00:02Z
2026-07-29T11:00:31+08:00,2,1643743618,Chapter 2 massive earthquake-2,https://www.wattpad.com/1643743618-planet-phoenix-chapter-2-massive-earthquake-2,9,0,0,205.01,2026-07-20T14:00:02Z
2026-07-29T11:00:31+08:00,3,1643746352,Chapter 3 massive earthquake-3,https://www.wattpad.com/1643746352-planet-phoenix-chapter-3-massive-earthquake-3,5,0,0,191.01,2026-07-21T04:00:02Z
2026-07-29T11:00:31+08:00,4,1643746654,Chapter 4 massive earthquake-4,https://www.wattpad.com/1643746654-planet-phoenix-chapter-4-massive-earthquake-4,9,1,-1,177.01,2026-07-21T18:00:02Z
2026-07-29T11:00:31+08:00,5,1643747136,Chapter 5 Escape from death,https://www.wattpad.com/1643747136-planet-phoenix-chapter-5-escape-from-death,1,0,0,163.01,2026-07-22T08:00:03Z
2026-07-29T11:00:31+08:00,6,1643747955,Chapter 6：Interlude,https://www.wattpad.com/1643747955-planet-phoenix-chapter-6%EF%BC%9Ainterlude,7,0,0,149.01,2026-07-22T22:00:02Z
2026-07-29T11:00:31+08:00,7,1643748308,Chapter 7：The cabin in the forest,https://www.wattpad.com/1643748308-planet-phoenix-chapter-7%EF%BC%9Athe-cabin-in-the-forest,8,0,1,135.01,2026-07-23T12:00:02Z
2026-07-29T11:00:31+08:00,8,1643748909,Chapter 8：Weird person in the train,https://www.wattpad.com/1643748909-planet-phoenix-chapter-8%EF%BC%9Aweird-person-in-the-train,5,0,0,121.01,2026-07-24T02:00:02Z
2026-07-29T11:00:31+08:00,9,1643749360,Chapter 9：Weird person-1,https://www.wattpad.com/1643749360-planet-phoenix-chapter-9%EF%BC%9Aweird-person-1,0,0,0,107.01,2026-07-24T16:00:03Z
2026-07-29T11:00:31+08:00,10,1643749998,Chapter 10：Weird person-2,https://www.wattpad.com/1643749998-planet-phoenix-chapter-10%EF%BC%9Aweird-person-2,3,0,1,93.01,2026-07-25T06:00:02Z
2026-07-29T11:00:31+08:00,11,1643750323,Chapter 11：Weird person-3,https://www.wattpad.com/1643750323-planet-phoenix-chapter-11%EF%BC%9Aweird-person-3,2,0,1,79.01,2026-07-25T20:00:02Z
2026-07-29T11:00:31+08:00,12,1643751148,Chapter 12：Homestead,https://www.wattpad.com/1643751148-planet-phoenix-chapter-12%EF%BC%9Ahomestead,0,0,0,65.01,2026-07-26T10:00:03Z
2026-07-29T11:00:31+08:00,13,1643843952,Chapter 13：Report anomalous individuals-1,https://www.wattpad.com/1643843952-planet-phoenix-chapter-13%EF%BC%9Areport-anomalous,0,0,0,51.01,2026-07-27T00:00:02Z
2026-07-29T11:00:31+08:00,14,1643844249,Chapter 14：Report anomalous individuals-2,https://www.wattpad.com/1643844249-planet-phoenix-chapter-14%EF%BC%9Areport-anomalous,0,0,0,37.01,2026-07-27T14:00:03Z
2026-07-29T11:00:31+08:00,15,1643844641,Chapter 15：Report anomalous individuals-3,https://www.wattpad.com/1643844641-planet-phoenix-chapter-15%EF%BC%9Areport-anomalous,1,0,0,23.01,2026-07-28T04:00:03Z
2026-07-29T11:00:31+08:00,16,1643845149,Chapter 16：The Journey of Common Sense-1,https://www.wattpad.com/1643845149-planet-phoenix-chapter-16%EF%BC%9Athe-journey-of-common,2,1,1,9.01,2026-07-28T18:00:03Z
2026-07-29T12:00:39+08:00,1,1643734560,Chapter 1 massive earthquake-1,https://www.wattpad.com/1643734560-planet-phoenix-chapter-1-massive-earthquake-1,11,0,1,220.01,2026-07-20T00:00:02Z
2026-07-29T12:00:39+08:00,2,1643743618,Chapter 2 massive earthquake-2,https://www.wattpad.com/1643743618-planet-phoenix-chapter-2-massive-earthquake-2,9,0,0,206.01,2026-07-20T14:00:02Z
2026-07-29T12:00:39+08:00,3,1643746352,Chapter 3 massive earthquake-3,https://www.wattpad.com/1643746352-planet-phoenix-chapter-3-massive-earthquake-3,5,0,0,192.01,2026-07-21T04:00:02Z
2026-07-29T12:00:39+08:00,4,1643746654,Chapter 4 massive earthquake-4,https://www.wattpad.com/1643746654-planet-phoenix-chapter-4-massive-earthquake-4,9,1,-1,178.01,2026-07-21T18:00:02Z
2026-07-29T12:00:39+08:00,5,1643747136,Chapter 5 Escape from death,https://www.wattpad.com/1643747136-planet-phoenix-chapter-5-escape-from-death,1,0,0,164.01,2026-07-22T08:00:03Z
2026-07-29T12:00:39+08:00,6,1643747955,Chapter 6：Interlude,https://www.wattpad.com/1643747955-planet-phoenix-chapter-6%EF%BC%9Ainterlude,7,0,0,150.01,2026-07-22T22:00:02Z
2026-07-29T12:00:39+08:00,7,1643748308,Chapter 7：The cabin in the forest,https://www.wattpad.com/1643748308-planet-phoenix-chapter-7%EF%BC%9Athe-cabin-in-the-forest,8,0,1,136.01,2026-07-23T12:00:02Z
2026-07-29T12:00:39+08:00,8,1643748909,Chapter 8：Weird person in the train,https://www.wattpad.com/1643748909-planet-phoenix-chapter-8%EF%BC%9Aweird-person-in-the-train,5,0,0,122.01,2026-07-24T02:00:02Z
2026-07-29T12:00:39+08:00,9,1643749360,Chapter 9：Weird person-1,https://www.wattpad.com/1643749360-planet-phoenix-chapter-9%EF%BC%9Aweird-person-1,0,0,0,108.01,2026-07-24T16:00:03Z
2026-07-29T12:00:39+08:00,10,1643749998,Chapter 10：Weird person-2,https://www.wattpad.com/1643749998-planet-phoenix-chapter-10%EF%BC%9Aweird-person-2,3,0,1,94.01,2026-07-25T06:00:02Z
2026-07-29T12:00:39+08:00,11,1643750323,Chapter 11：Weird person-3,https://www.wattpad.com/1643750323-planet-phoenix-chapter-11%EF%BC%9Aweird-person-3,2,0,1,80.01,2026-07-25T20:00:02Z
2026-07-29T12:00:39+08:00,12,1643751148,Chapter 12：Homestead,https://www.wattpad.com/1643751148-planet-phoenix-chapter-12%EF%BC%9Ahomestead,0,0,0,66.01,2026-07-26T10:00:03Z
2026-07-29T12:00:39+08:00,13,1643843952,Chapter 13：Report anomalous individuals-1,https://www.wattpad.com/1643843952-planet-phoenix-chapter-13%EF%BC%9Areport-anomalous,0,0,0,52.01,2026-07-27T00:00:02Z
2026-07-29T12:00:39+08:00,14,1643844249,Chapter 14：Report anomalous individuals-2,https://www.wattpad.com/1643844249-planet-phoenix-chapter-14%EF%BC%9Areport-anomalous,0,0,0,38.01,2026-07-27T14:00:03Z
2026-07-29T12:00:39+08:00,15,1643844641,Chapter 15：Report anomalous individuals-3,https://www.wattpad.com/1643844641-planet-phoenix-chapter-15%EF%BC%9Areport-anomalous,1,0,0,24.01,2026-07-28T04:00:03Z
2026-07-29T12:00:39+08:00,16,1643845149,Chapter 16：The Journey of Common Sense-1,https://www.wattpad.com/1643845149-planet-phoenix-chapter-16%EF%BC%9Athe-journey-of-common,2,1,1,10.01,2026-07-28T18:00:03Z
2026-07-29T13:00:30+08:00,1,1643734560,Chapter 1 massive earthquake-1,https://www.wattpad.com/1643734560-planet-phoenix-chapter-1-massive-earthquake-1,11,0,1,221.01,2026-07-20T00:00:02Z
2026-07-29T13:00:30+08:00,2,1643743618,Chapter 2 massive earthquake-2,https://www.wattpad.com/1643743618-planet-phoenix-chapter-2-massive-earthquake-2,9,0,0,207.01,2026-07-20T14:00:02Z
2026-07-29T13:00:30+08:00,3,1643746352,Chapter 3 massive earthquake-3,https://www.wattpad.com/1643746352-planet-phoenix-chapter-3-massive-earthquake-3,5,0,0,193.01,2026-07-21T04:00:02Z
2026-07-29T13:00:30+08:00,4,1643746654,Chapter 4 massive earthquake-4,https://www.wattpad.com/1643746654-planet-phoenix-chapter-4-massive-earthquake-4,9,1,-1,179.01,2026-07-21T18:00:02Z
2026-07-29T13:00:30+08:00,5,1643747136,Chapter 5 Escape from death,https://www.wattpad.com/1643747136-planet-phoenix-chapter-5-escape-from-death,1,0,0,165.01,2026-07-22T08:00:03Z
2026-07-29T13:00:30+08:00,6,1643747955,Chapter 6：Interlude,https://www.wattpad.com/1643747955-planet-phoenix-chapter-6%EF%BC%9Ainterlude,7,0,0,151.01,2026-07-22T22:00:02Z
2026-07-29T13:00:30+08:00,7,1643748308,Chapter 7：The cabin in the forest,https://www.wattpad.com/1643748308-planet-phoenix-chapter-7%EF%BC%9Athe-cabin-in-the-forest,8,0,1,137.01,2026-07-23T12:00:02Z
2026-07-29T13:00:30+08:00,8,1643748909,Chapter 8：Weird person in the train,https://www.wattpad.com/1643748909-planet-phoenix-chapter-8%EF%BC%9Aweird-person-in-the-train,5,0,0,123.01,2026-07-24T02:00:02Z
2026-07-29T13:00:30+08:00,9,1643749360,Chapter 9：Weird person-1,https://www.wattpad.com/1643749360-planet-phoenix-chapter-9%EF%BC%9Aweird-person-1,0,0,0,109.01,2026-07-24T16:00:03Z
2026-07-29T13:00:30+08:00,10,1643749998,Chapter 10：Weird person-2,https://www.wattpad.com/1643749998-planet-phoenix-chapter-10%EF%BC%9Aweird-person-2,3,0,1,95.01,2026-07-25T06:00:02Z
2026-07-29T13:00:30+08:00,11,1643750323,Chapter 11：Weird person-3,https://www.wattpad.com/1643750323-planet-phoenix-chapter-11%EF%BC%9Aweird-person-3,2,0,1,81.01,2026-07-25T20:00:02Z
2026-07-29T13:00:30+08:00,12,1643751148,Chapter 12：Homestead,https://www.wattpad.com/1643751148-planet-phoenix-chapter-12%EF%BC%9Ahomestead,0,0,0,67.01,2026-07-26T10:00:03Z
2026-07-29T13:00:30+08:00,13,1643843952,Chapter 13：Report anomalous individuals-1,https://www.wattpad.com/1643843952-planet-phoenix-chapter-13%EF%BC%9Areport-anomalous,0,0,0,53.01,2026-07-27T00:00:02Z
2026-07-29T13:00:30+08:00,14,1643844249,Chapter 14：Report anomalous individuals-2,https://www.wattpad.com/1643844249-planet-phoenix-chapter-14%EF%BC%9Areport-anomalous,0,0,0,39.01,2026-07-27T14:00:03Z
2026-07-29T13:00:30+08:00,15,1643844641,Chapter 15：Report anomalous individuals-3,https://www.wattpad.com/1643844641-planet-phoenix-chapter-15%EF%BC%9Areport-anomalous,1,0,0,25.01,2026-07-28T04:00:03Z
2026-07-29T13:00:30+08:00,16,1643845149,Chapter 16：The Journey of Common Sense-1,https://www.wattpad.com/1643845149-planet-phoenix-chapter-16%EF%BC%9Athe-journey-of-common,2,1,1,11.01,2026-07-28T18:00:03Z
2026-07-29T14:00:30+08:00,1,1643734560,Chapter 1 massive earthquake-1,https://www.wattpad.com/1643734560-planet-phoenix-chapter-1-massive-earthquake-1,11,0,1,222.01,2026-07-20T00:00:02Z
2026-07-29T14:00:30+08:00,2,1643743618,Chapter 2 massive earthquake-2,https://www.wattpad.com/1643743618-planet-phoenix-chapter-2-massive-earthquake-2,9,0,0,208.01,2026-07-20T14:00:02Z
2026-07-29T14:00:30+08:00,3,1643746352,Chapter 3 massive earthquake-3,https://www.wattpad.com/1643746352-planet-phoenix-chapter-3-massive-earthquake-3,5,0,0,194.01,2026-07-21T04:00:02Z
2026-07-29T14:00:30+08:00,4,1643746654,Chapter 4 massive earthquake-4,https://www.wattpad.com/1643746654-planet-phoenix-chapter-4-massive-earthquake-4,9,1,-1,180.01,2026-07-21T18:00:02Z
2026-07-29T14:00:30+08:00,5,1643747136,Chapter 5 Escape from death,https://www.wattpad.com/1643747136-planet-phoenix-chapter-5-escape-from-death,1,0,0,166.01,2026-07-22T08:00:03Z
2026-07-29T14:00:30+08:00,6,1643747955,Chapter 6：Interlude,https://www.wattpad.com/1643747955-planet-phoenix-chapter-6%EF%BC%9Ainterlude,7,0,0,152.01,2026-07-22T22:00:02Z
2026-07-29T14:00:30+08:00,7,1643748308,Chapter 7：The cabin in the forest,https://www.wattpad.com/1643748308-planet-phoenix-chapter-7%EF%BC%9Athe-cabin-in-the-forest,8,0,1,138.01,2026-07-23T12:00:02Z
2026-07-29T14:00:30+08:00,8,1643748909,Chapter 8：Weird person in the train,https://www.wattpad.com/1643748909-planet-phoenix-chapter-8%EF%BC%9Aweird-person-in-the-train,5,0,0,124.01,2026-07-24T02:00:02Z
2026-07-29T14:00:30+08:00,9,1643749360,Chapter 9：Weird person-1,https://www.wattpad.com/1643749360-planet-phoenix-chapter-9%EF%BC%9Aweird-person-1,0,0,0,110.01,2026-07-24T16:00:03Z
2026-07-29T14:00:30+08:00,10,1643749998,Chapter 10：Weird person-2,https://www.wattpad.com/1643749998-planet-phoenix-chapter-10%EF%BC%9Aweird-person-2,3,0,1,96.01,2026-07-25T06:00:02Z
2026-07-29T14:00:30+08:00,11,1643750323,Chapter 11：Weird person-3,https://www.wattpad.com/1643750323-planet-phoenix-chapter-11%EF%BC%9Aweird-person-3,2,0,1,82.01,2026-07-25T20:00:02Z
2026-07-29T14:00:30+08:00,12,1643751148,Chapter 12：Homestead,https://www.wattpad.com/1643751148-planet-phoenix-chapter-12%EF%BC%9Ahomestead,0,0,0,68.01,2026-07-26T10:00:03Z
2026-07-29T14:00:30+08:00,13,1643843952,Chapter 13：Report anomalous individuals-1,https://www.wattpad.com/1643843952-planet-phoenix-chapter-13%EF%BC%9Areport-anomalous,0,0,0,54.01,2026-07-27T00:00:02Z
2026-07-29T14:00:30+08:00,14,1643844249,Chapter 14：Report anomalous individuals-2,https://www.wattpad.com/1643844249-planet-phoenix-chapter-14%EF%BC%9Areport-anomalous,0,0,0,40.01,2026-07-27T14:00:03Z
2026-07-29T14:00:30+08:00,15,1643844641,Chapter 15：Report anomalous individuals-3,https://www.wattpad.com/1643844641-planet-phoenix-chapter-15%EF%BC%9Areport-anomalous,1,0,0,26.01,2026-07-28T04:00:03Z
2026-07-29T14:00:30+08:00,16,1643845149,Chapter 16：The Journey of Common Sense-1,https://www.wattpad.com/1643845149-planet-phoenix-chapter-16%EF%BC%9Athe-journey-of-common,2,1,1,12.01,2026-07-28T18:00:03Z
2026-07-29T15:00:37+08:00,1,1643734560,Chapter 1 massive earthquake-1,https://www.wattpad.com/1643734560-planet-phoenix-chapter-1-massive-earthquake-1,11,0,1,223.01,2026-07-20T00:00:02Z
2026-07-29T15:00:37+08:00,2,1643743618,Chapter 2 massive earthquake-2,https://www.wattpad.com/1643743618-planet-phoenix-chapter-2-massive-earthquake-2,9,0,0,209.01,2026-07-20T14:00:02Z
2026-07-29T15:00:37+08:00,3,1643746352,Chapter 3 massive earthquake-3,https://www.wattpad.com/1643746352-planet-phoenix-chapter-3-massive-earthquake-3,5,0,0,195.01,2026-07-21T04:00:02Z
2026-07-29T15:00:37+08:00,4,1643746654,Chapter 4 massive earthquake-4,https://www.wattpad.com/1643746654-planet-phoenix-chapter-4-massive-earthquake-4,9,1,-1,181.01,2026-07-21T18:00:02Z
2026-07-29T15:00:37+08:00,5,1643747136,Chapter 5 Escape from death,https://www.wattpad.com/1643747136-planet-phoenix-chapter-5-escape-from-death,1,0,0,167.01,2026-07-22T08:00:03Z
2026-07-29T15:00:37+08:00,6,1643747955,Chapter 6：Interlude,https://www.wattpad.com/1643747955-planet-phoenix-chapter-6%EF%BC%9Ainterlude,7,0,0,153.01,2026-07-22T22:00:02Z
2026-07-29T15:00:37+08:00,7,1643748308,Chapter 7：The cabin in the forest,https://www.wattpad.com/1643748308-planet-phoenix-chapter-7%EF%BC%9Athe-cabin-in-the-forest,8,0,1,139.01,2026-07-23T12:00:02Z
2026-07-29T15:00:37+08:00,8,1643748909,Chapter 8：Weird person in the train,https://www.wattpad.com/1643748909-planet-phoenix-chapter-8%EF%BC%9Aweird-person-in-the-train,5,0,0,125.01,2026-07-24T02:00:02Z
2026-07-29T15:00:37+08:00,9,1643749360,Chapter 9：Weird person-1,https://www.wattpad.com/1643749360-planet-phoenix-chapter-9%EF%BC%9Aweird-person-1,0,0,0,111.01,2026-07-24T16:00:03Z
2026-07-29T15:00:37+08:00,10,1643749998,Chapter 10：Weird person-2,https://www.wattpad.com/1643749998-planet-phoenix-chapter-10%EF%BC%9Aweird-person-2,3,0,1,97.01,2026-07-25T06:00:02Z
2026-07-29T15:00:37+08:00,11,1643750323,Chapter 11：Weird person-3,https://www.wattpad.com/1643750323-planet-phoenix-chapter-11%EF%BC%9Aweird-person-3,2,0,1,83.01,2026-07-25T20:00:02Z
2026-07-29T15:00:37+08:00,12,1643751148,Chapter 12：Homestead,https://www.wattpad.com/1643751148-planet-phoenix-chapter-12%EF%BC%9Ahomestead,0,0,0,69.01,2026-07-26T10:00:03Z
2026-07-29T15:00:37+08:00,13,1643843952,Chapter 13：Report anomalous individuals-1,https://www.wattpad.com/1643843952-planet-phoenix-chapter-13%EF%BC%9Areport-anomalous,0,0,0,55.01,2026-07-27T00:00:02Z
2026-07-29T15:00:37+08:00,14,1643844249,Chapter 14：Report anomalous individuals-2,https://www.wattpad.com/1643844249-planet-phoenix-chapter-14%EF%BC%9Areport-anomalous,0,0,0,41.01,2026-07-27T14:00:03Z
2026-07-29T15:00:37+08:00,15,1643844641,Chapter 15：Report anomalous individuals-3,https://www.wattpad.com/1643844641-planet-phoenix-chapter-15%EF%BC%9Areport-anomalous,1,0,0,27.01,2026-07-28T04:00:03Z
2026-07-29T15:00:37+08:00,16,1643845149,Chapter 16：The Journey of Common Sense-1,https://www.wattpad.com/1643845149-planet-phoenix-chapter-16%EF%BC%9Athe-journey-of-common,2,1,1,13.01,2026-07-28T18:00:03Z
2026-07-29T16:00:38+08:00,1,1643734560,Chapter 1 massive earthquake-1,https://www.wattpad.com/1643734560-planet-phoenix-chapter-1-massive-earthquake-1,11,0,1,224.01,2026-07-20T00:00:02Z
2026-07-29T16:00:38+08:00,2,1643743618,Chapter 2 massive earthquake-2,https://www.wattpad.com/1643743618-planet-phoenix-chapter-2-massive-earthquake-2,9,0,0,210.01,2026-07-20T14:00:02Z
2026-07-29T16:00:38+08:00,3,1643746352,Chapter 3 massive earthquake-3,https://www.wattpad.com/1643746352-planet-phoenix-chapter-3-massive-earthquake-3,5,0,0,196.01,2026-07-21T04:00:02Z
2026-07-29T16:00:38+08:00,4,1643746654,Chapter 4 massive earthquake-4,https://www.wattpad.com/1643746654-planet-phoenix-chapter-4-massive-earthquake-4,9,1,-1,182.01,2026-07-21T18:00:02Z
2026-07-29T16:00:38+08:00,5,1643747136,Chapter 5 Escape from death,https://www.wattpad.com/1643747136-planet-phoenix-chapter-5-escape-from-death,1,0,0,168.01,2026-07-22T08:00:03Z
2026-07-29T16:00:38+08:00,6,1643747955,Chapter 6：Interlude,https://www.wattpad.com/1643747955-planet-phoenix-chapter-6%EF%BC%9Ainterlude,7,0,0,154.01,2026-07-22T22:00:02Z
2026-07-29T16:00:38+08:00,7,1643748308,Chapter 7：The cabin in the forest,https://www.wattpad.com/1643748308-planet-phoenix-chapter-7%EF%BC%9Athe-cabin-in-the-forest,8,0,1,140.01,2026-07-23T12:00:02Z
2026-07-29T16:00:38+08:00,8,1643748909,Chapter 8：Weird person in the train,https://www.wattpad.com/1643748909-planet-phoenix-chapter-8%EF%BC%9Aweird-person-in-the-train,5,0,0,126.01,2026-07-24T02:00:02Z
2026-07-29T16:00:38+08:00,9,1643749360,Chapter 9：Weird person-1,https://www.wattpad.com/1643749360-planet-phoenix-chapter-9%EF%BC%9Aweird-person-1,0,0,0,112.01,2026-07-24T16:00:03Z
2026-07-29T16:00:38+08:00,10,1643749998,Chapter 10：Weird person-2,https://www.wattpad.com/1643749998-planet-phoenix-chapter-10%EF%BC%9Aweird-person-2,3,0,1,98.01,2026-07-25T06:00:02Z
2026-07-29T16:00:38+08:00,11,1643750323,Chapter 11：Weird person-3,https://www.wattpad.com/1643750323-planet-phoenix-chapter-11%EF%BC%9Aweird-person-3,2,0,1,84.01,2026-07-25T20:00:02Z
2026-07-29T16:00:38+08:00,12,1643751148,Chapter 12：Homestead,https://www.wattpad.com/1643751148-planet-phoenix-chapter-12%EF%BC%9Ahomestead,0,0,0,70.01,2026-07-26T10:00:03Z
2026-07-29T16:00:38+08:00,13,1643843952,Chapter 13：Report anomalous individuals-1,https://www.wattpad.com/1643843952-planet-phoenix-chapter-13%EF%BC%9Areport-anomalous,0,0,0,56.01,2026-07-27T00:00:02Z
2026-07-29T16:00:38+08:00,14,1643844249,Chapter 14：Report anomalous individuals-2,https://www.wattpad.com/1643844249-planet-phoenix-chapter-14%EF%BC%9Areport-anomalous,0,0,0,42.01,2026-07-27T14:00:03Z
2026-07-29T16:00:38+08:00,15,1643844641,Chapter 15：Report anomalous individuals-3,https://www.wattpad.com/1643844641-planet-phoenix-chapter-15%EF%BC%9Areport-anomalous,1,0,0,28.01,2026-07-28T04:00:03Z
2026-07-29T16:00:38+08:00,16,1643845149,Chapter 16：The Journey of Common Sense-1,https://www.wattpad.com/1643845149-planet-phoenix-chapter-16%EF%BC%9Athe-journey-of-common,2,1,1,14.01,2026-07-28T18:00:03Z
2026-07-29T16:00:38+08:00,17,1643845633,Chapter 17：The Journey of Common Sense-2,https://www.wattpad.com/1643845633-planet-phoenix-chapter-17%EF%BC%9Athe-journey-of-common,0,0,0,0.01,2026-07-29T08:00:02Z
2026-07-29T17:00:33+08:00,1,1643734560,Chapter 1 massive earthquake-1,https://www.wattpad.com/1643734560-planet-phoenix-chapter-1-massive-earthquake-1,11,0,1,225.01,2026-07-20T00:00:02Z
2026-07-29T17:00:33+08:00,2,1643743618,Chapter 2 massive earthquake-2,https://www.wattpad.com/1643743618-planet-phoenix-chapter-2-massive-earthquake-2,9,0,0,211.01,2026-07-20T14:00:02Z
2026-07-29T17:00:33+08:00,3,1643746352,Chapter 3 massive earthquake-3,https://www.wattpad.com/1643746352-planet-phoenix-chapter-3-massive-earthquake-3,5,0,0,197.01,2026-07-21T04:00:02Z
2026-07-29T17:00:33+08:00,4,1643746654,Chapter 4 massive earthquake-4,https://www.wattpad.com/1643746654-planet-phoenix-chapter-4-massive-earthquake-4,9,1,-1,183.01,2026-07-21T18:00:02Z
2026-07-29T17:00:33+08:00,5,1643747136,Chapter 5 Escape from death,https://www.wattpad.com/1643747136-planet-phoenix-chapter-5-escape-from-death,1,0,0,169.01,2026-07-22T08:00:03Z
2026-07-29T17:00:33+08:00,6,1643747955,Chapter 6：Interlude,https://www.wattpad.com/1643747955-planet-phoenix-chapter-6%EF%BC%9Ainterlude,7,0,0,155.01,2026-07-22T22:00:02Z
2026-07-29T17:00:33+08:00,7,1643748308,Chapter 7：The cabin in the forest,https://www.wattpad.com/1643748308-planet-phoenix-chapter-7%EF%BC%9Athe-cabin-in-the-forest,8,0,1,141.01,2026-07-23T12:00:02Z
2026-07-29T17:00:33+08:00,8,1643748909,Chapter 8：Weird person in the train,https://www.wattpad.com/1643748909-planet-phoenix-chapter-8%EF%BC%9Aweird-person-in-the-train,5,0,0,127.01,2026-07-24T02:00:02Z
2026-07-29T17:00:33+08:00,9,1643749360,Chapter 9：Weird person-1,https://www.wattpad.com/1643749360-planet-phoenix-chapter-9%EF%BC%9Aweird-person-1,0,0,0,113.01,2026-07-24T16:00:03Z
2026-07-29T17:00:33+08:00,10,1643749998,Chapter 10：Weird person-2,https://www.wattpad.com/1643749998-planet-phoenix-chapter-10%EF%BC%9Aweird-person-2,3,0,1,99.01,2026-07-25T06:00:02Z
2026-07-29T17:00:33+08:00,11,1643750323,Chapter 11：Weird person-3,https://www.wattpad.com/1643750323-planet-phoenix-chapter-11%EF%BC%9Aweird-person-3,2,0,1,85.01,2026-07-25T20:00:02Z
2026-07-29T17:00:33+08:00,12,1643751148,Chapter 12：Homestead,https://www.wattpad.com/1643751148-planet-phoenix-chapter-12%EF%BC%9Ahomestead,0,0,0,71.01,2026-07-26T10:00:03Z
2026-07-29T17:00:33+08:00,13,1643843952,Chapter 13：Report anomalous individuals-1,https://www.wattpad.com/1643843952-planet-phoenix-chapter-13%EF%BC%9Areport-anomalous,0,0,0,57.01,2026-07-27T00:00:02Z
2026-07-29T17:00:33+08:00,14,1643844249,Chapter 14：Report anomalous individuals-2,https://www.wattpad.com/1643844249-planet-phoenix-chapter-14%EF%BC%9Areport-anomalous,0,0,0,43.01,2026-07-27T14:00:03Z
2026-07-29T17:00:33+08:00,15,1643844641,Chapter 15：Report anomalous individuals-3,https://www.wattpad.com/1643844641-planet-phoenix-chapter-15%EF%BC%9Areport-anomalous,1,0,0,29.01,2026-07-28T04:00:03Z
2026-07-29T17:00:33+08:00,16,1643845149,Chapter 16：The Journey of Common Sense-1,https://www.wattpad.com/1643845149-planet-phoenix-chapter-16%EF%BC%9Athe-journey-of-common,2,1,1,15.01,2026-07-28T18:00:03Z
2026-07-29T17:00:33+08:00,17,1643845633,Chapter 17：The Journey of Common Sense-2,https://www.wattpad.com/1643845633-planet-phoenix-chapter-17%EF%BC%9Athe-journey-of-common,0,0,0,1.01,2026-07-29T08:00:02Z
2026-07-29T18:00:32+08:00,1,1643734560,Chapter 1 massive earthquake-1,https://www.wattpad.com/1643734560-planet-phoenix-chapter-1-massive-earthquake-1,11,0,1,226.01,2026-07-20T00:00:02Z
2026-07-29T18:00:32+08:00,2,1643743618,Chapter 2 massive earthquake-2,https://www.wattpad.com/1643743618-planet-phoenix-chapter-2-massive-earthquake-2,9,0,0,212.01,2026-07-20T14:00:02Z
2026-07-29T18:00:32+08:00,3,1643746352,Chapter 3 massive earthquake-3,https://www.wattpad.com/1643746352-planet-phoenix-chapter-3-massive-earthquake-3,5,0,0,198.01,2026-07-21T04:00:02Z
2026-07-29T18:00:32+08:00,4,1643746654,Chapter 4 massive earthquake-4,https://www.wattpad.com/1643746654-planet-phoenix-chapter-4-massive-earthquake-4,9,1,-1,184.01,2026-07-21T18:00:02Z
2026-07-29T18:00:32+08:00,5,1643747136,Chapter 5 Escape from death,https://www.wattpad.com/1643747136-planet-phoenix-chapter-5-escape-from-death,1,0,0,170.01,2026-07-22T08:00:03Z
2026-07-29T18:00:32+08:00,6,1643747955,Chapter 6：Interlude,https://www.wattpad.com/1643747955-planet-phoenix-chapter-6%EF%BC%9Ainterlude,7,0,0,156.01,2026-07-22T22:00:02Z
2026-07-29T18:00:32+08:00,7,1643748308,Chapter 7：The cabin in the forest,https://www.wattpad.com/1643748308-planet-phoenix-chapter-7%EF%BC%9Athe-cabin-in-the-forest,8,0,1,142.01,2026-07-23T12:00:02Z
2026-07-29T18:00:32+08:00,8,1643748909,Chapter 8：Weird person in the train,https://www.wattpad.com/1643748909-planet-phoenix-chapter-8%EF%BC%9Aweird-person-in-the-train,5,0,0,128.01,2026-07-24T02:00:02Z
2026-07-29T18:00:32+08:00,9,1643749360,Chapter 9：Weird person-1,https://www.wattpad.com/1643749360-planet-phoenix-chapter-9%EF%BC%9Aweird-person-1,1,0,0,114.01,2026-07-24T16:00:03Z
2026-07-29T18:00:32+08:00,10,1643749998,Chapter 10：Weird person-2,https://www.wattpad.com/1643749998-planet-phoenix-chapter-10%EF%BC%9Aweird-person-2,3,0,1,100.01,2026-07-25T06:00:02Z
2026-07-29T18:00:32+08:00,11,1643750323,Chapter 11：Weird person-3,https://www.wattpad.com/1643750323-planet-phoenix-chapter-11%EF%BC%9Aweird-person-3,2,0,1,86.01,2026-07-25T20:00:02Z
2026-07-29T18:00:32+08:00,12,1643751148,Chapter 12：Homestead,https://www.wattpad.com/1643751148-planet-phoenix-chapter-12%EF%BC%9Ahomestead,0,0,0,72.01,2026-07-26T10:00:03Z
2026-07-29T18:00:32+08:00,13,1643843952,Chapter 13：Report anomalous individuals-1,https://www.wattpad.com/1643843952-planet-phoenix-chapter-13%EF%BC%9Areport-anomalous,0,0,0,58.01,2026-07-27T00:00:02Z
2026-07-29T18:00:32+08:00,14,1643844249,Chapter 14：Report anomalous individuals-2,https://www.wattpad.com/1643844249-planet-phoenix-chapter-14%EF%BC%9Areport-anomalous,0,0,0,44.01,2026-07-27T14:00:03Z
2026-07-29T18:00:32+08:00,15,1643844641,Chapter 15：Report anomalous individuals-3,https://www.wattpad.com/1643844641-planet-phoenix-chapter-15%EF%BC%9Areport-anomalous,1,0,0,30.01,2026-07-28T04:00:03Z
2026-07-29T18:00:32+08:00,16,1643845149,Chapter 16：The Journey of Common Sense-1,https://www.wattpad.com/1643845149-planet-phoenix-chapter-16%EF%BC%9Athe-journey-of-common,2,1,1,16.01,2026-07-28T18:00:03Z
2026-07-29T18:00:32+08:00,17,1643845633,Chapter 17：The Journey of Common Sense-2,https://www.wattpad.com/1643845633-planet-phoenix-chapter-17%EF%BC%9Athe-journey-of-common,0,0,0,2.01,2026-07-29T08:00:02Z
2026-07-29T19:00:35+08:00,1,1643734560,Chapter 1 massive earthquake-1,https://www.wattpad.com/1643734560-planet-phoenix-chapter-1-massive-earthquake-1,11,0,1,227.01,2026-07-20T00:00:02Z
2026-07-29T19:00:35+08:00,2,1643743618,Chapter 2 massive earthquake-2,https://www.wattpad.com/1643743618-planet-phoenix-chapter-2-massive-earthquake-2,9,0,0,213.01,2026-07-20T14:00:02Z
2026-07-29T19:00:35+08:00,3,1643746352,Chapter 3 massive earthquake-3,https://www.wattpad.com/1643746352-planet-phoenix-chapter-3-massive-earthquake-3,5,0,0,199.01,2026-07-21T04:00:02Z
2026-07-29T19:00:35+08:00,4,1643746654,Chapter 4 massive earthquake-4,https://www.wattpad.com/1643746654-planet-phoenix-chapter-4-massive-earthquake-4,9,1,-1,185.01,2026-07-21T18:00:02Z
2026-07-29T19:00:35+08:00,5,1643747136,Chapter 5 Escape from death,https://www.wattpad.com/1643747136-planet-phoenix-chapter-5-escape-from-death,1,0,0,171.01,2026-07-22T08:00:03Z
2026-07-29T19:00:35+08:00,6,1643747955,Chapter 6：Interlude,https://www.wattpad.com/1643747955-planet-phoenix-chapter-6%EF%BC%9Ainterlude,7,0,0,157.01,2026-07-22T22:00:02Z
2026-07-29T19:00:35+08:00,7,1643748308,Chapter 7：The cabin in the forest,https://www.wattpad.com/1643748308-planet-phoenix-chapter-7%EF%BC%9Athe-cabin-in-the-forest,8,0,1,143.01,2026-07-23T12:00:02Z
2026-07-29T19:00:35+08:00,8,1643748909,Chapter 8：Weird person in the train,https://www.wattpad.com/1643748909-planet-phoenix-chapter-8%EF%BC%9Aweird-person-in-the-train,5,0,0,129.01,2026-07-24T02:00:02Z
2026-07-29T19:00:35+08:00,9,1643749360,Chapter 9：Weird person-1,https://www.wattpad.com/1643749360-planet-phoenix-chapter-9%EF%BC%9Aweird-person-1,1,0,0,115.01,2026-07-24T16:00:03Z
2026-07-29T19:00:35+08:00,10,1643749998,Chapter 10：Weird person-2,https://www.wattpad.com/1643749998-planet-phoenix-chapter-10%EF%BC%9Aweird-person-2,3,0,1,101.01,2026-07-25T06:00:02Z
2026-07-29T19:00:35+08:00,11,1643750323,Chapter 11：Weird person-3,https://www.wattpad.com/1643750323-planet-phoenix-chapter-11%EF%BC%9Aweird-person-3,2,0,1,87.01,2026-07-25T20:00:02Z
2026-07-29T19:00:35+08:00,12,1643751148,Chapter 12：Homestead,https://www.wattpad.com/1643751148-planet-phoenix-chapter-12%EF%BC%9Ahomestead,0,0,0,73.01,2026-07-26T10:00:03Z
2026-07-29T19:00:35+08:00,13,1643843952,Chapter 13：Report anomalous individuals-1,https://www.wattpad.com/1643843952-planet-phoenix-chapter-13%EF%BC%9Areport-anomalous,0,0,0,59.01,2026-07-27T00:00:02Z
2026-07-29T19:00:35+08:00,14,1643844249,Chapter 14：Report anomalous individuals-2,https://www.wattpad.com/1643844249-planet-phoenix-chapter-14%EF%BC%9Areport-anomalous,0,0,0,45.01,2026-07-27T14:00:03Z
2026-07-29T19:00:35+08:00,15,1643844641,Chapter 15：Report anomalous individuals-3,https://www.wattpad.com/1643844641-planet-phoenix-chapter-15%EF%BC%9Areport-anomalous,1,0,0,31.01,2026-07-28T04:00:03Z
2026-07-29T19:00:35+08:00,16,1643845149,Chapter 16：The Journey of Common Sense-1,https://www.wattpad.com/1643845149-planet-phoenix-chapter-16%EF%BC%9Athe-journey-of-common,2,1,1,17.01,2026-07-28T18:00:03Z
2026-07-29T19:00:35+08:00,17,1643845633,Chapter 17：The Journey of Common Sense-2,https://www.wattpad.com/1643845633-planet-phoenix-chapter-17%EF%BC%9Athe-journey-of-common,0,0,0,3.01,2026-07-29T08:00:02Z
2026-07-29T20:00:36+08:00,1,1643734560,Chapter 1 massive earthquake-1,https://www.wattpad.com/1643734560-planet-phoenix-chapter-1-massive-earthquake-1,11,0,1,228.01,2026-07-20T00:00:02Z
2026-07-29T20:00:36+08:00,2,1643743618,Chapter 2 massive earthquake-2,https://www.wattpad.com/1643743618-planet-phoenix-chapter-2-massive-earthquake-2,9,0,0,214.01,2026-07-20T14:00:02Z
2026-07-29T20:00:36+08:00,3,1643746352,Chapter 3 massive earthquake-3,https://www.wattpad.com/1643746352-planet-phoenix-chapter-3-massive-earthquake-3,5,0,0,200.01,2026-07-21T04:00:02Z
2026-07-29T20:00:36+08:00,4,1643746654,Chapter 4 massive earthquake-4,https://www.wattpad.com/1643746654-planet-phoenix-chapter-4-massive-earthquake-4,9,1,-1,186.01,2026-07-21T18:00:02Z
2026-07-29T20:00:36+08:00,5,1643747136,Chapter 5 Escape from death,https://www.wattpad.com/1643747136-planet-phoenix-chapter-5-escape-from-death,1,0,0,172.01,2026-07-22T08:00:03Z
2026-07-29T20:00:36+08:00,6,1643747955,Chapter 6：Interlude,https://www.wattpad.com/1643747955-planet-phoenix-chapter-6%EF%BC%9Ainterlude,7,0,0,158.01,2026-07-22T22:00:02Z
2026-07-29T20:00:36+08:00,7,1643748308,Chapter 7：The cabin in the forest,https://www.wattpad.com/1643748308-planet-phoenix-chapter-7%EF%BC%9Athe-cabin-in-the-forest,8,0,1,144.01,2026-07-23T12:00:02Z
2026-07-29T20:00:36+08:00,8,1643748909,Chapter 8：Weird person in the train,https://www.wattpad.com/1643748909-planet-phoenix-chapter-8%EF%BC%9Aweird-person-in-the-train,5,0,0,130.01,2026-07-24T02:00:02Z
2026-07-29T20:00:36+08:00,9,1643749360,Chapter 9：Weird person-1,https://www.wattpad.com/1643749360-planet-phoenix-chapter-9%EF%BC%9Aweird-person-1,1,0,0,116.01,2026-07-24T16:00:03Z
2026-07-29T20:00:36+08:00,10,1643749998,Chapter 10：Weird person-2,https://www.wattpad.com/1643749998-planet-phoenix-chapter-10%EF%BC%9Aweird-person-2,3,0,1,102.01,2026-07-25T06:00:02Z
2026-07-29T20:00:36+08:00,11,1643750323,Chapter 11：Weird person-3,https://www.wattpad.com/1643750323-planet-phoenix-chapter-11%EF%BC%9Aweird-person-3,2,0,1,88.01,2026-07-25T20:00:02Z
2026-07-29T20:00:36+08:00,12,1643751148,Chapter 12：Homestead,https://www.wattpad.com/1643751148-planet-phoenix-chapter-12%EF%BC%9Ahomestead,0,0,0,74.01,2026-07-26T10:00:03Z
2026-07-29T20:00:36+08:00,13,1643843952,Chapter 13：Report anomalous individuals-1,https://www.wattpad.com/1643843952-planet-phoenix-chapter-13%EF%BC%9Areport-anomalous,0,0,0,60.01,2026-07-27T00:00:02Z
2026-07-29T20:00:36+08:00,14,1643844249,Chapter 14：Report anomalous individuals-2,https://www.wattpad.com/1643844249-planet-phoenix-chapter-14%EF%BC%9Areport-anomalous,0,0,0,46.01,2026-07-27T14:00:03Z
2026-07-29T20:00:36+08:00,15,1643844641,Chapter 15：Report anomalous individuals-3,https://www.wattpad.com/1643844641-planet-phoenix-chapter-15%EF%BC%9Areport-anomalous,1,0,0,32.01,2026-07-28T04:00:03Z
2026-07-29T20:00:36+08:00,16,1643845149,Chapter 16：The Journey of Common Sense-1,https://www.wattpad.com/1643845149-planet-phoenix-chapter-16%EF%BC%9Athe-journey-of-common,2,1,1,18.01,2026-07-28T18:00:03Z
2026-07-29T20:00:36+08:00,17,1643845633,Chapter 17：The Journey of Common Sense-2,https://www.wattpad.com/1643845633-planet-phoenix-chapter-17%EF%BC%9Athe-journey-of-common,0,0,0,4.01,2026-07-29T08:00:02Z
2026-07-29T21:00:35+08:00,1,1643734560,Chapter 1 massive earthquake-1,https://www.wattpad.com/1643734560-planet-phoenix-chapter-1-massive-earthquake-1,11,0,1,229.01,2026-07-20T00:00:02Z
2026-07-29T21:00:35+08:00,2,1643743618,Chapter 2 massive earthquake-2,https://www.wattpad.com/1643743618-planet-phoenix-chapter-2-massive-earthquake-2,9,0,0,215.01,2026-07-20T14:00:02Z
2026-07-29T21:00:35+08:00,3,1643746352,Chapter 3 massive earthquake-3,https://www.wattpad.com/1643746352-planet-phoenix-chapter-3-massive-earthquake-3,5,0,0,201.01,2026-07-21T04:00:02Z
2026-07-29T21:00:35+08:00,4,1643746654,Chapter 4 massive earthquake-4,https://www.wattpad.com/1643746654-planet-phoenix-chapter-4-massive-earthquake-4,9,1,-1,187.01,2026-07-21T18:00:02Z
2026-07-29T21:00:35+08:00,5,1643747136,Chapter 5 Escape from death,https://www.wattpad.com/1643747136-planet-phoenix-chapter-5-escape-from-death,1,0,0,173.01,2026-07-22T08:00:03Z
2026-07-29T21:00:35+08:00,6,1643747955,Chapter 6：Interlude,https://www.wattpad.com/1643747955-planet-phoenix-chapter-6%EF%BC%9Ainterlude,7,0,0,159.01,2026-07-22T22:00:02Z
2026-07-29T21:00:35+08:00,7,1643748308,Chapter 7：The cabin in the forest,https://www.wattpad.com/1643748308-planet-phoenix-chapter-7%EF%BC%9Athe-cabin-in-the-forest,8,0,1,145.01,2026-07-23T12:00:02Z
2026-07-29T21:00:35+08:00,8,1643748909,Chapter 8：Weird person in the train,https://www.wattpad.com/1643748909-planet-phoenix-chapter-8%EF%BC%9Aweird-person-in-the-train,5,0,0,131.01,2026-07-24T02:00:02Z
2026-07-29T21:00:35+08:00,9,1643749360,Chapter 9：Weird person-1,https://www.wattpad.com/1643749360-planet-phoenix-chapter-9%EF%BC%9Aweird-person-1,1,0,0,117.01,2026-07-24T16:00:03Z
2026-07-29T21:00:35+08:00,10,1643749998,Chapter 10：Weird person-2,https://www.wattpad.com/1643749998-planet-phoenix-chapter-10%EF%BC%9Aweird-person-2,3,0,1,103.01,2026-07-25T06:00:02Z
2026-07-29T21:00:35+08:00,11,1643750323,Chapter 11：Weird person-3,https://www.wattpad.com/1643750323-planet-phoenix-chapter-11%EF%BC%9Aweird-person-3,2,0,1,89.01,2026-07-25T20:00:02Z
2026-07-29T21:00:35+08:00,12,1643751148,Chapter 12：Homestead,https://www.wattpad.com/1643751148-planet-phoenix-chapter-12%EF%BC%9Ahomestead,0,0,0,75.01,2026-07-26T10:00:03Z
2026-07-29T21:00:35+08:00,13,1643843952,Chapter 13：Report anomalous individuals-1,https://www.wattpad.com/1643843952-planet-phoenix-chapter-13%EF%BC%9Areport-anomalous,0,0,0,61.01,2026-07-27T00:00:02Z
2026-07-29T21:00:35+08:00,14,1643844249,Chapter 14：Report anomalous individuals-2,https://www.wattpad.com/1643844249-planet-phoenix-chapter-14%EF%BC%9Areport-anomalous,0,0,0,47.01,2026-07-27T14:00:03Z
2026-07-29T21:00:35+08:00,15,1643844641,Chapter 15：Report anomalous individuals-3,https://www.wattpad.com/1643844641-planet-phoenix-chapter-15%EF%BC%9Areport-anomalous,1,0,0,33.01,2026-07-28T04:00:03Z
2026-07-29T21:00:35+08:00,16,1643845149,Chapter 16：The Journey of Common Sense-1,https://www.wattpad.com/1643845149-planet-phoenix-chapter-16%EF%BC%9Athe-journey-of-common,2,1,1,19.01,2026-07-28T18:00:03Z
2026-07-29T21:00:35+08:00,17,1643845633,Chapter 17：The Journey of Common Sense-2,https://www.wattpad.com/1643845633-planet-phoenix-chapter-17%EF%BC%9Athe-journey-of-common,0,0,0,5.01,2026-07-29T08:00:02Z
2026-07-29T22:00:32+08:00,1,1643734560,Chapter 1 massive earthquake-1,https://www.wattpad.com/1643734560-planet-phoenix-chapter-1-massive-earthquake-1,11,0,0,230.01,2026-07-20T00:00:02Z
2026-07-29T22:00:32+08:00,2,1643743618,Chapter 2 massive earthquake-2,https://www.wattpad.com/1643743618-planet-phoenix-chapter-2-massive-earthquake-2,9,0,0,216.01,2026-07-20T14:00:02Z
2026-07-29T22:00:32+08:00,3,1643746352,Chapter 3 massive earthquake-3,https://www.wattpad.com/1643746352-planet-phoenix-chapter-3-massive-earthquake-3,5,0,0,202.01,2026-07-21T04:00:02Z
2026-07-29T22:00:32+08:00,4,1643746654,Chapter 4 massive earthquake-4,https://www.wattpad.com/1643746654-planet-phoenix-chapter-4-massive-earthquake-4,9,1,-1,188.01,2026-07-21T18:00:02Z
2026-07-29T22:00:32+08:00,5,1643747136,Chapter 5 Escape from death,https://www.wattpad.com/1643747136-planet-phoenix-chapter-5-escape-from-death,1,0,0,174.01,2026-07-22T08:00:03Z
2026-07-29T22:00:32+08:00,6,1643747955,Chapter 6：Interlude,https://www.wattpad.com/1643747955-planet-phoenix-chapter-6%EF%BC%9Ainterlude,7,0,0,160.01,2026-07-22T22:00:02Z
2026-07-29T22:00:32+08:00,7,1643748308,Chapter 7：The cabin in the forest,https://www.wattpad.com/1643748308-planet-phoenix-chapter-7%EF%BC%9Athe-cabin-in-the-forest,8,0,1,146.01,2026-07-23T12:00:02Z
2026-07-29T22:00:32+08:00,8,1643748909,Chapter 8：Weird person in the train,https://www.wattpad.com/1643748909-planet-phoenix-chapter-8%EF%BC%9Aweird-person-in-the-train,5,0,0,132.01,2026-07-24T02:00:02Z
2026-07-29T22:00:32+08:00,9,1643749360,Chapter 9：Weird person-1,https://www.wattpad.com/1643749360-planet-phoenix-chapter-9%EF%BC%9Aweird-person-1,1,0,0,118.01,2026-07-24T16:00:03Z
2026-07-29T22:00:32+08:00,10,1643749998,Chapter 10：Weird person-2,https://www.wattpad.com/1643749998-planet-phoenix-chapter-10%EF%BC%9Aweird-person-2,3,0,1,104.01,2026-07-25T06:00:02Z
2026-07-29T22:00:32+08:00,11,1643750323,Chapter 11：Weird person-3,https://www.wattpad.com/1643750323-planet-phoenix-chapter-11%EF%BC%9Aweird-person-3,2,0,1,90.01,2026-07-25T20:00:02Z
2026-07-29T22:00:32+08:00,12,1643751148,Chapter 12：Homestead,https://www.wattpad.com/1643751148-planet-phoenix-chapter-12%EF%BC%9Ahomestead,0,0,0,76.01,2026-07-26T10:00:03Z
2026-07-29T22:00:32+08:00,13,1643843952,Chapter 13：Report anomalous individuals-1,https://www.wattpad.com/1643843952-planet-phoenix-chapter-13%EF%BC%9Areport-anomalous,0,0,0,62.01,2026-07-27T00:00:02Z
2026-07-29T22:00:32+08:00,14,1643844249,Chapter 14：Report anomalous individuals-2,https://www.wattpad.com/1643844249-planet-phoenix-chapter-14%EF%BC%9Areport-anomalous,0,0,0,48.01,2026-07-27T14:00:03Z
2026-07-29T22:00:32+08:00,15,1643844641,Chapter 15：Report anomalous individuals-3,https://www.wattpad.com/1643844641-planet-phoenix-chapter-15%EF%BC%9Areport-anomalous,1,0,0,34.01,2026-07-28T04:00:03Z
2026-07-29T22:00:32+08:00,16,1643845149,Chapter 16：The Journey of Common Sense-1,https://www.wattpad.com/1643845149-planet-phoenix-chapter-16%EF%BC%9Athe-journey-of-common,2,1,1,20.01,2026-07-28T18:00:03Z
2026-07-29T22:00:32+08:00,17,1643845633,Chapter 17：The Journey of Common Sense-2,https://www.wattpad.com/1643845633-planet-phoenix-chapter-17%EF%BC%9Athe-journey-of-common,0,0,0,6.01,2026-07-29T08:00:02Z
2026-07-29T23:00:34+08:00,1,1643734560,Chapter 1 massive earthquake-1,https://www.wattpad.com/1643734560-planet-phoenix-chapter-1-massive-earthquake-1,11,0,0,231.01,2026-07-20T00:00:02Z
2026-07-29T23:00:34+08:00,2,1643743618,Chapter 2 massive earthquake-2,https://www.wattpad.com/1643743618-planet-phoenix-chapter-2-massive-earthquake-2,9,0,0,217.01,2026-07-20T14:00:02Z
2026-07-29T23:00:34+08:00,3,1643746352,Chapter 3 massive earthquake-3,https://www.wattpad.com/1643746352-planet-phoenix-chapter-3-massive-earthquake-3,5,0,0,203.01,2026-07-21T04:00:02Z
2026-07-29T23:00:34+08:00,4,1643746654,Chapter 4 massive earthquake-4,https://www.wattpad.com/1643746654-planet-phoenix-chapter-4-massive-earthquake-4,9,1,-1,189.01,2026-07-21T18:00:02Z
2026-07-29T23:00:34+08:00,5,1643747136,Chapter 5 Escape from death,https://www.wattpad.com/1643747136-planet-phoenix-chapter-5-escape-from-death,1,0,0,175.01,2026-07-22T08:00:03Z
2026-07-29T23:00:34+08:00,6,1643747955,Chapter 6：Interlude,https://www.wattpad.com/1643747955-planet-phoenix-chapter-6%EF%BC%9Ainterlude,7,0,0,161.01,2026-07-22T22:00:02Z
2026-07-29T23:00:34+08:00,7,1643748308,Chapter 7：The cabin in the forest,https://www.wattpad.com/1643748308-planet-phoenix-chapter-7%EF%BC%9Athe-cabin-in-the-forest,8,0,1,147.01,2026-07-23T12:00:02Z
2026-07-29T23:00:34+08:00,8,1643748909,Chapter 8：Weird person in the train,https://www.wattpad.com/1643748909-planet-phoenix-chapter-8%EF%BC%9Aweird-person-in-the-train,5,0,0,133.01,2026-07-24T02:00:02Z
2026-07-29T23:00:34+08:00,9,1643749360,Chapter 9：Weird person-1,https://www.wattpad.com/1643749360-planet-phoenix-chapter-9%EF%BC%9Aweird-person-1,1,0,0,119.01,2026-07-24T16:00:03Z
2026-07-29T23:00:34+08:00,10,1643749998,Chapter 10：Weird person-2,https://www.wattpad.com/1643749998-planet-phoenix-chapter-10%EF%BC%9Aweird-person-2,3,0,1,105.01,2026-07-25T06:00:02Z
2026-07-29T23:00:34+08:00,11,1643750323,Chapter 11：Weird person-3,https://www.wattpad.com/1643750323-planet-phoenix-chapter-11%EF%BC%9Aweird-person-3,2,0,1,91.01,2026-07-25T20:00:02Z
2026-07-29T23:00:34+08:00,12,1643751148,Chapter 12：Homestead,https://www.wattpad.com/1643751148-planet-phoenix-chapter-12%EF%BC%9Ahomestead,0,0,0,77.01,2026-07-26T10:00:03Z
2026-07-29T23:00:34+08:00,13,1643843952,Chapter 13：Report anomalous individuals-1,https://www.wattpad.com/1643843952-planet-phoenix-chapter-13%EF%BC%9Areport-anomalous,0,0,0,63.01,2026-07-27T00:00:02Z
2026-07-29T23:00:34+08:00,14,1643844249,Chapter 14：Report anomalous individuals-2,https://www.wattpad.com/1643844249-planet-phoenix-chapter-14%EF%BC%9Areport-anomalous,0,0,0,49.01,2026-07-27T14:00:03Z
2026-07-29T23:00:34+08:00,15,1643844641,Chapter 15：Report anomalous individuals-3,https://www.wattpad.com/1643844641-planet-phoenix-chapter-15%EF%BC%9Areport-anomalous,1,0,0,35.01,2026-07-28T04:00:03Z
2026-07-29T23:00:34+08:00,16,1643845149,Chapter 16：The Journey of Common Sense-1,https://www.wattpad.com/1643845149-planet-phoenix-chapter-16%EF%BC%9Athe-journey-of-common,2,1,0,21.01,2026-07-28T18:00:03Z
2026-07-29T23:00:34+08:00,17,1643845633,Chapter 17：The Journey of Common Sense-2,https://www.wattpad.com/1643845633-planet-phoenix-chapter-17%EF%BC%9Athe-journey-of-common,0,0,0,7.01,2026-07-29T08:00:02Z
2026-07-30T00:00:42+08:00,1,1643734560,Chapter 1 massive earthquake-1,https://www.wattpad.com/1643734560-planet-phoenix-chapter-1-massive-earthquake-1,11,0,0,232.01,2026-07-20T00:00:02Z
2026-07-30T00:00:42+08:00,2,1643743618,Chapter 2 massive earthquake-2,https://www.wattpad.com/1643743618-planet-phoenix-chapter-2-massive-earthquake-2,9,0,0,218.01,2026-07-20T14:00:02Z
2026-07-30T00:00:42+08:00,3,1643746352,Chapter 3 massive earthquake-3,https://www.wattpad.com/1643746352-planet-phoenix-chapter-3-massive-earthquake-3,5,0,0,204.01,2026-07-21T04:00:02Z
2026-07-30T00:00:42+08:00,4,1643746654,Chapter 4 massive earthquake-4,https://www.wattpad.com/1643746654-planet-phoenix-chapter-4-massive-earthquake-4,9,1,-1,190.01,2026-07-21T18:00:02Z
2026-07-30T00:00:42+08:00,5,1643747136,Chapter 5 Escape from death,https://www.wattpad.com/1643747136-planet-phoenix-chapter-5-escape-from-death,1,0,0,176.01,2026-07-22T08:00:03Z
2026-07-30T00:00:42+08:00,6,1643747955,Chapter 6：Interlude,https://www.wattpad.com/1643747955-planet-phoenix-chapter-6%EF%BC%9Ainterlude,7,0,0,162.01,2026-07-22T22:00:02Z
2026-07-30T00:00:42+08:00,7,1643748308,Chapter 7：The cabin in the forest,https://www.wattpad.com/1643748308-planet-phoenix-chapter-7%EF%BC%9Athe-cabin-in-the-forest,8,0,1,148.01,2026-07-23T12:00:02Z
2026-07-30T00:00:42+08:00,8,1643748909,Chapter 8：Weird person in the train,https://www.wattpad.com/1643748909-planet-phoenix-chapter-8%EF%BC%9Aweird-person-in-the-train,5,0,0,134.01,2026-07-24T02:00:02Z
2026-07-30T00:00:42+08:00,9,1643749360,Chapter 9：Weird person-1,https://www.wattpad.com/1643749360-planet-phoenix-chapter-9%EF%BC%9Aweird-person-1,1,0,0,120.01,2026-07-24T16:00:03Z
2026-07-30T00:00:42+08:00,10,1643749998,Chapter 10：Weird person-2,https://www.wattpad.com/1643749998-planet-phoenix-chapter-10%EF%BC%9Aweird-person-2,3,0,1,106.01,2026-07-25T06:00:02Z
2026-07-30T00:00:42+08:00,11,1643750323,Chapter 11：Weird person-3,https://www.wattpad.com/1643750323-planet-phoenix-chapter-11%EF%BC%9Aweird-person-3,2,0,1,92.01,2026-07-25T20:00:02Z
2026-07-30T00:00:42+08:00,12,1643751148,Chapter 12：Homestead,https://www.wattpad.com/1643751148-planet-phoenix-chapter-12%EF%BC%9Ahomestead,0,0,0,78.01,2026-07-26T10:00:03Z
2026-07-30T00:00:42+08:00,13,1643843952,Chapter 13：Report anomalous individuals-1,https://www.wattpad.com/1643843952-planet-phoenix-chapter-13%EF%BC%9Areport-anomalous,0,0,0,64.01,2026-07-27T00:00:02Z
2026-07-30T00:00:42+08:00,14,1643844249,Chapter 14：Report anomalous individuals-2,https://www.wattpad.com/1643844249-planet-phoenix-chapter-14%EF%BC%9Areport-anomalous,0,0,0,50.01,2026-07-27T14:00:03Z
2026-07-30T00:00:42+08:00,15,1643844641,Chapter 15：Report anomalous individuals-3,https://www.wattpad.com/1643844641-planet-phoenix-chapter-15%EF%BC%9Areport-anomalous,1,0,0,36.01,2026-07-28T04:00:03Z
2026-07-30T00:00:42+08:00,16,1643845149,Chapter 16：The Journey of Common Sense-1,https://www.wattpad.com/1643845149-planet-phoenix-chapter-16%EF%BC%9Athe-journey-of-common,2,1,0,22.01,2026-07-28T18:00:03Z
2026-07-30T00:00:42+08:00,17,1643845633,Chapter 17：The Journey of Common Sense-2,https://www.wattpad.com/1643845633-planet-phoenix-chapter-17%EF%BC%9Athe-journey-of-common,0,0,0,8.01,2026-07-29T08:00:02Z
2026-07-30T01:00:39+08:00,1,1643734560,Chapter 1 massive earthquake-1,https://www.wattpad.com/1643734560-planet-phoenix-chapter-1-massive-earthquake-1,11,0,0,233.01,2026-07-20T00:00:02Z
2026-07-30T01:00:39+08:00,2,1643743618,Chapter 2 massive earthquake-2,https://www.wattpad.com/1643743618-planet-phoenix-chapter-2-massive-earthquake-2,9,0,0,219.01,2026-07-20T14:00:02Z
2026-07-30T01:00:39+08:00,3,1643746352,Chapter 3 massive earthquake-3,https://www.wattpad.com/1643746352-planet-phoenix-chapter-3-massive-earthquake-3,5,0,0,205.01,2026-07-21T04:00:02Z
2026-07-30T01:00:39+08:00,4,1643746654,Chapter 4 massive earthquake-4,https://www.wattpad.com/1643746654-planet-phoenix-chapter-4-massive-earthquake-4,9,1,-1,191.01,2026-07-21T18:00:02Z
2026-07-30T01:00:39+08:00,5,1643747136,Chapter 5 Escape from death,https://www.wattpad.com/1643747136-planet-phoenix-chapter-5-escape-from-death,1,0,0,177.01,2026-07-22T08:00:03Z
2026-07-30T01:00:39+08:00,6,1643747955,Chapter 6：Interlude,https://www.wattpad.com/1643747955-planet-phoenix-chapter-6%EF%BC%9Ainterlude,7,0,0,163.01,2026-07-22T22:00:02Z
2026-07-30T01:00:39+08:00,7,1643748308,Chapter 7：The cabin in the forest,https://www.wattpad.com/1643748308-planet-phoenix-chapter-7%EF%BC%9Athe-cabin-in-the-forest,8,0,1,149.01,2026-07-23T12:00:02Z
2026-07-30T01:00:39+08:00,8,1643748909,Chapter 8：Weird person in the train,https://www.wattpad.com/1643748909-planet-phoenix-chapter-8%EF%BC%9Aweird-person-in-the-train,5,0,0,135.01,2026-07-24T02:00:02Z
2026-07-30T01:00:39+08:00,9,1643749360,Chapter 9：Weird person-1,https://www.wattpad.com/1643749360-planet-phoenix-chapter-9%EF%BC%9Aweird-person-1,1,0,0,121.01,2026-07-24T16:00:03Z
2026-07-30T01:00:39+08:00,10,1643749998,Chapter 10：Weird person-2,https://www.wattpad.com/1643749998-planet-phoenix-chapter-10%EF%BC%9Aweird-person-2,3,0,1,107.01,2026-07-25T06:00:02Z
2026-07-30T01:00:39+08:00,11,1643750323,Chapter 11：Weird person-3,https://www.wattpad.com/1643750323-planet-phoenix-chapter-11%EF%BC%9Aweird-person-3,2,0,1,93.01,2026-07-25T20:00:02Z
2026-07-30T01:00:39+08:00,12,1643751148,Chapter 12：Homestead,https://www.wattpad.com/1643751148-planet-phoenix-chapter-12%EF%BC%9Ahomestead,0,0,0,79.01,2026-07-26T10:00:03Z
2026-07-30T01:00:39+08:00,13,1643843952,Chapter 13：Report anomalous individuals-1,https://www.wattpad.com/1643843952-planet-phoenix-chapter-13%EF%BC%9Areport-anomalous,0,0,0,65.01,2026-07-27T00:00:02Z
2026-07-30T01:00:39+08:00,14,1643844249,Chapter 14：Report anomalous individuals-2,https://www.wattpad.com/1643844249-planet-phoenix-chapter-14%EF%BC%9Areport-anomalous,0,0,0,51.01,2026-07-27T14:00:03Z
2026-07-30T01:00:39+08:00,15,1643844641,Chapter 15：Report anomalous individuals-3,https://www.wattpad.com/1643844641-planet-phoenix-chapter-15%EF%BC%9Areport-anomalous,1,0,0,37.01,2026-07-28T04:00:03Z
2026-07-30T01:00:39+08:00,16,1643845149,Chapter 16：The Journey of Common Sense-1,https://www.wattpad.com/1643845149-planet-phoenix-chapter-16%EF%BC%9Athe-journey-of-common,2,1,0,23.01,2026-07-28T18:00:03Z
2026-07-30T01:00:39+08:00,17,1643845633,Chapter 17：The Journey of Common Sense-2,https://www.wattpad.com/1643845633-planet-phoenix-chapter-17%EF%BC%9Athe-journey-of-common,0,0,0,9.01,2026-07-29T08:00:02Z
2026-07-30T02:00:31+08:00,1,1643734560,Chapter 1 massive earthquake-1,https://www.wattpad.com/1643734560-planet-phoenix-chapter-1-massive-earthquake-1,11,0,0,234.01,2026-07-20T00:00:02Z
2026-07-30T02:00:31+08:00,2,1643743618,Chapter 2 massive earthquake-2,https://www.wattpad.com/1643743618-planet-phoenix-chapter-2-massive-earthquake-2,9,0,0,220.01,2026-07-20T14:00:02Z
2026-07-30T02:00:31+08:00,3,1643746352,Chapter 3 massive earthquake-3,https://www.wattpad.com/1643746352-planet-phoenix-chapter-3-massive-earthquake-3,5,0,0,206.01,2026-07-21T04:00:02Z
2026-07-30T02:00:31+08:00,4,1643746654,Chapter 4 massive earthquake-4,https://www.wattpad.com/1643746654-planet-phoenix-chapter-4-massive-earthquake-4,9,1,-1,192.01,2026-07-21T18:00:02Z
2026-07-30T02:00:31+08:00,5,1643747136,Chapter 5 Escape from death,https://www.wattpad.com/1643747136-planet-phoenix-chapter-5-escape-from-death,1,0,0,178.01,2026-07-22T08:00:03Z
2026-07-30T02:00:31+08:00,6,1643747955,Chapter 6：Interlude,https://www.wattpad.com/1643747955-planet-phoenix-chapter-6%EF%BC%9Ainterlude,7,0,0,164.01,2026-07-22T22:00:02Z
2026-07-30T02:00:31+08:00,7,1643748308,Chapter 7：The cabin in the forest,https://www.wattpad.com/1643748308-planet-phoenix-chapter-7%EF%BC%9Athe-cabin-in-the-forest,8,0,1,150.01,2026-07-23T12:00:02Z
2026-07-30T02:00:31+08:00,8,1643748909,Chapter 8：Weird person in the train,https://www.wattpad.com/1643748909-planet-phoenix-chapter-8%EF%BC%9Aweird-person-in-the-train,5,0,0,136.01,2026-07-24T02:00:02Z
2026-07-30T02:00:31+08:00,9,1643749360,Chapter 9：Weird person-1,https://www.wattpad.com/1643749360-planet-phoenix-chapter-9%EF%BC%9Aweird-person-1,1,0,0,122.01,2026-07-24T16:00:03Z
2026-07-30T02:00:31+08:00,10,1643749998,Chapter 10：Weird person-2,https://www.wattpad.com/1643749998-planet-phoenix-chapter-10%EF%BC%9Aweird-person-2,3,0,1,108.01,2026-07-25T06:00:02Z
2026-07-30T02:00:31+08:00,11,1643750323,Chapter 11：Weird person-3,https://www.wattpad.com/1643750323-planet-phoenix-chapter-11%EF%BC%9Aweird-person-3,2,0,1,94.01,2026-07-25T20:00:02Z
2026-07-30T02:00:31+08:00,12,1643751148,Chapter 12：Homestead,https://www.wattpad.com/1643751148-planet-phoenix-chapter-12%EF%BC%9Ahomestead,0,0,0,80.01,2026-07-26T10:00:03Z
2026-07-30T02:00:31+08:00,13,1643843952,Chapter 13：Report anomalous individuals-1,https://www.wattpad.com/1643843952-planet-phoenix-chapter-13%EF%BC%9Areport-anomalous,0,0,0,66.01,2026-07-27T00:00:02Z
2026-07-30T02:00:31+08:00,14,1643844249,Chapter 14：Report anomalous individuals-2,https://www.wattpad.com/1643844249-planet-phoenix-chapter-14%EF%BC%9Areport-anomalous,0,0,0,52.01,2026-07-27T14:00:03Z
2026-07-30T02:00:31+08:00,15,1643844641,Chapter 15：Report anomalous individuals-3,https://www.wattpad.com/1643844641-planet-phoenix-chapter-15%EF%BC%9Areport-anomalous,1,0,0,38.01,2026-07-28T04:00:03Z
2026-07-30T02:00:31+08:00,16,1643845149,Chapter 16：The Journey of Common Sense-1,https://www.wattpad.com/1643845149-planet-phoenix-chapter-16%EF%BC%9Athe-journey-of-common,2,1,0,24.01,2026-07-28T18:00:03Z
2026-07-30T02:00:31+08:00,17,1643845633,Chapter 17：The Journey of Common Sense-2,https://www.wattpad.com/1643845633-planet-phoenix-chapter-17%EF%BC%9Athe-journey-of-common,0,0,0,10.01,2026-07-29T08:00:02Z
2026-07-30T03:00:40+08:00,1,1643734560,Chapter 1 massive earthquake-1,https://www.wattpad.com/1643734560-planet-phoenix-chapter-1-massive-earthquake-1,11,0,0,235.01,2026-07-20T00:00:02Z
2026-07-30T03:00:40+08:00,2,1643743618,Chapter 2 massive earthquake-2,https://www.wattpad.com/1643743618-planet-phoenix-chapter-2-massive-earthquake-2,9,0,0,221.01,2026-07-20T14:00:02Z
2026-07-30T03:00:40+08:00,3,1643746352,Chapter 3 massive earthquake-3,https://www.wattpad.com/1643746352-planet-phoenix-chapter-3-massive-earthquake-3,5,0,0,207.01,2026-07-21T04:00:02Z
2026-07-30T03:00:40+08:00,4,1643746654,Chapter 4 massive earthquake-4,https://www.wattpad.com/1643746654-planet-phoenix-chapter-4-massive-earthquake-4,9,1,-1,193.01,2026-07-21T18:00:02Z
2026-07-30T03:00:40+08:00,5,1643747136,Chapter 5 Escape from death,https://www.wattpad.com/1643747136-planet-phoenix-chapter-5-escape-from-death,1,0,0,179.01,2026-07-22T08:00:03Z
2026-07-30T03:00:40+08:00,6,1643747955,Chapter 6：Interlude,https://www.wattpad.com/1643747955-planet-phoenix-chapter-6%EF%BC%9Ainterlude,7,0,0,165.01,2026-07-22T22:00:02Z
2026-07-30T03:00:40+08:00,7,1643748308,Chapter 7：The cabin in the forest,https://www.wattpad.com/1643748308-planet-phoenix-chapter-7%EF%BC%9Athe-cabin-in-the-forest,8,0,1,151.01,2026-07-23T12:00:02Z
2026-07-30T03:00:40+08:00,8,1643748909,Chapter 8：Weird person in the train,https://www.wattpad.com/1643748909-planet-phoenix-chapter-8%EF%BC%9Aweird-person-in-the-train,5,0,0,137.01,2026-07-24T02:00:02Z
2026-07-30T03:00:40+08:00,9,1643749360,Chapter 9：Weird person-1,https://www.wattpad.com/1643749360-planet-phoenix-chapter-9%EF%BC%9Aweird-person-1,1,0,0,123.01,2026-07-24T16:00:03Z
2026-07-30T03:00:40+08:00,10,1643749998,Chapter 10：Weird person-2,https://www.wattpad.com/1643749998-planet-phoenix-chapter-10%EF%BC%9Aweird-person-2,3,0,1,109.01,2026-07-25T06:00:02Z
2026-07-30T03:00:40+08:00,11,1643750323,Chapter 11：Weird person-3,https://www.wattpad.com/1643750323-planet-phoenix-chapter-11%EF%BC%9Aweird-person-3,2,0,1,95.01,2026-07-25T20:00:02Z
2026-07-30T03:00:40+08:00,12,1643751148,Chapter 12：Homestead,https://www.wattpad.com/1643751148-planet-phoenix-chapter-12%EF%BC%9Ahomestead,0,0,0,81.01,2026-07-26T10:00:03Z
2026-07-30T03:00:40+08:00,13,1643843952,Chapter 13：Report anomalous individuals-1,https://www.wattpad.com/1643843952-planet-phoenix-chapter-13%EF%BC%9Areport-anomalous,0,0,0,67.01,2026-07-27T00:00:02Z
2026-07-30T03:00:40+08:00,14,1643844249,Chapter 14：Report anomalous individuals-2,https://www.wattpad.com/1643844249-planet-phoenix-chapter-14%EF%BC%9Areport-anomalous,0,0,0,53.01,2026-07-27T14:00:03Z
2026-07-30T03:00:40+08:00,15,1643844641,Chapter 15：Report anomalous individuals-3,https://www.wattpad.com/1643844641-planet-phoenix-chapter-15%EF%BC%9Areport-anomalous,1,0,0,39.01,2026-07-28T04:00:03Z
2026-07-30T03:00:40+08:00,16,1643845149,Chapter 16：The Journey of Common Sense-1,https://www.wattpad.com/1643845149-planet-phoenix-chapter-16%EF%BC%9Athe-journey-of-common,2,1,0,25.01,2026-07-28T18:00:03Z
2026-07-30T03:00:40+08:00,17,1643845633,Chapter 17：The Journey of Common Sense-2,https://www.wattpad.com/1643845633-planet-phoenix-chapter-17%EF%BC%9Athe-journey-of-common,0,0,0,11.01,2026-07-29T08:00:02Z
2026-07-30T04:00:31+08:00,1,1643734560,Chapter 1 massive earthquake-1,https://www.wattpad.com/1643734560-planet-phoenix-chapter-1-massive-earthquake-1,11,0,0,236.01,2026-07-20T00:00:02Z
2026-07-30T04:00:31+08:00,2,1643743618,Chapter 2 massive earthquake-2,https://www.wattpad.com/1643743618-planet-phoenix-chapter-2-massive-earthquake-2,9,0,0,222.01,2026-07-20T14:00:02Z
2026-07-30T04:00:31+08:00,3,1643746352,Chapter 3 massive earthquake-3,https://www.wattpad.com/1643746352-planet-phoenix-chapter-3-massive-earthquake-3,5,0,0,208.01,2026-07-21T04:00:02Z
2026-07-30T04:00:31+08:00,4,1643746654,Chapter 4 massive earthquake-4,https://www.wattpad.com/1643746654-planet-phoenix-chapter-4-massive-earthquake-4,9,1,-1,194.01,2026-07-21T18:00:02Z
2026-07-30T04:00:31+08:00,5,1643747136,Chapter 5 Escape from death,https://www.wattpad.com/1643747136-planet-phoenix-chapter-5-escape-from-death,1,0,0,180.01,2026-07-22T08:00:03Z
2026-07-30T04:00:31+08:00,6,1643747955,Chapter 6：Interlude,https://www.wattpad.com/1643747955-planet-phoenix-chapter-6%EF%BC%9Ainterlude,7,0,0,166.01,2026-07-22T22:00:02Z
2026-07-30T04:00:31+08:00,7,1643748308,Chapter 7：The cabin in the forest,https://www.wattpad.com/1643748308-planet-phoenix-chapter-7%EF%BC%9Athe-cabin-in-the-forest,8,0,1,152.01,2026-07-23T12:00:02Z
2026-07-30T04:00:31+08:00,8,1643748909,Chapter 8：Weird person in the train,https://www.wattpad.com/1643748909-planet-phoenix-chapter-8%EF%BC%9Aweird-person-in-the-train,5,0,0,138.01,2026-07-24T02:00:02Z
2026-07-30T04:00:31+08:00,9,1643749360,Chapter 9：Weird person-1,https://www.wattpad.com/1643749360-planet-phoenix-chapter-9%EF%BC%9Aweird-person-1,1,0,0,124.01,2026-07-24T16:00:03Z
2026-07-30T04:00:31+08:00,10,1643749998,Chapter 10：Weird person-2,https://www.wattpad.com/1643749998-planet-phoenix-chapter-10%EF%BC%9Aweird-person-2,3,0,1,110.01,2026-07-25T06:00:02Z
2026-07-30T04:00:31+08:00,11,1643750323,Chapter 11：Weird person-3,https://www.wattpad.com/1643750323-planet-phoenix-chapter-11%EF%BC%9Aweird-person-3,2,0,1,96.01,2026-07-25T20:00:02Z
2026-07-30T04:00:31+08:00,12,1643751148,Chapter 12：Homestead,https://www.wattpad.com/1643751148-planet-phoenix-chapter-12%EF%BC%9Ahomestead,0,0,0,82.01,2026-07-26T10:00:03Z
2026-07-30T04:00:31+08:00,13,1643843952,Chapter 13：Report anomalous individuals-1,https://www.wattpad.com/1643843952-planet-phoenix-chapter-13%EF%BC%9Areport-anomalous,0,0,0,68.01,2026-07-27T00:00:02Z
2026-07-30T04:00:31+08:00,14,1643844249,Chapter 14：Report anomalous individuals-2,https://www.wattpad.com/1643844249-planet-phoenix-chapter-14%EF%BC%9Areport-anomalous,0,0,0,54.01,2026-07-27T14:00:03Z
2026-07-30T04:00:31+08:00,15,1643844641,Chapter 15：Report anomalous individuals-3,https://www.wattpad.com/1643844641-planet-phoenix-chapter-15%EF%BC%9Areport-anomalous,1,0,0,40.01,2026-07-28T04:00:03Z
2026-07-30T04:00:31+08:00,16,1643845149,Chapter 16：The Journey of Common Sense-1,https://www.wattpad.com/1643845149-planet-phoenix-chapter-16%EF%BC%9Athe-journey-of-common,2,1,0,26.01,2026-07-28T18:00:03Z
2026-07-30T04:00:31+08:00,17,1643845633,Chapter 17：The Journey of Common Sense-2,https://www.wattpad.com/1643845633-planet-phoenix-chapter-17%EF%BC%9Athe-journey-of-common,0,0,0,12.01,2026-07-29T08:00:02Z
2026-07-30T05:00:32+08:00,1,1643734560,Chapter 1 massive earthquake-1,https://www.wattpad.com/1643734560-planet-phoenix-chapter-1-massive-earthquake-1,12,0,0,237.01,2026-07-20T00:00:02Z
2026-07-30T05:00:32+08:00,2,1643743618,Chapter 2 massive earthquake-2,https://www.wattpad.com/1643743618-planet-phoenix-chapter-2-massive-earthquake-2,10,1,0,223.01,2026-07-20T14:00:02Z
2026-07-30T05:00:32+08:00,3,1643746352,Chapter 3 massive earthquake-3,https://www.wattpad.com/1643746352-planet-phoenix-chapter-3-massive-earthquake-3,5,0,0,209.01,2026-07-21T04:00:02Z
2026-07-30T05:00:32+08:00,4,1643746654,Chapter 4 massive earthquake-4,https://www.wattpad.com/1643746654-planet-phoenix-chapter-4-massive-earthquake-4,9,1,-1,195.01,2026-07-21T18:00:02Z
2026-07-30T05:00:32+08:00,5,1643747136,Chapter 5 Escape from death,https://www.wattpad.com/1643747136-planet-phoenix-chapter-5-escape-from-death,1,0,0,181.01,2026-07-22T08:00:03Z
2026-07-30T05:00:32+08:00,6,1643747955,Chapter 6：Interlude,https://www.wattpad.com/1643747955-planet-phoenix-chapter-6%EF%BC%9Ainterlude,7,0,0,167.01,2026-07-22T22:00:02Z
2026-07-30T05:00:32+08:00,7,1643748308,Chapter 7：The cabin in the forest,https://www.wattpad.com/1643748308-planet-phoenix-chapter-7%EF%BC%9Athe-cabin-in-the-forest,8,0,1,153.01,2026-07-23T12:00:02Z
2026-07-30T05:00:32+08:00,8,1643748909,Chapter 8：Weird person in the train,https://www.wattpad.com/1643748909-planet-phoenix-chapter-8%EF%BC%9Aweird-person-in-the-train,5,0,0,139.01,2026-07-24T02:00:02Z
2026-07-30T05:00:32+08:00,9,1643749360,Chapter 9：Weird person-1,https://www.wattpad.com/1643749360-planet-phoenix-chapter-9%EF%BC%9Aweird-person-1,1,0,0,125.01,2026-07-24T16:00:03Z
2026-07-30T05:00:32+08:00,10,1643749998,Chapter 10：Weird person-2,https://www.wattpad.com/1643749998-planet-phoenix-chapter-10%EF%BC%9Aweird-person-2,3,0,1,111.01,2026-07-25T06:00:02Z
2026-07-30T05:00:32+08:00,11,1643750323,Chapter 11：Weird person-3,https://www.wattpad.com/1643750323-planet-phoenix-chapter-11%EF%BC%9Aweird-person-3,2,0,1,97.01,2026-07-25T20:00:02Z
2026-07-30T05:00:32+08:00,12,1643751148,Chapter 12：Homestead,https://www.wattpad.com/1643751148-planet-phoenix-chapter-12%EF%BC%9Ahomestead,0,0,0,83.01,2026-07-26T10:00:03Z
2026-07-30T05:00:32+08:00,13,1643843952,Chapter 13：Report anomalous individuals-1,https://www.wattpad.com/1643843952-planet-phoenix-chapter-13%EF%BC%9Areport-anomalous,0,0,0,69.01,2026-07-27T00:00:02Z
2026-07-30T05:00:32+08:00,14,1643844249,Chapter 14：Report anomalous individuals-2,https://www.wattpad.com/1643844249-planet-phoenix-chapter-14%EF%BC%9Areport-anomalous,0,0,0,55.01,2026-07-27T14:00:03Z
2026-07-30T05:00:32+08:00,15,1643844641,Chapter 15：Report anomalous individuals-3,https://www.wattpad.com/1643844641-planet-phoenix-chapter-15%EF%BC%9Areport-anomalous,1,0,0,41.01,2026-07-28T04:00:03Z
2026-07-30T05:00:32+08:00,16,1643845149,Chapter 16：The Journey of Common Sense-1,https://www.wattpad.com/1643845149-planet-phoenix-chapter-16%EF%BC%9Athe-journey-of-common,2,1,0,27.01,2026-07-28T18:00:03Z
2026-07-30T05:00:32+08:00,17,1643845633,Chapter 17：The Journey of Common Sense-2,https://www.wattpad.com/1643845633-planet-phoenix-chapter-17%EF%BC%9Athe-journey-of-common,0,0,0,13.01,2026-07-29T08:00:02Z
2026-07-30T06:00:33+08:00,1,1643734560,Chapter 1 massive earthquake-1,https://www.wattpad.com/1643734560-planet-phoenix-chapter-1-massive-earthquake-1,12,0,0,238.01,2026-07-20T00:00:02Z
2026-07-30T06:00:33+08:00,2,1643743618,Chapter 2 massive earthquake-2,https://www.wattpad.com/1643743618-planet-phoenix-chapter-2-massive-earthquake-2,10,1,0,224.01,2026-07-20T14:00:02Z
2026-07-30T06:00:33+08:00,3,1643746352,Chapter 3 massive earthquake-3,https://www.wattpad.com/1643746352-planet-phoenix-chapter-3-massive-earthquake-3,5,0,0,210.01,2026-07-21T04:00:02Z
2026-07-30T06:00:33+08:00,4,1643746654,Chapter 4 massive earthquake-4,https://www.wattpad.com/1643746654-planet-phoenix-chapter-4-massive-earthquake-4,9,1,-1,196.01,2026-07-21T18:00:02Z
2026-07-30T06:00:33+08:00,5,1643747136,Chapter 5 Escape from death,https://www.wattpad.com/1643747136-planet-phoenix-chapter-5-escape-from-death,1,0,0,182.01,2026-07-22T08:00:03Z
2026-07-30T06:00:33+08:00,6,1643747955,Chapter 6：Interlude,https://www.wattpad.com/1643747955-planet-phoenix-chapter-6%EF%BC%9Ainterlude,7,0,0,168.01,2026-07-22T22:00:02Z
2026-07-30T06:00:33+08:00,7,1643748308,Chapter 7：The cabin in the forest,https://www.wattpad.com/1643748308-planet-phoenix-chapter-7%EF%BC%9Athe-cabin-in-the-forest,8,0,1,154.01,2026-07-23T12:00:02Z
2026-07-30T06:00:33+08:00,8,1643748909,Chapter 8：Weird person in the train,https://www.wattpad.com/1643748909-planet-phoenix-chapter-8%EF%BC%9Aweird-person-in-the-train,5,0,0,140.01,2026-07-24T02:00:02Z
2026-07-30T06:00:33+08:00,9,1643749360,Chapter 9：Weird person-1,https://www.wattpad.com/1643749360-planet-phoenix-chapter-9%EF%BC%9Aweird-person-1,1,0,0,126.01,2026-07-24T16:00:03Z
2026-07-30T06:00:33+08:00,10,1643749998,Chapter 10：Weird person-2,https://www.wattpad.com/1643749998-planet-phoenix-chapter-10%EF%BC%9Aweird-person-2,3,0,1,112.01,2026-07-25T06:00:02Z
2026-07-30T06:00:33+08:00,11,1643750323,Chapter 11：Weird person-3,https://www.wattpad.com/1643750323-planet-phoenix-chapter-11%EF%BC%9Aweird-person-3,2,0,1,98.01,2026-07-25T20:00:02Z
2026-07-30T06:00:33+08:00,12,1643751148,Chapter 12：Homestead,https://www.wattpad.com/1643751148-planet-phoenix-chapter-12%EF%BC%9Ahomestead,0,0,0,84.01,2026-07-26T10:00:03Z
2026-07-30T06:00:33+08:00,13,1643843952,Chapter 13：Report anomalous individuals-1,https://www.wattpad.com/1643843952-planet-phoenix-chapter-13%EF%BC%9Areport-anomalous,0,0,0,70.01,2026-07-27T00:00:02Z
2026-07-30T06:00:33+08:00,14,1643844249,Chapter 14：Report anomalous individuals-2,https://www.wattpad.com/1643844249-planet-phoenix-chapter-14%EF%BC%9Areport-anomalous,0,0,0,56.01,2026-07-27T14:00:03Z
2026-07-30T06:00:33+08:00,15,1643844641,Chapter 15：Report anomalous individuals-3,https://www.wattpad.com/1643844641-planet-phoenix-chapter-15%EF%BC%9Areport-anomalous,1,0,0,42.01,2026-07-28T04:00:03Z
2026-07-30T06:00:33+08:00,16,1643845149,Chapter 16：The Journey of Common Sense-1,https://www.wattpad.com/1643845149-planet-phoenix-chapter-16%EF%BC%9Athe-journey-of-common,2,1,0,28.01,2026-07-28T18:00:03Z
2026-07-30T06:00:33+08:00,17,1643845633,Chapter 17：The Journey of Common Sense-2,https://www.wattpad.com/1643845633-planet-phoenix-chapter-17%EF%BC%9Athe-journey-of-common,0,0,0,14.01,2026-07-29T08:00:02Z
2026-07-30T06:00:33+08:00,18,1643845966,Chapter 18：The Journey of Common Sense-3,https://www.wattpad.com/1643845966-planet-phoenix-chapter-18%EF%BC%9Athe-journey-of-common,0,0,0,0.01,2026-07-29T22:00:02Z
2026-07-30T07:00:35+08:00,1,1643734560,Chapter 1 massive earthquake-1,https://www.wattpad.com/1643734560-planet-phoenix-chapter-1-massive-earthquake-1,12,0,0,239.01,2026-07-20T00:00:02Z
2026-07-30T07:00:35+08:00,2,1643743618,Chapter 2 massive earthquake-2,https://www.wattpad.com/1643743618-planet-phoenix-chapter-2-massive-earthquake-2,10,1,0,225.01,2026-07-20T14:00:02Z
2026-07-30T07:00:35+08:00,3,1643746352,Chapter 3 massive earthquake-3,https://www.wattpad.com/1643746352-planet-phoenix-chapter-3-massive-earthquake-3,5,0,0,211.01,2026-07-21T04:00:02Z
2026-07-30T07:00:35+08:00,4,1643746654,Chapter 4 massive earthquake-4,https://www.wattpad.com/1643746654-planet-phoenix-chapter-4-massive-earthquake-4,9,1,-1,197.01,2026-07-21T18:00:02Z
2026-07-30T07:00:35+08:00,5,1643747136,Chapter 5 Escape from death,https://www.wattpad.com/1643747136-planet-phoenix-chapter-5-escape-from-death,1,0,0,183.01,2026-07-22T08:00:03Z
2026-07-30T07:00:35+08:00,6,1643747955,Chapter 6：Interlude,https://www.wattpad.com/1643747955-planet-phoenix-chapter-6%EF%BC%9Ainterlude,7,0,0,169.01,2026-07-22T22:00:02Z
2026-07-30T07:00:35+08:00,7,1643748308,Chapter 7：The cabin in the forest,https://www.wattpad.com/1643748308-planet-phoenix-chapter-7%EF%BC%9Athe-cabin-in-the-forest,8,0,1,155.01,2026-07-23T12:00:02Z
2026-07-30T07:00:35+08:00,8,1643748909,Chapter 8：Weird person in the train,https://www.wattpad.com/1643748909-planet-phoenix-chapter-8%EF%BC%9Aweird-person-in-the-train,5,0,0,141.01,2026-07-24T02:00:02Z
2026-07-30T07:00:35+08:00,9,1643749360,Chapter 9：Weird person-1,https://www.wattpad.com/1643749360-planet-phoenix-chapter-9%EF%BC%9Aweird-person-1,1,0,0,127.01,2026-07-24T16:00:03Z
2026-07-30T07:00:35+08:00,10,1643749998,Chapter 10：Weird person-2,https://www.wattpad.com/1643749998-planet-phoenix-chapter-10%EF%BC%9Aweird-person-2,3,0,1,113.01,2026-07-25T06:00:02Z
2026-07-30T07:00:35+08:00,11,1643750323,Chapter 11：Weird person-3,https://www.wattpad.com/1643750323-planet-phoenix-chapter-11%EF%BC%9Aweird-person-3,2,0,1,99.01,2026-07-25T20:00:02Z
2026-07-30T07:00:35+08:00,12,1643751148,Chapter 12：Homestead,https://www.wattpad.com/1643751148-planet-phoenix-chapter-12%EF%BC%9Ahomestead,0,0,0,85.01,2026-07-26T10:00:03Z
2026-07-30T07:00:35+08:00,13,1643843952,Chapter 13：Report anomalous individuals-1,https://www.wattpad.com/1643843952-planet-phoenix-chapter-13%EF%BC%9Areport-anomalous,0,0,0,71.01,2026-07-27T00:00:02Z
2026-07-30T07:00:35+08:00,14,1643844249,Chapter 14：Report anomalous individuals-2,https://www.wattpad.com/1643844249-planet-phoenix-chapter-14%EF%BC%9Areport-anomalous,0,0,0,57.01,2026-07-27T14:00:03Z
2026-07-30T07:00:35+08:00,15,1643844641,Chapter 15：Report anomalous individuals-3,https://www.wattpad.com/1643844641-planet-phoenix-chapter-15%EF%BC%9Areport-anomalous,1,0,0,43.01,2026-07-28T04:00:03Z
2026-07-30T07:00:35+08:00,16,1643845149,Chapter 16：The Journey of Common Sense-1,https://www.wattpad.com/1643845149-planet-phoenix-chapter-16%EF%BC%9Athe-journey-of-common,2,1,0,29.01,2026-07-28T18:00:03Z
2026-07-30T07:00:35+08:00,17,1643845633,Chapter 17：The Journey of Common Sense-2,https://www.wattpad.com/1643845633-planet-phoenix-chapter-17%EF%BC%9Athe-journey-of-common,0,0,0,15.01,2026-07-29T08:00:02Z
2026-07-30T07:00:35+08:00,18,1643845966,Chapter 18：The Journey of Common Sense-3,https://www.wattpad.com/1643845966-planet-phoenix-chapter-18%EF%BC%9Athe-journey-of-common,0,0,0,1.01,2026-07-29T22:00:02Z
2026-07-30T08:00:31+08:00,1,1643734560,Chapter 1 massive earthquake-1,https://www.wattpad.com/1643734560-planet-phoenix-chapter-1-massive-earthquake-1,13,0,0,240.01,2026-07-20T00:00:02Z
2026-07-30T08:00:31+08:00,2,1643743618,Chapter 2 massive earthquake-2,https://www.wattpad.com/1643743618-planet-phoenix-chapter-2-massive-earthquake-2,11,1,0,226.01,2026-07-20T14:00:02Z
2026-07-30T08:00:31+08:00,3,1643746352,Chapter 3 massive earthquake-3,https://www.wattpad.com/1643746352-planet-phoenix-chapter-3-massive-earthquake-3,5,0,0,212.01,2026-07-21T04:00:02Z
2026-07-30T08:00:31+08:00,4,1643746654,Chapter 4 massive earthquake-4,https://www.wattpad.com/1643746654-planet-phoenix-chapter-4-massive-earthquake-4,9,1,-1,198.01,2026-07-21T18:00:02Z
2026-07-30T08:00:31+08:00,5,1643747136,Chapter 5 Escape from death,https://www.wattpad.com/1643747136-planet-phoenix-chapter-5-escape-from-death,1,0,0,184.01,2026-07-22T08:00:03Z
2026-07-30T08:00:31+08:00,6,1643747955,Chapter 6：Interlude,https://www.wattpad.com/1643747955-planet-phoenix-chapter-6%EF%BC%9Ainterlude,7,0,0,170.01,2026-07-22T22:00:02Z
2026-07-30T08:00:31+08:00,7,1643748308,Chapter 7：The cabin in the forest,https://www.wattpad.com/1643748308-planet-phoenix-chapter-7%EF%BC%9Athe-cabin-in-the-forest,8,0,1,156.01,2026-07-23T12:00:02Z
2026-07-30T08:00:31+08:00,8,1643748909,Chapter 8：Weird person in the train,https://www.wattpad.com/1643748909-planet-phoenix-chapter-8%EF%BC%9Aweird-person-in-the-train,5,0,0,142.01,2026-07-24T02:00:02Z
2026-07-30T08:00:31+08:00,9,1643749360,Chapter 9：Weird person-1,https://www.wattpad.com/1643749360-planet-phoenix-chapter-9%EF%BC%9Aweird-person-1,1,0,0,128.01,2026-07-24T16:00:03Z
2026-07-30T08:00:31+08:00,10,1643749998,Chapter 10：Weird person-2,https://www.wattpad.com/1643749998-planet-phoenix-chapter-10%EF%BC%9Aweird-person-2,3,0,1,114.01,2026-07-25T06:00:02Z
2026-07-30T08:00:31+08:00,11,1643750323,Chapter 11：Weird person-3,https://www.wattpad.com/1643750323-planet-phoenix-chapter-11%EF%BC%9Aweird-person-3,2,0,1,100.01,2026-07-25T20:00:02Z
2026-07-30T08:00:31+08:00,12,1643751148,Chapter 12：Homestead,https://www.wattpad.com/1643751148-planet-phoenix-chapter-12%EF%BC%9Ahomestead,0,0,0,86.01,2026-07-26T10:00:03Z
2026-07-30T08:00:31+08:00,13,1643843952,Chapter 13：Report anomalous individuals-1,https://www.wattpad.com/1643843952-planet-phoenix-chapter-13%EF%BC%9Areport-anomalous,0,0,0,72.01,2026-07-27T00:00:02Z
2026-07-30T08:00:31+08:00,14,1643844249,Chapter 14：Report anomalous individuals-2,https://www.wattpad.com/1643844249-planet-phoenix-chapter-14%EF%BC%9Areport-anomalous,0,0,0,58.01,2026-07-27T14:00:03Z
2026-07-30T08:00:31+08:00,15,1643844641,Chapter 15：Report anomalous individuals-3,https://www.wattpad.com/1643844641-planet-phoenix-chapter-15%EF%BC%9Areport-anomalous,1,0,0,44.01,2026-07-28T04:00:03Z
2026-07-30T08:00:31+08:00,16,1643845149,Chapter 16：The Journey of Common Sense-1,https://www.wattpad.com/1643845149-planet-phoenix-chapter-16%EF%BC%9Athe-journey-of-common,2,1,0,30.01,2026-07-28T18:00:03Z
2026-07-30T08:00:31+08:00,17,1643845633,Chapter 17：The Journey of Common Sense-2,https://www.wattpad.com/1643845633-planet-phoenix-chapter-17%EF%BC%9Athe-journey-of-common,0,0,0,16.01,2026-07-29T08:00:02Z
2026-07-30T08:00:31+08:00,18,1643845966,Chapter 18：The Journey of Common Sense-3,https://www.wattpad.com/1643845966-planet-phoenix-chapter-18%EF%BC%9Athe-journey-of-common,0,0,0,2.01,2026-07-29T22:00:02Z
2026-07-30T09:00:30+08:00,1,1643734560,Chapter 1 massive earthquake-1,https://www.wattpad.com/1643734560-planet-phoenix-chapter-1-massive-earthquake-1,13,0,0,241.01,2026-07-20T00:00:02Z
2026-07-30T09:00:30+08:00,2,1643743618,Chapter 2 massive earthquake-2,https://www.wattpad.com/1643743618-planet-phoenix-chapter-2-massive-earthquake-2,11,1,0,227.01,2026-07-20T14:00:02Z
2026-07-30T09:00:30+08:00,3,1643746352,Chapter 3 massive earthquake-3,https://www.wattpad.com/1643746352-planet-phoenix-chapter-3-massive-earthquake-3,5,0,0,213.01,2026-07-21T04:00:02Z
2026-07-30T09:00:30+08:00,4,1643746654,Chapter 4 massive earthquake-4,https://www.wattpad.com/1643746654-planet-phoenix-chapter-4-massive-earthquake-4,9,1,-1,199.01,2026-07-21T18:00:02Z
2026-07-30T09:00:30+08:00,5,1643747136,Chapter 5 Escape from death,https://www.wattpad.com/1643747136-planet-phoenix-chapter-5-escape-from-death,1,0,0,185.01,2026-07-22T08:00:03Z
2026-07-30T09:00:30+08:00,6,1643747955,Chapter 6：Interlude,https://www.wattpad.com/1643747955-planet-phoenix-chapter-6%EF%BC%9Ainterlude,7,0,0,171.01,2026-07-22T22:00:02Z
2026-07-30T09:00:30+08:00,7,1643748308,Chapter 7：The cabin in the forest,https://www.wattpad.com/1643748308-planet-phoenix-chapter-7%EF%BC%9Athe-cabin-in-the-forest,8,0,1,157.01,2026-07-23T12:00:02Z
2026-07-30T09:00:30+08:00,8,1643748909,Chapter 8：Weird person in the train,https://www.wattpad.com/1643748909-planet-phoenix-chapter-8%EF%BC%9Aweird-person-in-the-train,5,0,0,143.01,2026-07-24T02:00:02Z
2026-07-30T09:00:30+08:00,9,1643749360,Chapter 9：Weird person-1,https://www.wattpad.com/1643749360-planet-phoenix-chapter-9%EF%BC%9Aweird-person-1,1,0,0,129.01,2026-07-24T16:00:03Z
2026-07-30T09:00:30+08:00,10,1643749998,Chapter 10：Weird person-2,https://www.wattpad.com/1643749998-planet-phoenix-chapter-10%EF%BC%9Aweird-person-2,3,0,1,115.01,2026-07-25T06:00:02Z
2026-07-30T09:00:30+08:00,11,1643750323,Chapter 11：Weird person-3,https://www.wattpad.com/1643750323-planet-phoenix-chapter-11%EF%BC%9Aweird-person-3,2,0,1,101.01,2026-07-25T20:00:02Z
2026-07-30T09:00:30+08:00,12,1643751148,Chapter 12：Homestead,https://www.wattpad.com/1643751148-planet-phoenix-chapter-12%EF%BC%9Ahomestead,0,0,0,87.01,2026-07-26T10:00:03Z
2026-07-30T09:00:30+08:00,13,1643843952,Chapter 13：Report anomalous individuals-1,https://www.wattpad.com/1643843952-planet-phoenix-chapter-13%EF%BC%9Areport-anomalous,0,0,0,73.01,2026-07-27T00:00:02Z
2026-07-30T09:00:30+08:00,14,1643844249,Chapter 14：Report anomalous individuals-2,https://www.wattpad.com/1643844249-planet-phoenix-chapter-14%EF%BC%9Areport-anomalous,0,0,0,59.01,2026-07-27T14:00:03Z
2026-07-30T09:00:30+08:00,15,1643844641,Chapter 15：Report anomalous individuals-3,https://www.wattpad.com/1643844641-planet-phoenix-chapter-15%EF%BC%9Areport-anomalous,1,0,0,45.01,2026-07-28T04:00:03Z
2026-07-30T09:00:30+08:00,16,1643845149,Chapter 16：The Journey of Common Sense-1,https://www.wattpad.com/1643845149-planet-phoenix-chapter-16%EF%BC%9Athe-journey-of-common,2,1,0,31.01,2026-07-28T18:00:03Z
2026-07-30T09:00:30+08:00,17,1643845633,Chapter 17：The Journey of Common Sense-2,https://www.wattpad.com/1643845633-planet-phoenix-chapter-17%EF%BC%9Athe-journey-of-common,0,0,0,17.01,2026-07-29T08:00:02Z
2026-07-30T09:00:30+08:00,18,1643845966,Chapter 18：The Journey of Common Sense-3,https://www.wattpad.com/1643845966-planet-phoenix-chapter-18%EF%BC%9Athe-journey-of-common,0,0,0,3.01,2026-07-29T22:00:02Z
2026-07-30T10:00:30+08:00,1,1643734560,Chapter 1 massive earthquake-1,https://www.wattpad.com/1643734560-planet-phoenix-chapter-1-massive-earthquake-1,13,0,0,242.01,2026-07-20T00:00:02Z
2026-07-30T10:00:30+08:00,2,1643743618,Chapter 2 massive earthquake-2,https://www.wattpad.com/1643743618-planet-phoenix-chapter-2-massive-earthquake-2,11,1,0,228.01,2026-07-20T14:00:02Z
2026-07-30T10:00:30+08:00,3,1643746352,Chapter 3 massive earthquake-3,https://www.wattpad.com/1643746352-planet-phoenix-chapter-3-massive-earthquake-3,5,0,0,214.01,2026-07-21T04:00:02Z
2026-07-30T10:00:30+08:00,4,1643746654,Chapter 4 massive earthquake-4,https://www.wattpad.com/1643746654-planet-phoenix-chapter-4-massive-earthquake-4,9,1,-1,200.01,2026-07-21T18:00:02Z
2026-07-30T10:00:30+08:00,5,1643747136,Chapter 5 Escape from death,https://www.wattpad.com/1643747136-planet-phoenix-chapter-5-escape-from-death,1,0,0,186.01,2026-07-22T08:00:03Z
2026-07-30T10:00:30+08:00,6,1643747955,Chapter 6：Interlude,https://www.wattpad.com/1643747955-planet-phoenix-chapter-6%EF%BC%9Ainterlude,7,0,0,172.01,2026-07-22T22:00:02Z
2026-07-30T10:00:30+08:00,7,1643748308,Chapter 7：The cabin in the forest,https://www.wattpad.com/1643748308-planet-phoenix-chapter-7%EF%BC%9Athe-cabin-in-the-forest,8,0,1,158.01,2026-07-23T12:00:02Z
2026-07-30T10:00:30+08:00,8,1643748909,Chapter 8：Weird person in the train,https://www.wattpad.com/1643748909-planet-phoenix-chapter-8%EF%BC%9Aweird-person-in-the-train,5,0,0,144.01,2026-07-24T02:00:02Z
2026-07-30T10:00:30+08:00,9,1643749360,Chapter 9：Weird person-1,https://www.wattpad.com/1643749360-planet-phoenix-chapter-9%EF%BC%9Aweird-person-1,1,0,0,130.01,2026-07-24T16:00:03Z
2026-07-30T10:00:30+08:00,10,1643749998,Chapter 10：Weird person-2,https://www.wattpad.com/1643749998-planet-phoenix-chapter-10%EF%BC%9Aweird-person-2,3,0,1,116.01,2026-07-25T06:00:02Z
2026-07-30T10:00:30+08:00,11,1643750323,Chapter 11：Weird person-3,https://www.wattpad.com/1643750323-planet-phoenix-chapter-11%EF%BC%9Aweird-person-3,2,0,1,102.01,2026-07-25T20:00:02Z
2026-07-30T10:00:30+08:00,12,1643751148,Chapter 12：Homestead,https://www.wattpad.com/1643751148-planet-phoenix-chapter-12%EF%BC%9Ahomestead,0,0,0,88.01,2026-07-26T10:00:03Z
2026-07-30T10:00:30+08:00,13,1643843952,Chapter 13：Report anomalous individuals-1,https://www.wattpad.com/1643843952-planet-phoenix-chapter-13%EF%BC%9Areport-anomalous,1,0,0,74.01,2026-07-27T00:00:02Z
2026-07-30T10:00:30+08:00,14,1643844249,Chapter 14：Report anomalous individuals-2,https://www.wattpad.com/1643844249-planet-phoenix-chapter-14%EF%BC%9Areport-anomalous,0,0,0,60.01,2026-07-27T14:00:03Z
2026-07-30T10:00:30+08:00,15,1643844641,Chapter 15：Report anomalous individuals-3,https://www.wattpad.com/1643844641-planet-phoenix-chapter-15%EF%BC%9Areport-anomalous,1,0,0,46.01,2026-07-28T04:00:03Z
2026-07-30T10:00:30+08:00,16,1643845149,Chapter 16：The Journey of Common Sense-1,https://www.wattpad.com/1643845149-planet-phoenix-chapter-16%EF%BC%9Athe-journey-of-common,2,1,0,32.01,2026-07-28T18:00:03Z
2026-07-30T10:00:30+08:00,17,1643845633,Chapter 17：The Journey of Common Sense-2,https://www.wattpad.com/1643845633-planet-phoenix-chapter-17%EF%BC%9Athe-journey-of-common,0,0,0,18.01,2026-07-29T08:00:02Z
2026-07-30T10:00:30+08:00,18,1643845966,Chapter 18：The Journey of Common Sense-3,https://www.wattpad.com/1643845966-planet-phoenix-chapter-18%EF%BC%9Athe-journey-of-common,0,0,0,4.01,2026-07-29T22:00:02Z
2026-07-30T11:00:31+08:00,1,1643734560,Chapter 1 massive earthquake-1,https://www.wattpad.com/1643734560-planet-phoenix-chapter-1-massive-earthquake-1,13,0,0,243.01,2026-07-20T00:00:02Z
2026-07-30T11:00:31+08:00,2,1643743618,Chapter 2 massive earthquake-2,https://www.wattpad.com/1643743618-planet-phoenix-chapter-2-massive-earthquake-2,11,1,0,229.01,2026-07-20T14:00:02Z
2026-07-30T11:00:31+08:00,3,1643746352,Chapter 3 massive earthquake-3,https://www.wattpad.com/1643746352-planet-phoenix-chapter-3-massive-earthquake-3,5,0,0,215.01,2026-07-21T04:00:02Z
2026-07-30T11:00:31+08:00,4,1643746654,Chapter 4 massive earthquake-4,https://www.wattpad.com/1643746654-planet-phoenix-chapter-4-massive-earthquake-4,9,1,-1,201.01,2026-07-21T18:00:02Z
2026-07-30T11:00:31+08:00,5,1643747136,Chapter 5 Escape from death,https://www.wattpad.com/1643747136-planet-phoenix-chapter-5-escape-from-death,1,0,0,187.01,2026-07-22T08:00:03Z
2026-07-30T11:00:31+08:00,6,1643747955,Chapter 6：Interlude,https://www.wattpad.com/1643747955-planet-phoenix-chapter-6%EF%BC%9Ainterlude,7,0,0,173.01,2026-07-22T22:00:02Z
2026-07-30T11:00:31+08:00,7,1643748308,Chapter 7：The cabin in the forest,https://www.wattpad.com/1643748308-planet-phoenix-chapter-7%EF%BC%9Athe-cabin-in-the-forest,8,0,1,159.01,2026-07-23T12:00:02Z
2026-07-30T11:00:31+08:00,8,1643748909,Chapter 8：Weird person in the train,https://www.wattpad.com/1643748909-planet-phoenix-chapter-8%EF%BC%9Aweird-person-in-the-train,5,0,0,145.01,2026-07-24T02:00:02Z
2026-07-30T11:00:31+08:00,9,1643749360,Chapter 9：Weird person-1,https://www.wattpad.com/1643749360-planet-phoenix-chapter-9%EF%BC%9Aweird-person-1,1,0,0,131.01,2026-07-24T16:00:03Z
2026-07-30T11:00:31+08:00,10,1643749998,Chapter 10：Weird person-2,https://www.wattpad.com/1643749998-planet-phoenix-chapter-10%EF%BC%9Aweird-person-2,4,0,1,117.01,2026-07-25T06:00:02Z
2026-07-30T11:00:31+08:00,11,1643750323,Chapter 11：Weird person-3,https://www.wattpad.com/1643750323-planet-phoenix-chapter-11%EF%BC%9Aweird-person-3,3,0,1,103.01,2026-07-25T20:00:02Z
2026-07-30T11:00:31+08:00,12,1643751148,Chapter 12：Homestead,https://www.wattpad.com/1643751148-planet-phoenix-chapter-12%EF%BC%9Ahomestead,0,0,0,89.01,2026-07-26T10:00:03Z
2026-07-30T11:00:31+08:00,13,1643843952,Chapter 13：Report anomalous individuals-1,https://www.wattpad.com/1643843952-planet-phoenix-chapter-13%EF%BC%9Areport-anomalous,1,0,0,75.01,2026-07-27T00:00:02Z
2026-07-30T11:00:31+08:00,14,1643844249,Chapter 14：Report anomalous individuals-2,https://www.wattpad.com/1643844249-planet-phoenix-chapter-14%EF%BC%9Areport-anomalous,0,0,0,61.01,2026-07-27T14:00:03Z
2026-07-30T11:00:31+08:00,15,1643844641,Chapter 15：Report anomalous individuals-3,https://www.wattpad.com/1643844641-planet-phoenix-chapter-15%EF%BC%9Areport-anomalous,1,0,0,47.01,2026-07-28T04:00:03Z
2026-07-30T11:00:31+08:00,16,1643845149,Chapter 16：The Journey of Common Sense-1,https://www.wattpad.com/1643845149-planet-phoenix-chapter-16%EF%BC%9Athe-journey-of-common,2,1,0,33.01,2026-07-28T18:00:03Z
2026-07-30T11:00:31+08:00,17,1643845633,Chapter 17：The Journey of Common Sense-2,https://www.wattpad.com/1643845633-planet-phoenix-chapter-17%EF%BC%9Athe-journey-of-common,0,0,0,19.01,2026-07-29T08:00:02Z
2026-07-30T11:00:31+08:00,18,1643845966,Chapter 18：The Journey of Common Sense-3,https://www.wattpad.com/1643845966-planet-phoenix-chapter-18%EF%BC%9Athe-journey-of-common,0,0,0,5.01,2026-07-29T22:00:02Z
2026-07-30T12:00:32+08:00,1,1643734560,Chapter 1 massive earthquake-1,https://www.wattpad.com/1643734560-planet-phoenix-chapter-1-massive-earthquake-1,13,0,0,244.01,2026-07-20T00:00:02Z
2026-07-30T12:00:32+08:00,2,1643743618,Chapter 2 massive earthquake-2,https://www.wattpad.com/1643743618-planet-phoenix-chapter-2-massive-earthquake-2,11,1,0,230.01,2026-07-20T14:00:02Z
2026-07-30T12:00:32+08:00,3,1643746352,Chapter 3 massive earthquake-3,https://www.wattpad.com/1643746352-planet-phoenix-chapter-3-massive-earthquake-3,5,0,0,216.01,2026-07-21T04:00:02Z
2026-07-30T12:00:32+08:00,4,1643746654,Chapter 4 massive earthquake-4,https://www.wattpad.com/1643746654-planet-phoenix-chapter-4-massive-earthquake-4,9,1,-1,202.01,2026-07-21T18:00:02Z
2026-07-30T12:00:32+08:00,5,1643747136,Chapter 5 Escape from death,https://www.wattpad.com/1643747136-planet-phoenix-chapter-5-escape-from-death,1,0,0,188.01,2026-07-22T08:00:03Z
2026-07-30T12:00:32+08:00,6,1643747955,Chapter 6：Interlude,https://www.wattpad.com/1643747955-planet-phoenix-chapter-6%EF%BC%9Ainterlude,7,0,0,174.01,2026-07-22T22:00:02Z
2026-07-30T12:00:32+08:00,7,1643748308,Chapter 7：The cabin in the forest,https://www.wattpad.com/1643748308-planet-phoenix-chapter-7%EF%BC%9Athe-cabin-in-the-forest,8,0,1,160.01,2026-07-23T12:00:02Z
2026-07-30T12:00:32+08:00,8,1643748909,Chapter 8：Weird person in the train,https://www.wattpad.com/1643748909-planet-phoenix-chapter-8%EF%BC%9Aweird-person-in-the-train,5,0,0,146.01,2026-07-24T02:00:02Z
2026-07-30T12:00:32+08:00,9,1643749360,Chapter 9：Weird person-1,https://www.wattpad.com/1643749360-planet-phoenix-chapter-9%EF%BC%9Aweird-person-1,1,0,0,132.01,2026-07-24T16:00:03Z
2026-07-30T12:00:32+08:00,10,1643749998,Chapter 10：Weird person-2,https://www.wattpad.com/1643749998-planet-phoenix-chapter-10%EF%BC%9Aweird-person-2,4,0,0,118.01,2026-07-25T06:00:02Z
2026-07-30T12:00:32+08:00,11,1643750323,Chapter 11：Weird person-3,https://www.wattpad.com/1643750323-planet-phoenix-chapter-11%EF%BC%9Aweird-person-3,3,0,1,104.01,2026-07-25T20:00:02Z
2026-07-30T12:00:32+08:00,12,1643751148,Chapter 12：Homestead,https://www.wattpad.com/1643751148-planet-phoenix-chapter-12%EF%BC%9Ahomestead,0,0,0,90.01,2026-07-26T10:00:03Z
2026-07-30T12:00:32+08:00,13,1643843952,Chapter 13：Report anomalous individuals-1,https://www.wattpad.com/1643843952-planet-phoenix-chapter-13%EF%BC%9Areport-anomalous,1,0,0,76.01,2026-07-27T00:00:02Z
2026-07-30T12:00:32+08:00,14,1643844249,Chapter 14：Report anomalous individuals-2,https://www.wattpad.com/1643844249-planet-phoenix-chapter-14%EF%BC%9Areport-anomalous,0,0,0,62.01,2026-07-27T14:00:03Z
2026-07-30T12:00:32+08:00,15,1643844641,Chapter 15：Report anomalous individuals-3,https://www.wattpad.com/1643844641-planet-phoenix-chapter-15%EF%BC%9Areport-anomalous,1,0,0,48.01,2026-07-28T04:00:03Z
2026-07-30T12:00:32+08:00,16,1643845149,Chapter 16：The Journey of Common Sense-1,https://www.wattpad.com/1643845149-planet-phoenix-chapter-16%EF%BC%9Athe-journey-of-common,2,1,0,34.01,2026-07-28T18:00:03Z
2026-07-30T12:00:32+08:00,17,1643845633,Chapter 17：The Journey of Common Sense-2,https://www.wattpad.com/1643845633-planet-phoenix-chapter-17%EF%BC%9Athe-journey-of-common,0,0,0,20.01,2026-07-29T08:00:02Z
2026-07-30T12:00:32+08:00,18,1643845966,Chapter 18：The Journey of Common Sense-3,https://www.wattpad.com/1643845966-planet-phoenix-chapter-18%EF%BC%9Athe-journey-of-common,0,0,0,6.01,2026-07-29T22:00:02Z
2026-07-30T13:00:29+08:00,1,1643734560,Chapter 1 massive earthquake-1,https://www.wattpad.com/1643734560-planet-phoenix-chapter-1-massive-earthquake-1,14,0,0,245.01,2026-07-20T00:00:02Z
2026-07-30T13:00:29+08:00,2,1643743618,Chapter 2 massive earthquake-2,https://www.wattpad.com/1643743618-planet-phoenix-chapter-2-massive-earthquake-2,11,1,0,231.01,2026-07-20T14:00:02Z
2026-07-30T13:00:29+08:00,3,1643746352,Chapter 3 massive earthquake-3,https://www.wattpad.com/1643746352-planet-phoenix-chapter-3-massive-earthquake-3,5,0,0,217.01,2026-07-21T04:00:02Z
2026-07-30T13:00:29+08:00,4,1643746654,Chapter 4 massive earthquake-4,https://www.wattpad.com/1643746654-planet-phoenix-chapter-4-massive-earthquake-4,9,1,-1,203.01,2026-07-21T18:00:02Z
2026-07-30T13:00:29+08:00,5,1643747136,Chapter 5 Escape from death,https://www.wattpad.com/1643747136-planet-phoenix-chapter-5-escape-from-death,1,0,0,189.01,2026-07-22T08:00:03Z
2026-07-30T13:00:29+08:00,6,1643747955,Chapter 6：Interlude,https://www.wattpad.com/1643747955-planet-phoenix-chapter-6%EF%BC%9Ainterlude,7,0,0,175.01,2026-07-22T22:00:02Z
2026-07-30T13:00:29+08:00,7,1643748308,Chapter 7：The cabin in the forest,https://www.wattpad.com/1643748308-planet-phoenix-chapter-7%EF%BC%9Athe-cabin-in-the-forest,8,0,1,161.01,2026-07-23T12:00:02Z
2026-07-30T13:00:29+08:00,8,1643748909,Chapter 8：Weird person in the train,https://www.wattpad.com/1643748909-planet-phoenix-chapter-8%EF%BC%9Aweird-person-in-the-train,5,0,0,147.01,2026-07-24T02:00:02Z
2026-07-30T13:00:29+08:00,9,1643749360,Chapter 9：Weird person-1,https://www.wattpad.com/1643749360-planet-phoenix-chapter-9%EF%BC%9Aweird-person-1,1,0,0,133.01,2026-07-24T16:00:03Z
2026-07-30T13:00:29+08:00,10,1643749998,Chapter 10：Weird person-2,https://www.wattpad.com/1643749998-planet-phoenix-chapter-10%EF%BC%9Aweird-person-2,4,0,0,119.01,2026-07-25T06:00:02Z
2026-07-30T13:00:29+08:00,11,1643750323,Chapter 11：Weird person-3,https://www.wattpad.com/1643750323-planet-phoenix-chapter-11%EF%BC%9Aweird-person-3,3,0,1,105.01,2026-07-25T20:00:02Z
2026-07-30T13:00:29+08:00,12,1643751148,Chapter 12：Homestead,https://www.wattpad.com/1643751148-planet-phoenix-chapter-12%EF%BC%9Ahomestead,0,0,0,91.01,2026-07-26T10:00:03Z
2026-07-30T13:00:29+08:00,13,1643843952,Chapter 13：Report anomalous individuals-1,https://www.wattpad.com/1643843952-planet-phoenix-chapter-13%EF%BC%9Areport-anomalous,1,0,0,77.01,2026-07-27T00:00:02Z
2026-07-30T13:00:29+08:00,14,1643844249,Chapter 14：Report anomalous individuals-2,https://www.wattpad.com/1643844249-planet-phoenix-chapter-14%EF%BC%9Areport-anomalous,1,0,0,63.01,2026-07-27T14:00:03Z
2026-07-30T13:00:29+08:00,15,1643844641,Chapter 15：Report anomalous individuals-3,https://www.wattpad.com/1643844641-planet-phoenix-chapter-15%EF%BC%9Areport-anomalous,1,0,0,49.01,2026-07-28T04:00:03Z
2026-07-30T13:00:29+08:00,16,1643845149,Chapter 16：The Journey of Common Sense-1,https://www.wattpad.com/1643845149-planet-phoenix-chapter-16%EF%BC%9Athe-journey-of-common,2,1,0,35.01,2026-07-28T18:00:03Z
2026-07-30T13:00:29+08:00,17,1643845633,Chapter 17：The Journey of Common Sense-2,https://www.wattpad.com/1643845633-planet-phoenix-chapter-17%EF%BC%9Athe-journey-of-common,0,0,0,21.01,2026-07-29T08:00:02Z
2026-07-30T13:00:29+08:00,18,1643845966,Chapter 18：The Journey of Common Sense-3,https://www.wattpad.com/1643845966-planet-phoenix-chapter-18%EF%BC%9Athe-journey-of-common,0,0,0,7.01,2026-07-29T22:00:02Z
2026-07-30T14:00:36+08:00,1,1643734560,Chapter 1 massive earthquake-1,https://www.wattpad.com/1643734560-planet-phoenix-chapter-1-massive-earthquake-1,14,0,0,246.01,2026-07-20T00:00:02Z
2026-07-30T14:00:36+08:00,2,1643743618,Chapter 2 massive earthquake-2,https://www.wattpad.com/1643743618-planet-phoenix-chapter-2-massive-earthquake-2,11,1,0,232.01,2026-07-20T14:00:02Z
2026-07-30T14:00:36+08:00,3,1643746352,Chapter 3 massive earthquake-3,https://www.wattpad.com/1643746352-planet-phoenix-chapter-3-massive-earthquake-3,5,0,0,218.01,2026-07-21T04:00:02Z
2026-07-30T14:00:36+08:00,4,1643746654,Chapter 4 massive earthquake-4,https://www.wattpad.com/1643746654-planet-phoenix-chapter-4-massive-earthquake-4,9,1,-1,204.01,2026-07-21T18:00:02Z
2026-07-30T14:00:36+08:00,5,1643747136,Chapter 5 Escape from death,https://www.wattpad.com/1643747136-planet-phoenix-chapter-5-escape-from-death,1,0,0,190.01,2026-07-22T08:00:03Z
2026-07-30T14:00:36+08:00,6,1643747955,Chapter 6：Interlude,https://www.wattpad.com/1643747955-planet-phoenix-chapter-6%EF%BC%9Ainterlude,7,0,0,176.01,2026-07-22T22:00:02Z
2026-07-30T14:00:36+08:00,7,1643748308,Chapter 7：The cabin in the forest,https://www.wattpad.com/1643748308-planet-phoenix-chapter-7%EF%BC%9Athe-cabin-in-the-forest,9,0,1,162.01,2026-07-23T12:00:02Z
2026-07-30T14:00:36+08:00,8,1643748909,Chapter 8：Weird person in the train,https://www.wattpad.com/1643748909-planet-phoenix-chapter-8%EF%BC%9Aweird-person-in-the-train,5,0,0,148.01,2026-07-24T02:00:02Z
2026-07-30T14:00:36+08:00,9,1643749360,Chapter 9：Weird person-1,https://www.wattpad.com/1643749360-planet-phoenix-chapter-9%EF%BC%9Aweird-person-1,1,0,0,134.01,2026-07-24T16:00:03Z
2026-07-30T14:00:36+08:00,10,1643749998,Chapter 10：Weird person-2,https://www.wattpad.com/1643749998-planet-phoenix-chapter-10%EF%BC%9Aweird-person-2,4,0,0,120.01,2026-07-25T06:00:02Z
2026-07-30T14:00:36+08:00,11,1643750323,Chapter 11：Weird person-3,https://www.wattpad.com/1643750323-planet-phoenix-chapter-11%EF%BC%9Aweird-person-3,4,0,1,106.01,2026-07-25T20:00:02Z
2026-07-30T14:00:36+08:00,12,1643751148,Chapter 12：Homestead,https://www.wattpad.com/1643751148-planet-phoenix-chapter-12%EF%BC%9Ahomestead,0,0,0,92.01,2026-07-26T10:00:03Z
2026-07-30T14:00:36+08:00,13,1643843952,Chapter 13：Report anomalous individuals-1,https://www.wattpad.com/1643843952-planet-phoenix-chapter-13%EF%BC%9Areport-anomalous,1,0,0,78.01,2026-07-27T00:00:02Z
2026-07-30T14:00:36+08:00,14,1643844249,Chapter 14：Report anomalous individuals-2,https://www.wattpad.com/1643844249-planet-phoenix-chapter-14%EF%BC%9Areport-anomalous,1,0,0,64.01,2026-07-27T14:00:03Z
2026-07-30T14:00:36+08:00,15,1643844641,Chapter 15：Report anomalous individuals-3,https://www.wattpad.com/1643844641-planet-phoenix-chapter-15%EF%BC%9Areport-anomalous,1,0,0,50.01,2026-07-28T04:00:03Z
2026-07-30T14:00:36+08:00,16,1643845149,Chapter 16：The Journey of Common Sense-1,https://www.wattpad.com/1643845149-planet-phoenix-chapter-16%EF%BC%9Athe-journey-of-common,2,1,0,36.01,2026-07-28T18:00:03Z
2026-07-30T14:00:36+08:00,17,1643845633,Chapter 17：The Journey of Common Sense-2,https://www.wattpad.com/1643845633-planet-phoenix-chapter-17%EF%BC%9Athe-journey-of-common,0,0,0,22.01,2026-07-29T08:00:02Z
2026-07-30T14:00:36+08:00,18,1643845966,Chapter 18：The Journey of Common Sense-3,https://www.wattpad.com/1643845966-planet-phoenix-chapter-18%EF%BC%9Athe-journey-of-common,0,0,0,8.01,2026-07-29T22:00:02Z
2026-07-30T15:00:29+08:00,1,1643734560,Chapter 1 massive earthquake-1,https://www.wattpad.com/1643734560-planet-phoenix-chapter-1-massive-earthquake-1,14,0,0,247.01,2026-07-20T00:00:02Z
2026-07-30T15:00:29+08:00,2,1643743618,Chapter 2 massive earthquake-2,https://www.wattpad.com/1643743618-planet-phoenix-chapter-2-massive-earthquake-2,11,1,0,233.01,2026-07-20T14:00:02Z
2026-07-30T15:00:29+08:00,3,1643746352,Chapter 3 massive earthquake-3,https://www.wattpad.com/1643746352-planet-phoenix-chapter-3-massive-earthquake-3,5,0,0,219.01,2026-07-21T04:00:02Z
2026-07-30T15:00:29+08:00,4,1643746654,Chapter 4 massive earthquake-4,https://www.wattpad.com/1643746654-planet-phoenix-chapter-4-massive-earthquake-4,9,1,-1,205.01,2026-07-21T18:00:02Z
2026-07-30T15:00:29+08:00,5,1643747136,Chapter 5 Escape from death,https://www.wattpad.com/1643747136-planet-phoenix-chapter-5-escape-from-death,1,0,0,191.01,2026-07-22T08:00:03Z
2026-07-30T15:00:29+08:00,6,1643747955,Chapter 6：Interlude,https://www.wattpad.com/1643747955-planet-phoenix-chapter-6%EF%BC%9Ainterlude,7,0,0,177.01,2026-07-22T22:00:02Z
2026-07-30T15:00:29+08:00,7,1643748308,Chapter 7：The cabin in the forest,https://www.wattpad.com/1643748308-planet-phoenix-chapter-7%EF%BC%9Athe-cabin-in-the-forest,9,0,1,163.01,2026-07-23T12:00:02Z
2026-07-30T15:00:29+08:00,8,1643748909,Chapter 8：Weird person in the train,https://www.wattpad.com/1643748909-planet-phoenix-chapter-8%EF%BC%9Aweird-person-in-the-train,5,0,0,149.01,2026-07-24T02:00:02Z
2026-07-30T15:00:29+08:00,9,1643749360,Chapter 9：Weird person-1,https://www.wattpad.com/1643749360-planet-phoenix-chapter-9%EF%BC%9Aweird-person-1,1,0,0,135.01,2026-07-24T16:00:03Z
2026-07-30T15:00:29+08:00,10,1643749998,Chapter 10：Weird person-2,https://www.wattpad.com/1643749998-planet-phoenix-chapter-10%EF%BC%9Aweird-person-2,4,0,0,121.01,2026-07-25T06:00:02Z
2026-07-30T15:00:29+08:00,11,1643750323,Chapter 11：Weird person-3,https://www.wattpad.com/1643750323-planet-phoenix-chapter-11%EF%BC%9Aweird-person-3,4,0,1,107.01,2026-07-25T20:00:02Z
2026-07-30T15:00:29+08:00,12,1643751148,Chapter 12：Homestead,https://www.wattpad.com/1643751148-planet-phoenix-chapter-12%EF%BC%9Ahomestead,0,0,0,93.01,2026-07-26T10:00:03Z
2026-07-30T15:00:29+08:00,13,1643843952,Chapter 13：Report anomalous individuals-1,https://www.wattpad.com/1643843952-planet-phoenix-chapter-13%EF%BC%9Areport-anomalous,1,0,0,79.01,2026-07-27T00:00:02Z
2026-07-30T15:00:29+08:00,14,1643844249,Chapter 14：Report anomalous individuals-2,https://www.wattpad.com/1643844249-planet-phoenix-chapter-14%EF%BC%9Areport-anomalous,1,0,0,65.01,2026-07-27T14:00:03Z
2026-07-30T15:00:29+08:00,15,1643844641,Chapter 15：Report anomalous individuals-3,https://www.wattpad.com/1643844641-planet-phoenix-chapter-15%EF%BC%9Areport-anomalous,1,0,0,51.01,2026-07-28T04:00:03Z
2026-07-30T15:00:29+08:00,16,1643845149,Chapter 16：The Journey of Common Sense-1,https://www.wattpad.com/1643845149-planet-phoenix-chapter-16%EF%BC%9Athe-journey-of-common,2,1,0,37.01,2026-07-28T18:00:03Z
2026-07-30T15:00:29+08:00,17,1643845633,Chapter 17：The Journey of Common Sense-2,https://www.wattpad.com/1643845633-planet-phoenix-chapter-17%EF%BC%9Athe-journey-of-common,0,0,0,23.01,2026-07-29T08:00:02Z
2026-07-30T15:00:29+08:00,18,1643845966,Chapter 18：The Journey of Common Sense-3,https://www.wattpad.com/1643845966-planet-phoenix-chapter-18%EF%BC%9Athe-journey-of-common,0,0,0,9.01,2026-07-29T22:00:02Z
2026-07-30T16:00:38+08:00,1,1643734560,Chapter 1 massive earthquake-1,https://www.wattpad.com/1643734560-planet-phoenix-chapter-1-massive-earthquake-1,14,0,0,248.01,2026-07-20T00:00:02Z
2026-07-30T16:00:38+08:00,2,1643743618,Chapter 2 massive earthquake-2,https://www.wattpad.com/1643743618-planet-phoenix-chapter-2-massive-earthquake-2,11,1,0,234.01,2026-07-20T14:00:02Z
2026-07-30T16:00:38+08:00,3,1643746352,Chapter 3 massive earthquake-3,https://www.wattpad.com/1643746352-planet-phoenix-chapter-3-massive-earthquake-3,5,0,0,220.01,2026-07-21T04:00:02Z
2026-07-30T16:00:38+08:00,4,1643746654,Chapter 4 massive earthquake-4,https://www.wattpad.com/1643746654-planet-phoenix-chapter-4-massive-earthquake-4,9,1,-1,206.01,2026-07-21T18:00:02Z
2026-07-30T16:00:38+08:00,5,1643747136,Chapter 5 Escape from death,https://www.wattpad.com/1643747136-planet-phoenix-chapter-5-escape-from-death,1,0,0,192.01,2026-07-22T08:00:03Z
2026-07-30T16:00:38+08:00,6,1643747955,Chapter 6：Interlude,https://www.wattpad.com/1643747955-planet-phoenix-chapter-6%EF%BC%9Ainterlude,7,0,0,178.01,2026-07-22T22:00:02Z
2026-07-30T16:00:38+08:00,7,1643748308,Chapter 7：The cabin in the forest,https://www.wattpad.com/1643748308-planet-phoenix-chapter-7%EF%BC%9Athe-cabin-in-the-forest,9,0,1,164.01,2026-07-23T12:00:02Z
2026-07-30T16:00:38+08:00,8,1643748909,Chapter 8：Weird person in the train,https://www.wattpad.com/1643748909-planet-phoenix-chapter-8%EF%BC%9Aweird-person-in-the-train,5,0,0,150.01,2026-07-24T02:00:02Z
2026-07-30T16:00:38+08:00,9,1643749360,Chapter 9：Weird person-1,https://www.wattpad.com/1643749360-planet-phoenix-chapter-9%EF%BC%9Aweird-person-1,1,0,0,136.01,2026-07-24T16:00:03Z
2026-07-30T16:00:38+08:00,10,1643749998,Chapter 10：Weird person-2,https://www.wattpad.com/1643749998-planet-phoenix-chapter-10%EF%BC%9Aweird-person-2,4,0,0,122.01,2026-07-25T06:00:02Z
2026-07-30T16:00:38+08:00,11,1643750323,Chapter 11：Weird person-3,https://www.wattpad.com/1643750323-planet-phoenix-chapter-11%EF%BC%9Aweird-person-3,4,0,1,108.01,2026-07-25T20:00:02Z
2026-07-30T16:00:38+08:00,12,1643751148,Chapter 12：Homestead,https://www.wattpad.com/1643751148-planet-phoenix-chapter-12%EF%BC%9Ahomestead,0,0,0,94.01,2026-07-26T10:00:03Z
2026-07-30T16:00:38+08:00,13,1643843952,Chapter 13：Report anomalous individuals-1,https://www.wattpad.com/1643843952-planet-phoenix-chapter-13%EF%BC%9Areport-anomalous,1,0,0,80.01,2026-07-27T00:00:02Z
2026-07-30T16:00:38+08:00,14,1643844249,Chapter 14：Report anomalous individuals-2,https://www.wattpad.com/1643844249-planet-phoenix-chapter-14%EF%BC%9Areport-anomalous,1,0,0,66.01,2026-07-27T14:00:03Z
2026-07-30T16:00:38+08:00,15,1643844641,Chapter 15：Report anomalous individuals-3,https://www.wattpad.com/1643844641-planet-phoenix-chapter-15%EF%BC%9Areport-anomalous,1,0,0,52.01,2026-07-28T04:00:03Z
2026-07-30T16:00:38+08:00,16,1643845149,Chapter 16：The Journey of Common Sense-1,https://www.wattpad.com/1643845149-planet-phoenix-chapter-16%EF%BC%9Athe-journey-of-common,2,1,0,38.01,2026-07-28T18:00:03Z
2026-07-30T16:00:38+08:00,17,1643845633,Chapter 17：The Journey of Common Sense-2,https://www.wattpad.com/1643845633-planet-phoenix-chapter-17%EF%BC%9Athe-journey-of-common,0,0,0,24.01,2026-07-29T08:00:02Z
2026-07-30T16:00:38+08:00,18,1643845966,Chapter 18：The Journey of Common Sense-3,https://www.wattpad.com/1643845966-planet-phoenix-chapter-18%EF%BC%9Athe-journey-of-common,0,0,0,10.01,2026-07-29T22:00:02Z
2026-07-30T17:00:37+08:00,1,1643734560,Chapter 1 massive earthquake-1,https://www.wattpad.com/1643734560-planet-phoenix-chapter-1-massive-earthquake-1,14,0,0,249.01,2026-07-20T00:00:02Z
2026-07-30T17:00:37+08:00,2,1643743618,Chapter 2 massive earthquake-2,https://www.wattpad.com/1643743618-planet-phoenix-chapter-2-massive-earthquake-2,11,1,0,235.01,2026-07-20T14:00:02Z
2026-07-30T17:00:37+08:00,3,1643746352,Chapter 3 massive earthquake-3,https://www.wattpad.com/1643746352-planet-phoenix-chapter-3-massive-earthquake-3,5,0,0,221.01,2026-07-21T04:00:02Z
2026-07-30T17:00:37+08:00,4,1643746654,Chapter 4 massive earthquake-4,https://www.wattpad.com/1643746654-planet-phoenix-chapter-4-massive-earthquake-4,9,1,-1,207.01,2026-07-21T18:00:02Z
2026-07-30T17:00:37+08:00,5,1643747136,Chapter 5 Escape from death,https://www.wattpad.com/1643747136-planet-phoenix-chapter-5-escape-from-death,1,0,0,193.01,2026-07-22T08:00:03Z
2026-07-30T17:00:37+08:00,6,1643747955,Chapter 6：Interlude,https://www.wattpad.com/1643747955-planet-phoenix-chapter-6%EF%BC%9Ainterlude,7,0,0,179.01,2026-07-22T22:00:02Z
2026-07-30T17:00:37+08:00,7,1643748308,Chapter 7：The cabin in the forest,https://www.wattpad.com/1643748308-planet-phoenix-chapter-7%EF%BC%9Athe-cabin-in-the-forest,9,0,1,165.01,2026-07-23T12:00:02Z
2026-07-30T17:00:37+08:00,8,1643748909,Chapter 8：Weird person in the train,https://www.wattpad.com/1643748909-planet-phoenix-chapter-8%EF%BC%9Aweird-person-in-the-train,5,0,0,151.01,2026-07-24T02:00:02Z
2026-07-30T17:00:37+08:00,9,1643749360,Chapter 9：Weird person-1,https://www.wattpad.com/1643749360-planet-phoenix-chapter-9%EF%BC%9Aweird-person-1,1,0,0,137.01,2026-07-24T16:00:03Z
2026-07-30T17:00:37+08:00,10,1643749998,Chapter 10：Weird person-2,https://www.wattpad.com/1643749998-planet-phoenix-chapter-10%EF%BC%9Aweird-person-2,4,0,0,123.01,2026-07-25T06:00:02Z
2026-07-30T17:00:37+08:00,11,1643750323,Chapter 11：Weird person-3,https://www.wattpad.com/1643750323-planet-phoenix-chapter-11%EF%BC%9Aweird-person-3,4,0,1,109.01,2026-07-25T20:00:02Z
2026-07-30T17:00:37+08:00,12,1643751148,Chapter 12：Homestead,https://www.wattpad.com/1643751148-planet-phoenix-chapter-12%EF%BC%9Ahomestead,0,0,0,95.01,2026-07-26T10:00:03Z
2026-07-30T17:00:37+08:00,13,1643843952,Chapter 13：Report anomalous individuals-1,https://www.wattpad.com/1643843952-planet-phoenix-chapter-13%EF%BC%9Areport-anomalous,1,0,0,81.01,2026-07-27T00:00:02Z
2026-07-30T17:00:37+08:00,14,1643844249,Chapter 14：Report anomalous individuals-2,https://www.wattpad.com/1643844249-planet-phoenix-chapter-14%EF%BC%9Areport-anomalous,1,0,0,67.01,2026-07-27T14:00:03Z
2026-07-30T17:00:37+08:00,15,1643844641,Chapter 15：Report anomalous individuals-3,https://www.wattpad.com/1643844641-planet-phoenix-chapter-15%EF%BC%9Areport-anomalous,1,0,0,53.01,2026-07-28T04:00:03Z
2026-07-30T17:00:37+08:00,16,1643845149,Chapter 16：The Journey of Common Sense-1,https://www.wattpad.com/1643845149-planet-phoenix-chapter-16%EF%BC%9Athe-journey-of-common,2,1,0,39.01,2026-07-28T18:00:03Z
2026-07-30T17:00:37+08:00,17,1643845633,Chapter 17：The Journey of Common Sense-2,https://www.wattpad.com/1643845633-planet-phoenix-chapter-17%EF%BC%9Athe-journey-of-common,0,0,0,25.01,2026-07-29T08:00:02Z
2026-07-30T17:00:37+08:00,18,1643845966,Chapter 18：The Journey of Common Sense-3,https://www.wattpad.com/1643845966-planet-phoenix-chapter-18%EF%BC%9Athe-journey-of-common,0,0,0,11.01,2026-07-29T22:00:02Z
2026-07-30T18:00:39+08:00,1,1643734560,Chapter 1 massive earthquake-1,https://www.wattpad.com/1643734560-planet-phoenix-chapter-1-massive-earthquake-1,14,0,0,250.01,2026-07-20T00:00:02Z
2026-07-30T18:00:39+08:00,2,1643743618,Chapter 2 massive earthquake-2,https://www.wattpad.com/1643743618-planet-phoenix-chapter-2-massive-earthquake-2,11,1,0,236.01,2026-07-20T14:00:02Z
2026-07-30T18:00:39+08:00,3,1643746352,Chapter 3 massive earthquake-3,https://www.wattpad.com/1643746352-planet-phoenix-chapter-3-massive-earthquake-3,5,0,0,222.01,2026-07-21T04:00:02Z
2026-07-30T18:00:39+08:00,4,1643746654,Chapter 4 massive earthquake-4,https://www.wattpad.com/1643746654-planet-phoenix-chapter-4-massive-earthquake-4,9,1,-1,208.01,2026-07-21T18:00:02Z
2026-07-30T18:00:39+08:00,5,1643747136,Chapter 5 Escape from death,https://www.wattpad.com/1643747136-planet-phoenix-chapter-5-escape-from-death,1,0,0,194.01,2026-07-22T08:00:03Z
2026-07-30T18:00:39+08:00,6,1643747955,Chapter 6：Interlude,https://www.wattpad.com/1643747955-planet-phoenix-chapter-6%EF%BC%9Ainterlude,7,0,0,180.01,2026-07-22T22:00:02Z
2026-07-30T18:00:39+08:00,7,1643748308,Chapter 7：The cabin in the forest,https://www.wattpad.com/1643748308-planet-phoenix-chapter-7%EF%BC%9Athe-cabin-in-the-forest,9,0,1,166.01,2026-07-23T12:00:02Z
2026-07-30T18:00:39+08:00,8,1643748909,Chapter 8：Weird person in the train,https://www.wattpad.com/1643748909-planet-phoenix-chapter-8%EF%BC%9Aweird-person-in-the-train,5,0,0,152.01,2026-07-24T02:00:02Z
2026-07-30T18:00:39+08:00,9,1643749360,Chapter 9：Weird person-1,https://www.wattpad.com/1643749360-planet-phoenix-chapter-9%EF%BC%9Aweird-person-1,1,0,0,138.01,2026-07-24T16:00:03Z
2026-07-30T18:00:39+08:00,10,1643749998,Chapter 10：Weird person-2,https://www.wattpad.com/1643749998-planet-phoenix-chapter-10%EF%BC%9Aweird-person-2,4,0,0,124.01,2026-07-25T06:00:02Z
2026-07-30T18:00:39+08:00,11,1643750323,Chapter 11：Weird person-3,https://www.wattpad.com/1643750323-planet-phoenix-chapter-11%EF%BC%9Aweird-person-3,4,0,1,110.01,2026-07-25T20:00:02Z
2026-07-30T18:00:39+08:00,12,1643751148,Chapter 12：Homestead,https://www.wattpad.com/1643751148-planet-phoenix-chapter-12%EF%BC%9Ahomestead,0,0,0,96.01,2026-07-26T10:00:03Z
2026-07-30T18:00:39+08:00,13,1643843952,Chapter 13：Report anomalous individuals-1,https://www.wattpad.com/1643843952-planet-phoenix-chapter-13%EF%BC%9Areport-anomalous,1,0,0,82.01,2026-07-27T00:00:02Z
2026-07-30T18:00:39+08:00,14,1643844249,Chapter 14：Report anomalous individuals-2,https://www.wattpad.com/1643844249-planet-phoenix-chapter-14%EF%BC%9Areport-anomalous,1,0,0,68.01,2026-07-27T14:00:03Z
2026-07-30T18:00:39+08:00,15,1643844641,Chapter 15：Report anomalous individuals-3,https://www.wattpad.com/1643844641-planet-phoenix-chapter-15%EF%BC%9Areport-anomalous,1,0,0,54.01,2026-07-28T04:00:03Z
2026-07-30T18:00:39+08:00,16,1643845149,Chapter 16：The Journey of Common Sense-1,https://www.wattpad.com/1643845149-planet-phoenix-chapter-16%EF%BC%9Athe-journey-of-common,2,1,0,40.01,2026-07-28T18:00:03Z
2026-07-30T18:00:39+08:00,17,1643845633,Chapter 17：The Journey of Common Sense-2,https://www.wattpad.com/1643845633-planet-phoenix-chapter-17%EF%BC%9Athe-journey-of-common,0,0,0,26.01,2026-07-29T08:00:02Z
2026-07-30T18:00:39+08:00,18,1643845966,Chapter 18：The Journey of Common Sense-3,https://www.wattpad.com/1643845966-planet-phoenix-chapter-18%EF%BC%9Athe-journey-of-common,0,0,0,12.01,2026-07-29T22:00:02Z
2026-07-30T19:00:36+08:00,1,1643734560,Chapter 1 massive earthquake-1,https://www.wattpad.com/1643734560-planet-phoenix-chapter-1-massive-earthquake-1,14,0,0,251.01,2026-07-20T00:00:02Z
2026-07-30T19:00:36+08:00,2,1643743618,Chapter 2 massive earthquake-2,https://www.wattpad.com/1643743618-planet-phoenix-chapter-2-massive-earthquake-2,11,1,0,237.01,2026-07-20T14:00:02Z
2026-07-30T19:00:36+08:00,3,1643746352,Chapter 3 massive earthquake-3,https://www.wattpad.com/1643746352-planet-phoenix-chapter-3-massive-earthquake-3,5,0,0,223.01,2026-07-21T04:00:02Z
2026-07-30T19:00:36+08:00,4,1643746654,Chapter 4 massive earthquake-4,https://www.wattpad.com/1643746654-planet-phoenix-chapter-4-massive-earthquake-4,9,1,-1,209.01,2026-07-21T18:00:02Z
2026-07-30T19:00:36+08:00,5,1643747136,Chapter 5 Escape from death,https://www.wattpad.com/1643747136-planet-phoenix-chapter-5-escape-from-death,1,0,0,195.01,2026-07-22T08:00:03Z
2026-07-30T19:00:36+08:00,6,1643747955,Chapter 6：Interlude,https://www.wattpad.com/1643747955-planet-phoenix-chapter-6%EF%BC%9Ainterlude,7,0,0,181.01,2026-07-22T22:00:02Z
2026-07-30T19:00:36+08:00,7,1643748308,Chapter 7：The cabin in the forest,https://www.wattpad.com/1643748308-planet-phoenix-chapter-7%EF%BC%9Athe-cabin-in-the-forest,9,0,1,167.01,2026-07-23T12:00:02Z
2026-07-30T19:00:36+08:00,8,1643748909,Chapter 8：Weird person in the train,https://www.wattpad.com/1643748909-planet-phoenix-chapter-8%EF%BC%9Aweird-person-in-the-train,5,0,0,153.01,2026-07-24T02:00:02Z
2026-07-30T19:00:36+08:00,9,1643749360,Chapter 9：Weird person-1,https://www.wattpad.com/1643749360-planet-phoenix-chapter-9%EF%BC%9Aweird-person-1,1,0,0,139.01,2026-07-24T16:00:03Z
2026-07-30T19:00:36+08:00,10,1643749998,Chapter 10：Weird person-2,https://www.wattpad.com/1643749998-planet-phoenix-chapter-10%EF%BC%9Aweird-person-2,4,0,0,125.01,2026-07-25T06:00:02Z
2026-07-30T19:00:36+08:00,11,1643750323,Chapter 11：Weird person-3,https://www.wattpad.com/1643750323-planet-phoenix-chapter-11%EF%BC%9Aweird-person-3,4,0,1,111.01,2026-07-25T20:00:02Z
2026-07-30T19:00:36+08:00,12,1643751148,Chapter 12：Homestead,https://www.wattpad.com/1643751148-planet-phoenix-chapter-12%EF%BC%9Ahomestead,0,0,0,97.01,2026-07-26T10:00:03Z
2026-07-30T19:00:36+08:00,13,1643843952,Chapter 13：Report anomalous individuals-1,https://www.wattpad.com/1643843952-planet-phoenix-chapter-13%EF%BC%9Areport-anomalous,1,0,0,83.01,2026-07-27T00:00:02Z
2026-07-30T19:00:36+08:00,14,1643844249,Chapter 14：Report anomalous individuals-2,https://www.wattpad.com/1643844249-planet-phoenix-chapter-14%EF%BC%9Areport-anomalous,1,0,0,69.01,2026-07-27T14:00:03Z
2026-07-30T19:00:36+08:00,15,1643844641,Chapter 15：Report anomalous individuals-3,https://www.wattpad.com/1643844641-planet-phoenix-chapter-15%EF%BC%9Areport-anomalous,1,0,0,55.01,2026-07-28T04:00:03Z
2026-07-30T19:00:36+08:00,16,1643845149,Chapter 16：The Journey of Common Sense-1,https://www.wattpad.com/1643845149-planet-phoenix-chapter-16%EF%BC%9Athe-journey-of-common,2,1,0,41.01,2026-07-28T18:00:03Z
2026-07-30T19:00:36+08:00,17,1643845633,Chapter 17：The Journey of Common Sense-2,https://www.wattpad.com/1643845633-planet-phoenix-chapter-17%EF%BC%9Athe-journey-of-common,0,0,0,27.01,2026-07-29T08:00:02Z
2026-07-30T19:00:36+08:00,18,1643845966,Chapter 18：The Journey of Common Sense-3,https://www.wattpad.com/1643845966-planet-phoenix-chapter-18%EF%BC%9Athe-journey-of-common,0,0,0,13.01,2026-07-29T22:00:02Z
2026-07-30T20:00:31+08:00,1,1643734560,Chapter 1 massive earthquake-1,https://www.wattpad.com/1643734560-planet-phoenix-chapter-1-massive-earthquake-1,14,0,0,252.01,2026-07-20T00:00:02Z
2026-07-30T20:00:31+08:00,2,1643743618,Chapter 2 massive earthquake-2,https://www.wattpad.com/1643743618-planet-phoenix-chapter-2-massive-earthquake-2,11,1,0,238.01,2026-07-20T14:00:02Z
2026-07-30T20:00:31+08:00,3,1643746352,Chapter 3 massive earthquake-3,https://www.wattpad.com/1643746352-planet-phoenix-chapter-3-massive-earthquake-3,5,0,0,224.01,2026-07-21T04:00:02Z
2026-07-30T20:00:31+08:00,4,1643746654,Chapter 4 massive earthquake-4,https://www.wattpad.com/1643746654-planet-phoenix-chapter-4-massive-earthquake-4,9,1,-1,210.01,2026-07-21T18:00:02Z
2026-07-30T20:00:31+08:00,5,1643747136,Chapter 5 Escape from death,https://www.wattpad.com/1643747136-planet-phoenix-chapter-5-escape-from-death,1,0,0,196.01,2026-07-22T08:00:03Z
2026-07-30T20:00:31+08:00,6,1643747955,Chapter 6：Interlude,https://www.wattpad.com/1643747955-planet-phoenix-chapter-6%EF%BC%9Ainterlude,7,0,0,182.01,2026-07-22T22:00:02Z
2026-07-30T20:00:31+08:00,7,1643748308,Chapter 7：The cabin in the forest,https://www.wattpad.com/1643748308-planet-phoenix-chapter-7%EF%BC%9Athe-cabin-in-the-forest,9,0,1,168.01,2026-07-23T12:00:02Z
2026-07-30T20:00:31+08:00,8,1643748909,Chapter 8：Weird person in the train,https://www.wattpad.com/1643748909-planet-phoenix-chapter-8%EF%BC%9Aweird-person-in-the-train,5,0,0,154.01,2026-07-24T02:00:02Z
2026-07-30T20:00:31+08:00,9,1643749360,Chapter 9：Weird person-1,https://www.wattpad.com/1643749360-planet-phoenix-chapter-9%EF%BC%9Aweird-person-1,1,0,0,140.01,2026-07-24T16:00:03Z
2026-07-30T20:00:31+08:00,10,1643749998,Chapter 10：Weird person-2,https://www.wattpad.com/1643749998-planet-phoenix-chapter-10%EF%BC%9Aweird-person-2,4,0,0,126.01,2026-07-25T06:00:02Z
2026-07-30T20:00:31+08:00,11,1643750323,Chapter 11：Weird person-3,https://www.wattpad.com/1643750323-planet-phoenix-chapter-11%EF%BC%9Aweird-person-3,4,0,1,112.01,2026-07-25T20:00:02Z
2026-07-30T20:00:31+08:00,12,1643751148,Chapter 12：Homestead,https://www.wattpad.com/1643751148-planet-phoenix-chapter-12%EF%BC%9Ahomestead,0,0,0,98.01,2026-07-26T10:00:03Z
2026-07-30T20:00:31+08:00,13,1643843952,Chapter 13：Report anomalous individuals-1,https://www.wattpad.com/1643843952-planet-phoenix-chapter-13%EF%BC%9Areport-anomalous,1,0,0,84.01,2026-07-27T00:00:02Z
2026-07-30T20:00:31+08:00,14,1643844249,Chapter 14：Report anomalous individuals-2,https://www.wattpad.com/1643844249-planet-phoenix-chapter-14%EF%BC%9Areport-anomalous,1,0,0,70.01,2026-07-27T14:00:03Z
2026-07-30T20:00:31+08:00,15,1643844641,Chapter 15：Report anomalous individuals-3,https://www.wattpad.com/1643844641-planet-phoenix-chapter-15%EF%BC%9Areport-anomalous,1,0,0,56.01,2026-07-28T04:00:03Z
2026-07-30T20:00:31+08:00,16,1643845149,Chapter 16：The Journey of Common Sense-1,https://www.wattpad.com/1643845149-planet-phoenix-chapter-16%EF%BC%9Athe-journey-of-common,2,1,0,42.01,2026-07-28T18:00:03Z
2026-07-30T20:00:31+08:00,17,1643845633,Chapter 17：The Journey of Common Sense-2,https://www.wattpad.com/1643845633-planet-phoenix-chapter-17%EF%BC%9Athe-journey-of-common,0,0,0,28.01,2026-07-29T08:00:02Z
2026-07-30T20:00:31+08:00,18,1643845966,Chapter 18：The Journey of Common Sense-3,https://www.wattpad.com/1643845966-planet-phoenix-chapter-18%EF%BC%9Athe-journey-of-common,0,0,0,14.01,2026-07-29T22:00:02Z
2026-07-30T20:00:31+08:00,19,1643846464,"Chapter 19：Strictly Speaking, It is Cohabitation",https://www.wattpad.com/1643846464-planet-phoenix-chapter-19%EF%BC%9Astrictly-speaking-it-is,0,0,0,0.01,2026-07-30T12:00:02Z
2026-07-30T21:00:32+08:00,1,1643734560,Chapter 1 massive earthquake-1,https://www.wattpad.com/1643734560-planet-phoenix-chapter-1-massive-earthquake-1,14,0,0,253.01,2026-07-20T00:00:02Z
2026-07-30T21:00:32+08:00,2,1643743618,Chapter 2 massive earthquake-2,https://www.wattpad.com/1643743618-planet-phoenix-chapter-2-massive-earthquake-2,11,1,0,239.01,2026-07-20T14:00:02Z
2026-07-30T21:00:32+08:00,3,1643746352,Chapter 3 massive earthquake-3,https://www.wattpad.com/1643746352-planet-phoenix-chapter-3-massive-earthquake-3,5,0,0,225.01,2026-07-21T04:00:02Z
2026-07-30T21:00:32+08:00,4,1643746654,Chapter 4 massive earthquake-4,https://www.wattpad.com/1643746654-planet-phoenix-chapter-4-massive-earthquake-4,9,1,-1,211.01,2026-07-21T18:00:02Z
2026-07-30T21:00:32+08:00,5,1643747136,Chapter 5 Escape from death,https://www.wattpad.com/1643747136-planet-phoenix-chapter-5-escape-from-death,1,0,0,197.01,2026-07-22T08:00:03Z
2026-07-30T21:00:32+08:00,6,1643747955,Chapter 6：Interlude,https://www.wattpad.com/1643747955-planet-phoenix-chapter-6%EF%BC%9Ainterlude,7,0,0,183.01,2026-07-22T22:00:02Z
2026-07-30T21:00:32+08:00,7,1643748308,Chapter 7：The cabin in the forest,https://www.wattpad.com/1643748308-planet-phoenix-chapter-7%EF%BC%9Athe-cabin-in-the-forest,9,0,1,169.01,2026-07-23T12:00:02Z
2026-07-30T21:00:32+08:00,8,1643748909,Chapter 8：Weird person in the train,https://www.wattpad.com/1643748909-planet-phoenix-chapter-8%EF%BC%9Aweird-person-in-the-train,5,0,0,155.01,2026-07-24T02:00:02Z
2026-07-30T21:00:32+08:00,9,1643749360,Chapter 9：Weird person-1,https://www.wattpad.com/1643749360-planet-phoenix-chapter-9%EF%BC%9Aweird-person-1,1,0,0,141.01,2026-07-24T16:00:03Z
2026-07-30T21:00:32+08:00,10,1643749998,Chapter 10：Weird person-2,https://www.wattpad.com/1643749998-planet-phoenix-chapter-10%EF%BC%9Aweird-person-2,4,0,0,127.01,2026-07-25T06:00:02Z
2026-07-30T21:00:32+08:00,11,1643750323,Chapter 11：Weird person-3,https://www.wattpad.com/1643750323-planet-phoenix-chapter-11%EF%BC%9Aweird-person-3,4,0,1,113.01,2026-07-25T20:00:02Z
2026-07-30T21:00:32+08:00,12,1643751148,Chapter 12：Homestead,https://www.wattpad.com/1643751148-planet-phoenix-chapter-12%EF%BC%9Ahomestead,0,0,0,99.01,2026-07-26T10:00:03Z
2026-07-30T21:00:32+08:00,13,1643843952,Chapter 13：Report anomalous individuals-1,https://www.wattpad.com/1643843952-planet-phoenix-chapter-13%EF%BC%9Areport-anomalous,1,0,0,85.01,2026-07-27T00:00:02Z
2026-07-30T21:00:32+08:00,14,1643844249,Chapter 14：Report anomalous individuals-2,https://www.wattpad.com/1643844249-planet-phoenix-chapter-14%EF%BC%9Areport-anomalous,1,0,0,71.01,2026-07-27T14:00:03Z
2026-07-30T21:00:32+08:00,15,1643844641,Chapter 15：Report anomalous individuals-3,https://www.wattpad.com/1643844641-planet-phoenix-chapter-15%EF%BC%9Areport-anomalous,1,0,0,57.01,2026-07-28T04:00:03Z
2026-07-30T21:00:32+08:00,16,1643845149,Chapter 16：The Journey of Common Sense-1,https://www.wattpad.com/1643845149-planet-phoenix-chapter-16%EF%BC%9Athe-journey-of-common,2,1,0,43.01,2026-07-28T18:00:03Z
2026-07-30T21:00:32+08:00,17,1643845633,Chapter 17：The Journey of Common Sense-2,https://www.wattpad.com/1643845633-planet-phoenix-chapter-17%EF%BC%9Athe-journey-of-common,0,0,0,29.01,2026-07-29T08:00:02Z
2026-07-30T21:00:32+08:00,18,1643845966,Chapter 18：The Journey of Common Sense-3,https://www.wattpad.com/1643845966-planet-phoenix-chapter-18%EF%BC%9Athe-journey-of-common,0,0,0,15.01,2026-07-29T22:00:02Z
2026-07-30T21:00:32+08:00,19,1643846464,"Chapter 19：Strictly Speaking, It is Cohabitation",https://www.wattpad.com/1643846464-planet-phoenix-chapter-19%EF%BC%9Astrictly-speaking-it-is,0,0,0,1.01,2026-07-30T12:00:02Z
2026-07-30T22:00:40+08:00,1,1643734560,Chapter 1 massive earthquake-1,https://www.wattpad.com/1643734560-planet-phoenix-chapter-1-massive-earthquake-1,14,0,0,254.01,2026-07-20T00:00:02Z
2026-07-30T22:00:40+08:00,2,1643743618,Chapter 2 massive earthquake-2,https://www.wattpad.com/1643743618-planet-phoenix-chapter-2-massive-earthquake-2,11,1,0,240.01,2026-07-20T14:00:02Z
2026-07-30T22:00:40+08:00,3,1643746352,Chapter 3 massive earthquake-3,https://www.wattpad.com/1643746352-planet-phoenix-chapter-3-massive-earthquake-3,5,0,0,226.01,2026-07-21T04:00:02Z
2026-07-30T22:00:40+08:00,4,1643746654,Chapter 4 massive earthquake-4,https://www.wattpad.com/1643746654-planet-phoenix-chapter-4-massive-earthquake-4,9,1,-1,212.01,2026-07-21T18:00:02Z
2026-07-30T22:00:40+08:00,5,1643747136,Chapter 5 Escape from death,https://www.wattpad.com/1643747136-planet-phoenix-chapter-5-escape-from-death,1,0,0,198.01,2026-07-22T08:00:03Z
2026-07-30T22:00:40+08:00,6,1643747955,Chapter 6：Interlude,https://www.wattpad.com/1643747955-planet-phoenix-chapter-6%EF%BC%9Ainterlude,7,0,0,184.01,2026-07-22T22:00:02Z
2026-07-30T22:00:40+08:00,7,1643748308,Chapter 7：The cabin in the forest,https://www.wattpad.com/1643748308-planet-phoenix-chapter-7%EF%BC%9Athe-cabin-in-the-forest,9,0,1,170.01,2026-07-23T12:00:02Z
2026-07-30T22:00:40+08:00,8,1643748909,Chapter 8：Weird person in the train,https://www.wattpad.com/1643748909-planet-phoenix-chapter-8%EF%BC%9Aweird-person-in-the-train,5,0,0,156.01,2026-07-24T02:00:02Z
2026-07-30T22:00:40+08:00,9,1643749360,Chapter 9：Weird person-1,https://www.wattpad.com/1643749360-planet-phoenix-chapter-9%EF%BC%9Aweird-person-1,1,0,0,142.01,2026-07-24T16:00:03Z
2026-07-30T22:00:40+08:00,10,1643749998,Chapter 10：Weird person-2,https://www.wattpad.com/1643749998-planet-phoenix-chapter-10%EF%BC%9Aweird-person-2,4,0,0,128.01,2026-07-25T06:00:02Z
2026-07-30T22:00:40+08:00,11,1643750323,Chapter 11：Weird person-3,https://www.wattpad.com/1643750323-planet-phoenix-chapter-11%EF%BC%9Aweird-person-3,4,0,1,114.01,2026-07-25T20:00:02Z
2026-07-30T22:00:40+08:00,12,1643751148,Chapter 12：Homestead,https://www.wattpad.com/1643751148-planet-phoenix-chapter-12%EF%BC%9Ahomestead,0,0,0,100.01,2026-07-26T10:00:03Z
2026-07-30T22:00:40+08:00,13,1643843952,Chapter 13：Report anomalous individuals-1,https://www.wattpad.com/1643843952-planet-phoenix-chapter-13%EF%BC%9Areport-anomalous,1,0,0,86.01,2026-07-27T00:00:02Z
2026-07-30T22:00:40+08:00,14,1643844249,Chapter 14：Report anomalous individuals-2,https://www.wattpad.com/1643844249-planet-phoenix-chapter-14%EF%BC%9Areport-anomalous,1,0,0,72.01,2026-07-27T14:00:03Z
2026-07-30T22:00:40+08:00,15,1643844641,Chapter 15：Report anomalous individuals-3,https://www.wattpad.com/1643844641-planet-phoenix-chapter-15%EF%BC%9Areport-anomalous,1,0,0,58.01,2026-07-28T04:00:03Z
2026-07-30T22:00:40+08:00,16,1643845149,Chapter 16：The Journey of Common Sense-1,https://www.wattpad.com/1643845149-planet-phoenix-chapter-16%EF%BC%9Athe-journey-of-common,2,1,0,44.01,2026-07-28T18:00:03Z
2026-07-30T22:00:40+08:00,17,1643845633,Chapter 17：The Journey of Common Sense-2,https://www.wattpad.com/1643845633-planet-phoenix-chapter-17%EF%BC%9Athe-journey-of-common,0,0,0,30.01,2026-07-29T08:00:02Z
2026-07-30T22:00:40+08:00,18,1643845966,Chapter 18：The Journey of Common Sense-3,https://www.wattpad.com/1643845966-planet-phoenix-chapter-18%EF%BC%9Athe-journey-of-common,0,0,0,16.01,2026-07-29T22:00:02Z
2026-07-30T22:00:40+08:00,19,1643846464,"Chapter 19：Strictly Speaking, It is Cohabitation",https://www.wattpad.com/1643846464-planet-phoenix-chapter-19%EF%BC%9Astrictly-speaking-it-is,0,0,0,2.01,2026-07-30T12:00:02Z
2026-07-30T23:00:32+08:00,1,1643734560,Chapter 1 massive earthquake-1,https://www.wattpad.com/1643734560-planet-phoenix-chapter-1-massive-earthquake-1,14,0,0,255.01,2026-07-20T00:00:02Z
2026-07-30T23:00:32+08:00,2,1643743618,Chapter 2 massive earthquake-2,https://www.wattpad.com/1643743618-planet-phoenix-chapter-2-massive-earthquake-2,11,1,0,241.01,2026-07-20T14:00:02Z
2026-07-30T23:00:32+08:00,3,1643746352,Chapter 3 massive earthquake-3,https://www.wattpad.com/1643746352-planet-phoenix-chapter-3-massive-earthquake-3,5,0,0,227.01,2026-07-21T04:00:02Z
2026-07-30T23:00:32+08:00,4,1643746654,Chapter 4 massive earthquake-4,https://www.wattpad.com/1643746654-planet-phoenix-chapter-4-massive-earthquake-4,9,1,-1,213.01,2026-07-21T18:00:02Z
2026-07-30T23:00:32+08:00,5,1643747136,Chapter 5 Escape from death,https://www.wattpad.com/1643747136-planet-phoenix-chapter-5-escape-from-death,1,0,0,199.01,2026-07-22T08:00:03Z
2026-07-30T23:00:32+08:00,6,1643747955,Chapter 6：Interlude,https://www.wattpad.com/1643747955-planet-phoenix-chapter-6%EF%BC%9Ainterlude,7,0,0,185.01,2026-07-22T22:00:02Z
2026-07-30T23:00:32+08:00,7,1643748308,Chapter 7：The cabin in the forest,https://www.wattpad.com/1643748308-planet-phoenix-chapter-7%EF%BC%9Athe-cabin-in-the-forest,9,0,1,171.01,2026-07-23T12:00:02Z
2026-07-30T23:00:32+08:00,8,1643748909,Chapter 8：Weird person in the train,https://www.wattpad.com/1643748909-planet-phoenix-chapter-8%EF%BC%9Aweird-person-in-the-train,5,0,0,157.01,2026-07-24T02:00:02Z
2026-07-30T23:00:32+08:00,9,1643749360,Chapter 9：Weird person-1,https://www.wattpad.com/1643749360-planet-phoenix-chapter-9%EF%BC%9Aweird-person-1,1,0,0,143.01,2026-07-24T16:00:03Z
2026-07-30T23:00:32+08:00,10,1643749998,Chapter 10：Weird person-2,https://www.wattpad.com/1643749998-planet-phoenix-chapter-10%EF%BC%9Aweird-person-2,4,0,0,129.01,2026-07-25T06:00:02Z
2026-07-30T23:00:32+08:00,11,1643750323,Chapter 11：Weird person-3,https://www.wattpad.com/1643750323-planet-phoenix-chapter-11%EF%BC%9Aweird-person-3,4,0,1,115.01,2026-07-25T20:00:02Z
2026-07-30T23:00:32+08:00,12,1643751148,Chapter 12：Homestead,https://www.wattpad.com/1643751148-planet-phoenix-chapter-12%EF%BC%9Ahomestead,0,0,0,101.01,2026-07-26T10:00:03Z
2026-07-30T23:00:32+08:00,13,1643843952,Chapter 13：Report anomalous individuals-1,https://www.wattpad.com/1643843952-planet-phoenix-chapter-13%EF%BC%9Areport-anomalous,1,0,0,87.01,2026-07-27T00:00:02Z
2026-07-30T23:00:32+08:00,14,1643844249,Chapter 14：Report anomalous individuals-2,https://www.wattpad.com/1643844249-planet-phoenix-chapter-14%EF%BC%9Areport-anomalous,1,0,0,73.01,2026-07-27T14:00:03Z
2026-07-30T23:00:32+08:00,15,1643844641,Chapter 15：Report anomalous individuals-3,https://www.wattpad.com/1643844641-planet-phoenix-chapter-15%EF%BC%9Areport-anomalous,1,0,0,59.01,2026-07-28T04:00:03Z
2026-07-30T23:00:32+08:00,16,1643845149,Chapter 16：The Journey of Common Sense-1,https://www.wattpad.com/1643845149-planet-phoenix-chapter-16%EF%BC%9Athe-journey-of-common,2,1,0,45.01,2026-07-28T18:00:03Z
2026-07-30T23:00:32+08:00,17,1643845633,Chapter 17：The Journey of Common Sense-2,https://www.wattpad.com/1643845633-planet-phoenix-chapter-17%EF%BC%9Athe-journey-of-common,0,0,0,31.01,2026-07-29T08:00:02Z
2026-07-30T23:00:32+08:00,18,1643845966,Chapter 18：The Journey of Common Sense-3,https://www.wattpad.com/1643845966-planet-phoenix-chapter-18%EF%BC%9Athe-journey-of-common,0,0,0,17.01,2026-07-29T22:00:02Z
2026-07-30T23:00:32+08:00,19,1643846464,"Chapter 19：Strictly Speaking, It is Cohabitation",https://www.wattpad.com/1643846464-planet-phoenix-chapter-19%EF%BC%9Astrictly-speaking-it-is,0,0,0,3.01,2026-07-30T12:00:02Z
2026-07-31T00:00:32+08:00,1,1643734560,Chapter 1 massive earthquake-1,https://www.wattpad.com/1643734560-planet-phoenix-chapter-1-massive-earthquake-1,14,0,0,256.01,2026-07-20T00:00:02Z
2026-07-31T00:00:32+08:00,2,1643743618,Chapter 2 massive earthquake-2,https://www.wattpad.com/1643743618-planet-phoenix-chapter-2-massive-earthquake-2,11,1,0,242.01,2026-07-20T14:00:02Z
2026-07-31T00:00:32+08:00,3,1643746352,Chapter 3 massive earthquake-3,https://www.wattpad.com/1643746352-planet-phoenix-chapter-3-massive-earthquake-3,5,0,0,228.01,2026-07-21T04:00:02Z
2026-07-31T00:00:32+08:00,4,1643746654,Chapter 4 massive earthquake-4,https://www.wattpad.com/1643746654-planet-phoenix-chapter-4-massive-earthquake-4,9,1,-1,214.01,2026-07-21T18:00:02Z
2026-07-31T00:00:32+08:00,5,1643747136,Chapter 5 Escape from death,https://www.wattpad.com/1643747136-planet-phoenix-chapter-5-escape-from-death,1,0,0,200.01,2026-07-22T08:00:03Z
2026-07-31T00:00:32+08:00,6,1643747955,Chapter 6：Interlude,https://www.wattpad.com/1643747955-planet-phoenix-chapter-6%EF%BC%9Ainterlude,7,0,0,186.01,2026-07-22T22:00:02Z
2026-07-31T00:00:32+08:00,7,1643748308,Chapter 7：The cabin in the forest,https://www.wattpad.com/1643748308-planet-phoenix-chapter-7%EF%BC%9Athe-cabin-in-the-forest,9,0,1,172.01,2026-07-23T12:00:02Z
2026-07-31T00:00:32+08:00,8,1643748909,Chapter 8：Weird person in the train,https://www.wattpad.com/1643748909-planet-phoenix-chapter-8%EF%BC%9Aweird-person-in-the-train,5,0,0,158.01,2026-07-24T02:00:02Z
2026-07-31T00:00:32+08:00,9,1643749360,Chapter 9：Weird person-1,https://www.wattpad.com/1643749360-planet-phoenix-chapter-9%EF%BC%9Aweird-person-1,1,0,0,144.01,2026-07-24T16:00:03Z
2026-07-31T00:00:32+08:00,10,1643749998,Chapter 10：Weird person-2,https://www.wattpad.com/1643749998-planet-phoenix-chapter-10%EF%BC%9Aweird-person-2,4,0,0,130.01,2026-07-25T06:00:02Z
2026-07-31T00:00:32+08:00,11,1643750323,Chapter 11：Weird person-3,https://www.wattpad.com/1643750323-planet-phoenix-chapter-11%EF%BC%9Aweird-person-3,4,0,0,116.01,2026-07-25T20:00:02Z
2026-07-31T00:00:32+08:00,12,1643751148,Chapter 12：Homestead,https://www.wattpad.com/1643751148-planet-phoenix-chapter-12%EF%BC%9Ahomestead,0,0,0,102.01,2026-07-26T10:00:03Z
2026-07-31T00:00:32+08:00,13,1643843952,Chapter 13：Report anomalous individuals-1,https://www.wattpad.com/1643843952-planet-phoenix-chapter-13%EF%BC%9Areport-anomalous,1,0,0,88.01,2026-07-27T00:00:02Z
2026-07-31T00:00:32+08:00,14,1643844249,Chapter 14：Report anomalous individuals-2,https://www.wattpad.com/1643844249-planet-phoenix-chapter-14%EF%BC%9Areport-anomalous,1,0,0,74.01,2026-07-27T14:00:03Z
2026-07-31T00:00:32+08:00,15,1643844641,Chapter 15：Report anomalous individuals-3,https://www.wattpad.com/1643844641-planet-phoenix-chapter-15%EF%BC%9Areport-anomalous,1,0,0,60.01,2026-07-28T04:00:03Z
2026-07-31T00:00:32+08:00,16,1643845149,Chapter 16：The Journey of Common Sense-1,https://www.wattpad.com/1643845149-planet-phoenix-chapter-16%EF%BC%9Athe-journey-of-common,2,1,0,46.01,2026-07-28T18:00:03Z
2026-07-31T00:00:32+08:00,17,1643845633,Chapter 17：The Journey of Common Sense-2,https://www.wattpad.com/1643845633-planet-phoenix-chapter-17%EF%BC%9Athe-journey-of-common,0,0,0,32.01,2026-07-29T08:00:02Z
2026-07-31T00:00:32+08:00,18,1643845966,Chapter 18：The Journey of Common Sense-3,https://www.wattpad.com/1643845966-planet-phoenix-chapter-18%EF%BC%9Athe-journey-of-common,0,0,0,18.01,2026-07-29T22:00:02Z
2026-07-31T00:00:32+08:00,19,1643846464,"Chapter 19：Strictly Speaking, It is Cohabitation",https://www.wattpad.com/1643846464-planet-phoenix-chapter-19%EF%BC%9Astrictly-speaking-it-is,0,0,0,4.01,2026-07-30T12:00:02Z
2026-07-31T01:00:31+08:00,1,1643734560,Chapter 1 massive earthquake-1,https://www.wattpad.com/1643734560-planet-phoenix-chapter-1-massive-earthquake-1,14,0,0,257.01,2026-07-20T00:00:02Z
2026-07-31T01:00:31+08:00,2,1643743618,Chapter 2 massive earthquake-2,https://www.wattpad.com/1643743618-planet-phoenix-chapter-2-massive-earthquake-2,11,1,0,243.01,2026-07-20T14:00:02Z
2026-07-31T01:00:31+08:00,3,1643746352,Chapter 3 massive earthquake-3,https://www.wattpad.com/1643746352-planet-phoenix-chapter-3-massive-earthquake-3,5,0,0,229.01,2026-07-21T04:00:02Z
2026-07-31T01:00:31+08:00,4,1643746654,Chapter 4 massive earthquake-4,https://www.wattpad.com/1643746654-planet-phoenix-chapter-4-massive-earthquake-4,9,1,-1,215.01,2026-07-21T18:00:02Z
2026-07-31T01:00:31+08:00,5,1643747136,Chapter 5 Escape from death,https://www.wattpad.com/1643747136-planet-phoenix-chapter-5-escape-from-death,1,0,0,201.01,2026-07-22T08:00:03Z
2026-07-31T01:00:31+08:00,6,1643747955,Chapter 6：Interlude,https://www.wattpad.com/1643747955-planet-phoenix-chapter-6%EF%BC%9Ainterlude,7,0,0,187.01,2026-07-22T22:00:02Z
2026-07-31T01:00:31+08:00,7,1643748308,Chapter 7：The cabin in the forest,https://www.wattpad.com/1643748308-planet-phoenix-chapter-7%EF%BC%9Athe-cabin-in-the-forest,9,0,1,173.01,2026-07-23T12:00:02Z
2026-07-31T01:00:31+08:00,8,1643748909,Chapter 8：Weird person in the train,https://www.wattpad.com/1643748909-planet-phoenix-chapter-8%EF%BC%9Aweird-person-in-the-train,5,0,0,159.01,2026-07-24T02:00:02Z
2026-07-31T01:00:31+08:00,9,1643749360,Chapter 9：Weird person-1,https://www.wattpad.com/1643749360-planet-phoenix-chapter-9%EF%BC%9Aweird-person-1,1,0,0,145.01,2026-07-24T16:00:03Z
2026-07-31T01:00:31+08:00,10,1643749998,Chapter 10：Weird person-2,https://www.wattpad.com/1643749998-planet-phoenix-chapter-10%EF%BC%9Aweird-person-2,4,0,0,131.01,2026-07-25T06:00:02Z
2026-07-31T01:00:31+08:00,11,1643750323,Chapter 11：Weird person-3,https://www.wattpad.com/1643750323-planet-phoenix-chapter-11%EF%BC%9Aweird-person-3,4,0,0,117.01,2026-07-25T20:00:02Z
2026-07-31T01:00:31+08:00,12,1643751148,Chapter 12：Homestead,https://www.wattpad.com/1643751148-planet-phoenix-chapter-12%EF%BC%9Ahomestead,0,0,0,103.01,2026-07-26T10:00:03Z
2026-07-31T01:00:31+08:00,13,1643843952,Chapter 13：Report anomalous individuals-1,https://www.wattpad.com/1643843952-planet-phoenix-chapter-13%EF%BC%9Areport-anomalous,1,0,0,89.01,2026-07-27T00:00:02Z
2026-07-31T01:00:31+08:00,14,1643844249,Chapter 14：Report anomalous individuals-2,https://www.wattpad.com/1643844249-planet-phoenix-chapter-14%EF%BC%9Areport-anomalous,1,0,0,75.01,2026-07-27T14:00:03Z
2026-07-31T01:00:31+08:00,15,1643844641,Chapter 15：Report anomalous individuals-3,https://www.wattpad.com/1643844641-planet-phoenix-chapter-15%EF%BC%9Areport-anomalous,1,0,0,61.01,2026-07-28T04:00:03Z
2026-07-31T01:00:31+08:00,16,1643845149,Chapter 16：The Journey of Common Sense-1,https://www.wattpad.com/1643845149-planet-phoenix-chapter-16%EF%BC%9Athe-journey-of-common,2,1,0,47.01,2026-07-28T18:00:03Z
2026-07-31T01:00:31+08:00,17,1643845633,Chapter 17：The Journey of Common Sense-2,https://www.wattpad.com/1643845633-planet-phoenix-chapter-17%EF%BC%9Athe-journey-of-common,0,0,0,33.01,2026-07-29T08:00:02Z
2026-07-31T01:00:31+08:00,18,1643845966,Chapter 18：The Journey of Common Sense-3,https://www.wattpad.com/1643845966-planet-phoenix-chapter-18%EF%BC%9Athe-journey-of-common,0,0,0,19.01,2026-07-29T22:00:02Z
2026-07-31T01:00:31+08:00,19,1643846464,"Chapter 19：Strictly Speaking, It is Cohabitation",https://www.wattpad.com/1643846464-planet-phoenix-chapter-19%EF%BC%9Astrictly-speaking-it-is,0,0,0,5.01,2026-07-30T12:00:02Z
2026-07-31T02:00:30+08:00,1,1643734560,Chapter 1 massive earthquake-1,https://www.wattpad.com/1643734560-planet-phoenix-chapter-1-massive-earthquake-1,14,0,0,258.01,2026-07-20T00:00:02Z
2026-07-31T02:00:30+08:00,2,1643743618,Chapter 2 massive earthquake-2,https://www.wattpad.com/1643743618-planet-phoenix-chapter-2-massive-earthquake-2,11,1,0,244.01,2026-07-20T14:00:02Z
2026-07-31T02:00:30+08:00,3,1643746352,Chapter 3 massive earthquake-3,https://www.wattpad.com/1643746352-planet-phoenix-chapter-3-massive-earthquake-3,5,0,0,230.01,2026-07-21T04:00:02Z
2026-07-31T02:00:30+08:00,4,1643746654,Chapter 4 massive earthquake-4,https://www.wattpad.com/1643746654-planet-phoenix-chapter-4-massive-earthquake-4,9,1,-1,216.01,2026-07-21T18:00:02Z
2026-07-31T02:00:30+08:00,5,1643747136,Chapter 5 Escape from death,https://www.wattpad.com/1643747136-planet-phoenix-chapter-5-escape-from-death,1,0,0,202.01,2026-07-22T08:00:03Z
2026-07-31T02:00:30+08:00,6,1643747955,Chapter 6：Interlude,https://www.wattpad.com/1643747955-planet-phoenix-chapter-6%EF%BC%9Ainterlude,7,0,0,188.01,2026-07-22T22:00:02Z
2026-07-31T02:00:30+08:00,7,1643748308,Chapter 7：The cabin in the forest,https://www.wattpad.com/1643748308-planet-phoenix-chapter-7%EF%BC%9Athe-cabin-in-the-forest,9,0,1,174.01,2026-07-23T12:00:02Z
2026-07-31T02:00:30+08:00,8,1643748909,Chapter 8：Weird person in the train,https://www.wattpad.com/1643748909-planet-phoenix-chapter-8%EF%BC%9Aweird-person-in-the-train,5,0,0,160.01,2026-07-24T02:00:02Z
2026-07-31T02:00:30+08:00,9,1643749360,Chapter 9：Weird person-1,https://www.wattpad.com/1643749360-planet-phoenix-chapter-9%EF%BC%9Aweird-person-1,1,0,0,146.01,2026-07-24T16:00:03Z
2026-07-31T02:00:30+08:00,10,1643749998,Chapter 10：Weird person-2,https://www.wattpad.com/1643749998-planet-phoenix-chapter-10%EF%BC%9Aweird-person-2,4,0,0,132.01,2026-07-25T06:00:02Z
2026-07-31T02:00:30+08:00,11,1643750323,Chapter 11：Weird person-3,https://www.wattpad.com/1643750323-planet-phoenix-chapter-11%EF%BC%9Aweird-person-3,4,0,0,118.01,2026-07-25T20:00:02Z
2026-07-31T02:00:30+08:00,12,1643751148,Chapter 12：Homestead,https://www.wattpad.com/1643751148-planet-phoenix-chapter-12%EF%BC%9Ahomestead,0,0,0,104.01,2026-07-26T10:00:03Z
2026-07-31T02:00:30+08:00,13,1643843952,Chapter 13：Report anomalous individuals-1,https://www.wattpad.com/1643843952-planet-phoenix-chapter-13%EF%BC%9Areport-anomalous,1,0,0,90.01,2026-07-27T00:00:02Z
2026-07-31T02:00:30+08:00,14,1643844249,Chapter 14：Report anomalous individuals-2,https://www.wattpad.com/1643844249-planet-phoenix-chapter-14%EF%BC%9Areport-anomalous,1,0,0,76.01,2026-07-27T14:00:03Z
2026-07-31T02:00:30+08:00,15,1643844641,Chapter 15：Report anomalous individuals-3,https://www.wattpad.com/1643844641-planet-phoenix-chapter-15%EF%BC%9Areport-anomalous,1,0,0,62.01,2026-07-28T04:00:03Z
2026-07-31T02:00:30+08:00,16,1643845149,Chapter 16：The Journey of Common Sense-1,https://www.wattpad.com/1643845149-planet-phoenix-chapter-16%EF%BC%9Athe-journey-of-common,2,1,0,48.01,2026-07-28T18:00:03Z
2026-07-31T02:00:30+08:00,17,1643845633,Chapter 17：The Journey of Common Sense-2,https://www.wattpad.com/1643845633-planet-phoenix-chapter-17%EF%BC%9Athe-journey-of-common,0,0,0,34.01,2026-07-29T08:00:02Z
2026-07-31T02:00:30+08:00,18,1643845966,Chapter 18：The Journey of Common Sense-3,https://www.wattpad.com/1643845966-planet-phoenix-chapter-18%EF%BC%9Athe-journey-of-common,0,0,0,20.01,2026-07-29T22:00:02Z
2026-07-31T02:00:30+08:00,19,1643846464,"Chapter 19：Strictly Speaking, It is Cohabitation",https://www.wattpad.com/1643846464-planet-phoenix-chapter-19%EF%BC%9Astrictly-speaking-it-is,0,0,0,6.01,2026-07-30T12:00:02Z
2026-07-31T03:00:38+08:00,1,1643734560,Chapter 1 massive earthquake-1,https://www.wattpad.com/1643734560-planet-phoenix-chapter-1-massive-earthquake-1,14,0,0,259.01,2026-07-20T00:00:02Z
2026-07-31T03:00:38+08:00,2,1643743618,Chapter 2 massive earthquake-2,https://www.wattpad.com/1643743618-planet-phoenix-chapter-2-massive-earthquake-2,11,1,0,245.01,2026-07-20T14:00:02Z
2026-07-31T03:00:38+08:00,3,1643746352,Chapter 3 massive earthquake-3,https://www.wattpad.com/1643746352-planet-phoenix-chapter-3-massive-earthquake-3,5,0,0,231.01,2026-07-21T04:00:02Z
2026-07-31T03:00:38+08:00,4,1643746654,Chapter 4 massive earthquake-4,https://www.wattpad.com/1643746654-planet-phoenix-chapter-4-massive-earthquake-4,9,1,-1,217.01,2026-07-21T18:00:02Z
2026-07-31T03:00:38+08:00,5,1643747136,Chapter 5 Escape from death,https://www.wattpad.com/1643747136-planet-phoenix-chapter-5-escape-from-death,1,0,0,203.01,2026-07-22T08:00:03Z
2026-07-31T03:00:38+08:00,6,1643747955,Chapter 6：Interlude,https://www.wattpad.com/1643747955-planet-phoenix-chapter-6%EF%BC%9Ainterlude,7,0,0,189.01,2026-07-22T22:00:02Z
2026-07-31T03:00:38+08:00,7,1643748308,Chapter 7：The cabin in the forest,https://www.wattpad.com/1643748308-planet-phoenix-chapter-7%EF%BC%9Athe-cabin-in-the-forest,9,0,1,175.01,2026-07-23T12:00:02Z
2026-07-31T03:00:38+08:00,8,1643748909,Chapter 8：Weird person in the train,https://www.wattpad.com/1643748909-planet-phoenix-chapter-8%EF%BC%9Aweird-person-in-the-train,5,0,0,161.01,2026-07-24T02:00:02Z
2026-07-31T03:00:38+08:00,9,1643749360,Chapter 9：Weird person-1,https://www.wattpad.com/1643749360-planet-phoenix-chapter-9%EF%BC%9Aweird-person-1,1,0,0,147.01,2026-07-24T16:00:03Z
2026-07-31T03:00:38+08:00,10,1643749998,Chapter 10：Weird person-2,https://www.wattpad.com/1643749998-planet-phoenix-chapter-10%EF%BC%9Aweird-person-2,4,0,0,133.01,2026-07-25T06:00:02Z
2026-07-31T03:00:38+08:00,11,1643750323,Chapter 11：Weird person-3,https://www.wattpad.com/1643750323-planet-phoenix-chapter-11%EF%BC%9Aweird-person-3,4,0,0,119.01,2026-07-25T20:00:02Z
2026-07-31T03:00:38+08:00,12,1643751148,Chapter 12：Homestead,https://www.wattpad.com/1643751148-planet-phoenix-chapter-12%EF%BC%9Ahomestead,0,0,0,105.01,2026-07-26T10:00:03Z
2026-07-31T03:00:38+08:00,13,1643843952,Chapter 13：Report anomalous individuals-1,https://www.wattpad.com/1643843952-planet-phoenix-chapter-13%EF%BC%9Areport-anomalous,1,0,0,91.01,2026-07-27T00:00:02Z
2026-07-31T03:00:38+08:00,14,1643844249,Chapter 14：Report anomalous individuals-2,https://www.wattpad.com/1643844249-planet-phoenix-chapter-14%EF%BC%9Areport-anomalous,1,0,0,77.01,2026-07-27T14:00:03Z
2026-07-31T03:00:38+08:00,15,1643844641,Chapter 15：Report anomalous individuals-3,https://www.wattpad.com/1643844641-planet-phoenix-chapter-15%EF%BC%9Areport-anomalous,1,0,0,63.01,2026-07-28T04:00:03Z
2026-07-31T03:00:38+08:00,16,1643845149,Chapter 16：The Journey of Common Sense-1,https://www.wattpad.com/1643845149-planet-phoenix-chapter-16%EF%BC%9Athe-journey-of-common,2,1,0,49.01,2026-07-28T18:00:03Z
2026-07-31T03:00:38+08:00,17,1643845633,Chapter 17：The Journey of Common Sense-2,https://www.wattpad.com/1643845633-planet-phoenix-chapter-17%EF%BC%9Athe-journey-of-common,0,0,0,35.01,2026-07-29T08:00:02Z
2026-07-31T03:00:38+08:00,18,1643845966,Chapter 18：The Journey of Common Sense-3,https://www.wattpad.com/1643845966-planet-phoenix-chapter-18%EF%BC%9Athe-journey-of-common,0,0,0,21.01,2026-07-29T22:00:02Z
2026-07-31T03:00:38+08:00,19,1643846464,"Chapter 19：Strictly Speaking, It is Cohabitation",https://www.wattpad.com/1643846464-planet-phoenix-chapter-19%EF%BC%9Astrictly-speaking-it-is,0,0,0,7.01,2026-07-30T12:00:02Z
2026-07-31T04:00:31+08:00,1,1643734560,Chapter 1 massive earthquake-1,https://www.wattpad.com/1643734560-planet-phoenix-chapter-1-massive-earthquake-1,14,0,0,260.01,2026-07-20T00:00:02Z
2026-07-31T04:00:31+08:00,2,1643743618,Chapter 2 massive earthquake-2,https://www.wattpad.com/1643743618-planet-phoenix-chapter-2-massive-earthquake-2,11,1,0,246.01,2026-07-20T14:00:02Z
2026-07-31T04:00:31+08:00,3,1643746352,Chapter 3 massive earthquake-3,https://www.wattpad.com/1643746352-planet-phoenix-chapter-3-massive-earthquake-3,5,0,0,232.01,2026-07-21T04:00:02Z
2026-07-31T04:00:31+08:00,4,1643746654,Chapter 4 massive earthquake-4,https://www.wattpad.com/1643746654-planet-phoenix-chapter-4-massive-earthquake-4,9,1,-1,218.01,2026-07-21T18:00:02Z
2026-07-31T04:00:31+08:00,5,1643747136,Chapter 5 Escape from death,https://www.wattpad.com/1643747136-planet-phoenix-chapter-5-escape-from-death,1,0,0,204.01,2026-07-22T08:00:03Z
2026-07-31T04:00:31+08:00,6,1643747955,Chapter 6：Interlude,https://www.wattpad.com/1643747955-planet-phoenix-chapter-6%EF%BC%9Ainterlude,7,0,0,190.01,2026-07-22T22:00:02Z
2026-07-31T04:00:31+08:00,7,1643748308,Chapter 7：The cabin in the forest,https://www.wattpad.com/1643748308-planet-phoenix-chapter-7%EF%BC%9Athe-cabin-in-the-forest,9,0,1,176.01,2026-07-23T12:00:02Z
2026-07-31T04:00:31+08:00,8,1643748909,Chapter 8：Weird person in the train,https://www.wattpad.com/1643748909-planet-phoenix-chapter-8%EF%BC%9Aweird-person-in-the-train,5,0,0,162.01,2026-07-24T02:00:02Z
2026-07-31T04:00:31+08:00,9,1643749360,Chapter 9：Weird person-1,https://www.wattpad.com/1643749360-planet-phoenix-chapter-9%EF%BC%9Aweird-person-1,1,0,0,148.01,2026-07-24T16:00:03Z
2026-07-31T04:00:31+08:00,10,1643749998,Chapter 10：Weird person-2,https://www.wattpad.com/1643749998-planet-phoenix-chapter-10%EF%BC%9Aweird-person-2,4,0,0,134.01,2026-07-25T06:00:02Z
2026-07-31T04:00:31+08:00,11,1643750323,Chapter 11：Weird person-3,https://www.wattpad.com/1643750323-planet-phoenix-chapter-11%EF%BC%9Aweird-person-3,4,0,0,120.01,2026-07-25T20:00:02Z
2026-07-31T04:00:31+08:00,12,1643751148,Chapter 12：Homestead,https://www.wattpad.com/1643751148-planet-phoenix-chapter-12%EF%BC%9Ahomestead,0,0,0,106.01,2026-07-26T10:00:03Z
2026-07-31T04:00:31+08:00,13,1643843952,Chapter 13：Report anomalous individuals-1,https://www.wattpad.com/1643843952-planet-phoenix-chapter-13%EF%BC%9Areport-anomalous,1,0,0,92.01,2026-07-27T00:00:02Z
2026-07-31T04:00:31+08:00,14,1643844249,Chapter 14：Report anomalous individuals-2,https://www.wattpad.com/1643844249-planet-phoenix-chapter-14%EF%BC%9Areport-anomalous,1,0,0,78.01,2026-07-27T14:00:03Z
2026-07-31T04:00:31+08:00,15,1643844641,Chapter 15：Report anomalous individuals-3,https://www.wattpad.com/1643844641-planet-phoenix-chapter-15%EF%BC%9Areport-anomalous,1,0,0,64.01,2026-07-28T04:00:03Z
2026-07-31T04:00:31+08:00,16,1643845149,Chapter 16：The Journey of Common Sense-1,https://www.wattpad.com/1643845149-planet-phoenix-chapter-16%EF%BC%9Athe-journey-of-common,2,1,0,50.01,2026-07-28T18:00:03Z
2026-07-31T04:00:31+08:00,17,1643845633,Chapter 17：The Journey of Common Sense-2,https://www.wattpad.com/1643845633-planet-phoenix-chapter-17%EF%BC%9Athe-journey-of-common,0,0,0,36.01,2026-07-29T08:00:02Z
2026-07-31T04:00:31+08:00,18,1643845966,Chapter 18：The Journey of Common Sense-3,https://www.wattpad.com/1643845966-planet-phoenix-chapter-18%EF%BC%9Athe-journey-of-common,0,0,0,22.01,2026-07-29T22:00:02Z
2026-07-31T04:00:31+08:00,19,1643846464,"Chapter 19：Strictly Speaking, It is Cohabitation",https://www.wattpad.com/1643846464-planet-phoenix-chapter-19%EF%BC%9Astrictly-speaking-it-is,0,0,0,8.01,2026-07-30T12:00:02Z
2026-07-31T05:00:37+08:00,1,1643734560,Chapter 1 massive earthquake-1,https://www.wattpad.com/1643734560-planet-phoenix-chapter-1-massive-earthquake-1,14,0,0,261.01,2026-07-20T00:00:02Z
2026-07-31T05:00:37+08:00,2,1643743618,Chapter 2 massive earthquake-2,https://www.wattpad.com/1643743618-planet-phoenix-chapter-2-massive-earthquake-2,11,1,0,247.01,2026-07-20T14:00:02Z
2026-07-31T05:00:37+08:00,3,1643746352,Chapter 3 massive earthquake-3,https://www.wattpad.com/1643746352-planet-phoenix-chapter-3-massive-earthquake-3,5,0,0,233.01,2026-07-21T04:00:02Z
2026-07-31T05:00:37+08:00,4,1643746654,Chapter 4 massive earthquake-4,https://www.wattpad.com/1643746654-planet-phoenix-chapter-4-massive-earthquake-4,9,1,-1,219.01,2026-07-21T18:00:02Z
2026-07-31T05:00:37+08:00,5,1643747136,Chapter 5 Escape from death,https://www.wattpad.com/1643747136-planet-phoenix-chapter-5-escape-from-death,1,0,0,205.01,2026-07-22T08:00:03Z
2026-07-31T05:00:37+08:00,6,1643747955,Chapter 6：Interlude,https://www.wattpad.com/1643747955-planet-phoenix-chapter-6%EF%BC%9Ainterlude,7,0,0,191.01,2026-07-22T22:00:02Z
2026-07-31T05:00:37+08:00,7,1643748308,Chapter 7：The cabin in the forest,https://www.wattpad.com/1643748308-planet-phoenix-chapter-7%EF%BC%9Athe-cabin-in-the-forest,9,0,1,177.01,2026-07-23T12:00:02Z
2026-07-31T05:00:37+08:00,8,1643748909,Chapter 8：Weird person in the train,https://www.wattpad.com/1643748909-planet-phoenix-chapter-8%EF%BC%9Aweird-person-in-the-train,5,0,0,163.01,2026-07-24T02:00:02Z
2026-07-31T05:00:37+08:00,9,1643749360,Chapter 9：Weird person-1,https://www.wattpad.com/1643749360-planet-phoenix-chapter-9%EF%BC%9Aweird-person-1,1,0,0,149.01,2026-07-24T16:00:03Z
2026-07-31T05:00:37+08:00,10,1643749998,Chapter 10：Weird person-2,https://www.wattpad.com/1643749998-planet-phoenix-chapter-10%EF%BC%9Aweird-person-2,4,0,0,135.01,2026-07-25T06:00:02Z
2026-07-31T05:00:37+08:00,11,1643750323,Chapter 11：Weird person-3,https://www.wattpad.com/1643750323-planet-phoenix-chapter-11%EF%BC%9Aweird-person-3,4,0,0,121.01,2026-07-25T20:00:02Z
2026-07-31T05:00:37+08:00,12,1643751148,Chapter 12：Homestead,https://www.wattpad.com/1643751148-planet-phoenix-chapter-12%EF%BC%9Ahomestead,0,0,0,107.01,2026-07-26T10:00:03Z
2026-07-31T05:00:37+08:00,13,1643843952,Chapter 13：Report anomalous individuals-1,https://www.wattpad.com/1643843952-planet-phoenix-chapter-13%EF%BC%9Areport-anomalous,1,0,0,93.01,2026-07-27T00:00:02Z
2026-07-31T05:00:37+08:00,14,1643844249,Chapter 14：Report anomalous individuals-2,https://www.wattpad.com/1643844249-planet-phoenix-chapter-14%EF%BC%9Areport-anomalous,1,0,0,79.01,2026-07-27T14:00:03Z
2026-07-31T05:00:37+08:00,15,1643844641,Chapter 15：Report anomalous individuals-3,https://www.wattpad.com/1643844641-planet-phoenix-chapter-15%EF%BC%9Areport-anomalous,1,0,0,65.01,2026-07-28T04:00:03Z
2026-07-31T05:00:37+08:00,16,1643845149,Chapter 16：The Journey of Common Sense-1,https://www.wattpad.com/1643845149-planet-phoenix-chapter-16%EF%BC%9Athe-journey-of-common,2,1,0,51.01,2026-07-28T18:00:03Z
2026-07-31T05:00:37+08:00,17,1643845633,Chapter 17：The Journey of Common Sense-2,https://www.wattpad.com/1643845633-planet-phoenix-chapter-17%EF%BC%9Athe-journey-of-common,0,0,0,37.01,2026-07-29T08:00:02Z
2026-07-31T05:00:37+08:00,18,1643845966,Chapter 18：The Journey of Common Sense-3,https://www.wattpad.com/1643845966-planet-phoenix-chapter-18%EF%BC%9Athe-journey-of-common,0,0,0,23.01,2026-07-29T22:00:02Z
2026-07-31T05:00:37+08:00,19,1643846464,"Chapter 19：Strictly Speaking, It is Cohabitation",https://www.wattpad.com/1643846464-planet-phoenix-chapter-19%EF%BC%9Astrictly-speaking-it-is,0,0,0,9.01,2026-07-30T12:00:02Z
2026-07-31T06:00:28+08:00,1,1643734560,Chapter 1 massive earthquake-1,https://www.wattpad.com/1643734560-planet-phoenix-chapter-1-massive-earthquake-1,14,0,0,262.01,2026-07-20T00:00:02Z
2026-07-31T06:00:28+08:00,2,1643743618,Chapter 2 massive earthquake-2,https://www.wattpad.com/1643743618-planet-phoenix-chapter-2-massive-earthquake-2,11,1,0,248.01,2026-07-20T14:00:02Z
2026-07-31T06:00:28+08:00,3,1643746352,Chapter 3 massive earthquake-3,https://www.wattpad.com/1643746352-planet-phoenix-chapter-3-massive-earthquake-3,5,0,0,234.01,2026-07-21T04:00:02Z
2026-07-31T06:00:28+08:00,4,1643746654,Chapter 4 massive earthquake-4,https://www.wattpad.com/1643746654-planet-phoenix-chapter-4-massive-earthquake-4,9,1,-1,220.01,2026-07-21T18:00:02Z
2026-07-31T06:00:28+08:00,5,1643747136,Chapter 5 Escape from death,https://www.wattpad.com/1643747136-planet-phoenix-chapter-5-escape-from-death,1,0,0,206.01,2026-07-22T08:00:03Z
2026-07-31T06:00:28+08:00,6,1643747955,Chapter 6：Interlude,https://www.wattpad.com/1643747955-planet-phoenix-chapter-6%EF%BC%9Ainterlude,7,0,0,192.01,2026-07-22T22:00:02Z
2026-07-31T06:00:28+08:00,7,1643748308,Chapter 7：The cabin in the forest,https://www.wattpad.com/1643748308-planet-phoenix-chapter-7%EF%BC%9Athe-cabin-in-the-forest,9,0,1,178.01,2026-07-23T12:00:02Z
2026-07-31T06:00:28+08:00,8,1643748909,Chapter 8：Weird person in the train,https://www.wattpad.com/1643748909-planet-phoenix-chapter-8%EF%BC%9Aweird-person-in-the-train,5,0,0,164.01,2026-07-24T02:00:02Z
2026-07-31T06:00:28+08:00,9,1643749360,Chapter 9：Weird person-1,https://www.wattpad.com/1643749360-planet-phoenix-chapter-9%EF%BC%9Aweird-person-1,1,0,0,150.01,2026-07-24T16:00:03Z
2026-07-31T06:00:28+08:00,10,1643749998,Chapter 10：Weird person-2,https://www.wattpad.com/1643749998-planet-phoenix-chapter-10%EF%BC%9Aweird-person-2,4,0,0,136.01,2026-07-25T06:00:02Z
2026-07-31T06:00:28+08:00,11,1643750323,Chapter 11：Weird person-3,https://www.wattpad.com/1643750323-planet-phoenix-chapter-11%EF%BC%9Aweird-person-3,4,0,0,122.01,2026-07-25T20:00:02Z
2026-07-31T06:00:28+08:00,12,1643751148,Chapter 12：Homestead,https://www.wattpad.com/1643751148-planet-phoenix-chapter-12%EF%BC%9Ahomestead,0,0,0,108.01,2026-07-26T10:00:03Z
2026-07-31T06:00:28+08:00,13,1643843952,Chapter 13：Report anomalous individuals-1,https://www.wattpad.com/1643843952-planet-phoenix-chapter-13%EF%BC%9Areport-anomalous,1,0,0,94.01,2026-07-27T00:00:02Z
2026-07-31T06:00:28+08:00,14,1643844249,Chapter 14：Report anomalous individuals-2,https://www.wattpad.com/1643844249-planet-phoenix-chapter-14%EF%BC%9Areport-anomalous,1,0,0,80.01,2026-07-27T14:00:03Z
2026-07-31T06:00:28+08:00,15,1643844641,Chapter 15：Report anomalous individuals-3,https://www.wattpad.com/1643844641-planet-phoenix-chapter-15%EF%BC%9Areport-anomalous,1,0,0,66.01,2026-07-28T04:00:03Z
2026-07-31T06:00:28+08:00,16,1643845149,Chapter 16：The Journey of Common Sense-1,https://www.wattpad.com/1643845149-planet-phoenix-chapter-16%EF%BC%9Athe-journey-of-common,2,1,0,52.01,2026-07-28T18:00:03Z
2026-07-31T06:00:28+08:00,17,1643845633,Chapter 17：The Journey of Common Sense-2,https://www.wattpad.com/1643845633-planet-phoenix-chapter-17%EF%BC%9Athe-journey-of-common,0,0,0,38.01,2026-07-29T08:00:02Z
2026-07-31T06:00:28+08:00,18,1643845966,Chapter 18：The Journey of Common Sense-3,https://www.wattpad.com/1643845966-planet-phoenix-chapter-18%EF%BC%9Athe-journey-of-common,0,0,0,24.01,2026-07-29T22:00:02Z
2026-07-31T06:00:28+08:00,19,1643846464,"Chapter 19：Strictly Speaking, It is Cohabitation",https://www.wattpad.com/1643846464-planet-phoenix-chapter-19%EF%BC%9Astrictly-speaking-it-is,0,0,0,10.01,2026-07-30T12:00:02Z
2026-07-31T07:00:36+08:00,1,1643734560,Chapter 1 massive earthquake-1,https://www.wattpad.com/1643734560-planet-phoenix-chapter-1-massive-earthquake-1,14,0,0,263.01,2026-07-20T00:00:02Z
2026-07-31T07:00:36+08:00,2,1643743618,Chapter 2 massive earthquake-2,https://www.wattpad.com/1643743618-planet-phoenix-chapter-2-massive-earthquake-2,11,1,0,249.01,2026-07-20T14:00:02Z
2026-07-31T07:00:36+08:00,3,1643746352,Chapter 3 massive earthquake-3,https://www.wattpad.com/1643746352-planet-phoenix-chapter-3-massive-earthquake-3,5,0,0,235.01,2026-07-21T04:00:02Z
2026-07-31T07:00:36+08:00,4,1643746654,Chapter 4 massive earthquake-4,https://www.wattpad.com/1643746654-planet-phoenix-chapter-4-massive-earthquake-4,9,1,-1,221.01,2026-07-21T18:00:02Z
2026-07-31T07:00:36+08:00,5,1643747136,Chapter 5 Escape from death,https://www.wattpad.com/1643747136-planet-phoenix-chapter-5-escape-from-death,1,0,0,207.01,2026-07-22T08:00:03Z
2026-07-31T07:00:36+08:00,6,1643747955,Chapter 6：Interlude,https://www.wattpad.com/1643747955-planet-phoenix-chapter-6%EF%BC%9Ainterlude,7,0,0,193.01,2026-07-22T22:00:02Z
2026-07-31T07:00:36+08:00,7,1643748308,Chapter 7：The cabin in the forest,https://www.wattpad.com/1643748308-planet-phoenix-chapter-7%EF%BC%9Athe-cabin-in-the-forest,9,0,1,179.01,2026-07-23T12:00:02Z
2026-07-31T07:00:36+08:00,8,1643748909,Chapter 8：Weird person in the train,https://www.wattpad.com/1643748909-planet-phoenix-chapter-8%EF%BC%9Aweird-person-in-the-train,5,0,0,165.01,2026-07-24T02:00:02Z
2026-07-31T07:00:36+08:00,9,1643749360,Chapter 9：Weird person-1,https://www.wattpad.com/1643749360-planet-phoenix-chapter-9%EF%BC%9Aweird-person-1,1,0,0,151.01,2026-07-24T16:00:03Z
2026-07-31T07:00:36+08:00,10,1643749998,Chapter 10：Weird person-2,https://www.wattpad.com/1643749998-planet-phoenix-chapter-10%EF%BC%9Aweird-person-2,4,0,0,137.01,2026-07-25T06:00:02Z
2026-07-31T07:00:36+08:00,11,1643750323,Chapter 11：Weird person-3,https://www.wattpad.com/1643750323-planet-phoenix-chapter-11%EF%BC%9Aweird-person-3,4,0,0,123.01,2026-07-25T20:00:02Z
2026-07-31T07:00:36+08:00,12,1643751148,Chapter 12：Homestead,https://www.wattpad.com/1643751148-planet-phoenix-chapter-12%EF%BC%9Ahomestead,0,0,0,109.01,2026-07-26T10:00:03Z
2026-07-31T07:00:36+08:00,13,1643843952,Chapter 13：Report anomalous individuals-1,https://www.wattpad.com/1643843952-planet-phoenix-chapter-13%EF%BC%9Areport-anomalous,1,0,0,95.01,2026-07-27T00:00:02Z
2026-07-31T07:00:36+08:00,14,1643844249,Chapter 14：Report anomalous individuals-2,https://www.wattpad.com/1643844249-planet-phoenix-chapter-14%EF%BC%9Areport-anomalous,1,0,0,81.01,2026-07-27T14:00:03Z
2026-07-31T07:00:36+08:00,15,1643844641,Chapter 15：Report anomalous individuals-3,https://www.wattpad.com/1643844641-planet-phoenix-chapter-15%EF%BC%9Areport-anomalous,1,0,0,67.01,2026-07-28T04:00:03Z
2026-07-31T07:00:36+08:00,16,1643845149,Chapter 16：The Journey of Common Sense-1,https://www.wattpad.com/1643845149-planet-phoenix-chapter-16%EF%BC%9Athe-journey-of-common,2,1,0,53.01,2026-07-28T18:00:03Z
2026-07-31T07:00:36+08:00,17,1643845633,Chapter 17：The Journey of Common Sense-2,https://www.wattpad.com/1643845633-planet-phoenix-chapter-17%EF%BC%9Athe-journey-of-common,0,0,0,39.01,2026-07-29T08:00:02Z
2026-07-31T07:00:36+08:00,18,1643845966,Chapter 18：The Journey of Common Sense-3,https://www.wattpad.com/1643845966-planet-phoenix-chapter-18%EF%BC%9Athe-journey-of-common,0,0,0,25.01,2026-07-29T22:00:02Z
2026-07-31T07:00:36+08:00,19,1643846464,"Chapter 19：Strictly Speaking, It is Cohabitation",https://www.wattpad.com/1643846464-planet-phoenix-chapter-19%EF%BC%9Astrictly-speaking-it-is,0,0,0,11.01,2026-07-30T12:00:02Z
2026-07-31T08:00:38+08:00,1,1643734560,Chapter 1 massive earthquake-1,https://www.wattpad.com/1643734560-planet-phoenix-chapter-1-massive-earthquake-1,14,0,0,264.01,2026-07-20T00:00:02Z
2026-07-31T08:00:38+08:00,2,1643743618,Chapter 2 massive earthquake-2,https://www.wattpad.com/1643743618-planet-phoenix-chapter-2-massive-earthquake-2,11,1,0,250.01,2026-07-20T14:00:02Z
2026-07-31T08:00:38+08:00,3,1643746352,Chapter 3 massive earthquake-3,https://www.wattpad.com/1643746352-planet-phoenix-chapter-3-massive-earthquake-3,5,0,0,236.01,2026-07-21T04:00:02Z
2026-07-31T08:00:38+08:00,4,1643746654,Chapter 4 massive earthquake-4,https://www.wattpad.com/1643746654-planet-phoenix-chapter-4-massive-earthquake-4,9,1,-1,222.01,2026-07-21T18:00:02Z
2026-07-31T08:00:38+08:00,5,1643747136,Chapter 5 Escape from death,https://www.wattpad.com/1643747136-planet-phoenix-chapter-5-escape-from-death,1,0,0,208.01,2026-07-22T08:00:03Z
2026-07-31T08:00:38+08:00,6,1643747955,Chapter 6：Interlude,https://www.wattpad.com/1643747955-planet-phoenix-chapter-6%EF%BC%9Ainterlude,7,0,0,194.01,2026-07-22T22:00:02Z
2026-07-31T08:00:38+08:00,7,1643748308,Chapter 7：The cabin in the forest,https://www.wattpad.com/1643748308-planet-phoenix-chapter-7%EF%BC%9Athe-cabin-in-the-forest,9,0,1,180.01,2026-07-23T12:00:02Z
2026-07-31T08:00:38+08:00,8,1643748909,Chapter 8：Weird person in the train,https://www.wattpad.com/1643748909-planet-phoenix-chapter-8%EF%BC%9Aweird-person-in-the-train,5,0,0,166.01,2026-07-24T02:00:02Z
2026-07-31T08:00:38+08:00,9,1643749360,Chapter 9：Weird person-1,https://www.wattpad.com/1643749360-planet-phoenix-chapter-9%EF%BC%9Aweird-person-1,1,0,0,152.01,2026-07-24T16:00:03Z
2026-07-31T08:00:38+08:00,10,1643749998,Chapter 10：Weird person-2,https://www.wattpad.com/1643749998-planet-phoenix-chapter-10%EF%BC%9Aweird-person-2,4,0,0,138.01,2026-07-25T06:00:02Z
2026-07-31T08:00:38+08:00,11,1643750323,Chapter 11：Weird person-3,https://www.wattpad.com/1643750323-planet-phoenix-chapter-11%EF%BC%9Aweird-person-3,4,0,0,124.01,2026-07-25T20:00:02Z
2026-07-31T08:00:38+08:00,12,1643751148,Chapter 12：Homestead,https://www.wattpad.com/1643751148-planet-phoenix-chapter-12%EF%BC%9Ahomestead,0,0,0,110.01,2026-07-26T10:00:03Z
2026-07-31T08:00:38+08:00,13,1643843952,Chapter 13：Report anomalous individuals-1,https://www.wattpad.com/1643843952-planet-phoenix-chapter-13%EF%BC%9Areport-anomalous,1,0,0,96.01,2026-07-27T00:00:02Z
2026-07-31T08:00:38+08:00,14,1643844249,Chapter 14：Report anomalous individuals-2,https://www.wattpad.com/1643844249-planet-phoenix-chapter-14%EF%BC%9Areport-anomalous,1,0,0,82.01,2026-07-27T14:00:03Z
2026-07-31T08:00:38+08:00,15,1643844641,Chapter 15：Report anomalous individuals-3,https://www.wattpad.com/1643844641-planet-phoenix-chapter-15%EF%BC%9Areport-anomalous,1,0,0,68.01,2026-07-28T04:00:03Z
2026-07-31T08:00:38+08:00,16,1643845149,Chapter 16：The Journey of Common Sense-1,https://www.wattpad.com/1643845149-planet-phoenix-chapter-16%EF%BC%9Athe-journey-of-common,2,1,0,54.01,2026-07-28T18:00:03Z
2026-07-31T08:00:38+08:00,17,1643845633,Chapter 17：The Journey of Common Sense-2,https://www.wattpad.com/1643845633-planet-phoenix-chapter-17%EF%BC%9Athe-journey-of-common,0,0,0,40.01,2026-07-29T08:00:02Z
2026-07-31T08:00:38+08:00,18,1643845966,Chapter 18：The Journey of Common Sense-3,https://www.wattpad.com/1643845966-planet-phoenix-chapter-18%EF%BC%9Athe-journey-of-common,0,0,0,26.01,2026-07-29T22:00:02Z
2026-07-31T08:00:38+08:00,19,1643846464,"Chapter 19：Strictly Speaking, It is Cohabitation",https://www.wattpad.com/1643846464-planet-phoenix-chapter-19%EF%BC%9Astrictly-speaking-it-is,0,0,0,12.01,2026-07-30T12:00:02Z
2026-07-31T09:00:35+08:00,1,1643734560,Chapter 1 massive earthquake-1,https://www.wattpad.com/1643734560-planet-phoenix-chapter-1-massive-earthquake-1,14,0,0,265.01,2026-07-20T00:00:02Z
2026-07-31T09:00:35+08:00,2,1643743618,Chapter 2 massive earthquake-2,https://www.wattpad.com/1643743618-planet-phoenix-chapter-2-massive-earthquake-2,11,1,0,251.01,2026-07-20T14:00:02Z
2026-07-31T09:00:35+08:00,3,1643746352,Chapter 3 massive earthquake-3,https://www.wattpad.com/1643746352-planet-phoenix-chapter-3-massive-earthquake-3,5,0,0,237.01,2026-07-21T04:00:02Z
2026-07-31T09:00:35+08:00,4,1643746654,Chapter 4 massive earthquake-4,https://www.wattpad.com/1643746654-planet-phoenix-chapter-4-massive-earthquake-4,9,1,-1,223.01,2026-07-21T18:00:02Z
2026-07-31T09:00:35+08:00,5,1643747136,Chapter 5 Escape from death,https://www.wattpad.com/1643747136-planet-phoenix-chapter-5-escape-from-death,1,0,0,209.01,2026-07-22T08:00:03Z
2026-07-31T09:00:35+08:00,6,1643747955,Chapter 6：Interlude,https://www.wattpad.com/1643747955-planet-phoenix-chapter-6%EF%BC%9Ainterlude,7,0,0,195.01,2026-07-22T22:00:02Z
2026-07-31T09:00:35+08:00,7,1643748308,Chapter 7：The cabin in the forest,https://www.wattpad.com/1643748308-planet-phoenix-chapter-7%EF%BC%9Athe-cabin-in-the-forest,10,0,1,181.01,2026-07-23T12:00:02Z
2026-07-31T09:00:35+08:00,8,1643748909,Chapter 8：Weird person in the train,https://www.wattpad.com/1643748909-planet-phoenix-chapter-8%EF%BC%9Aweird-person-in-the-train,5,0,0,167.01,2026-07-24T02:00:02Z
2026-07-31T09:00:35+08:00,9,1643749360,Chapter 9：Weird person-1,https://www.wattpad.com/1643749360-planet-phoenix-chapter-9%EF%BC%9Aweird-person-1,1,0,0,153.01,2026-07-24T16:00:03Z
2026-07-31T09:00:35+08:00,10,1643749998,Chapter 10：Weird person-2,https://www.wattpad.com/1643749998-planet-phoenix-chapter-10%EF%BC%9Aweird-person-2,4,0,0,139.01,2026-07-25T06:00:02Z
2026-07-31T09:00:35+08:00,11,1643750323,Chapter 11：Weird person-3,https://www.wattpad.com/1643750323-planet-phoenix-chapter-11%EF%BC%9Aweird-person-3,4,0,0,125.01,2026-07-25T20:00:02Z
2026-07-31T09:00:35+08:00,12,1643751148,Chapter 12：Homestead,https://www.wattpad.com/1643751148-planet-phoenix-chapter-12%EF%BC%9Ahomestead,0,0,0,111.01,2026-07-26T10:00:03Z
2026-07-31T09:00:35+08:00,13,1643843952,Chapter 13：Report anomalous individuals-1,https://www.wattpad.com/1643843952-planet-phoenix-chapter-13%EF%BC%9Areport-anomalous,1,0,0,97.01,2026-07-27T00:00:02Z
2026-07-31T09:00:35+08:00,14,1643844249,Chapter 14：Report anomalous individuals-2,https://www.wattpad.com/1643844249-planet-phoenix-chapter-14%EF%BC%9Areport-anomalous,1,0,0,83.01,2026-07-27T14:00:03Z
2026-07-31T09:00:35+08:00,15,1643844641,Chapter 15：Report anomalous individuals-3,https://www.wattpad.com/1643844641-planet-phoenix-chapter-15%EF%BC%9Areport-anomalous,1,0,0,69.01,2026-07-28T04:00:03Z
2026-07-31T09:00:35+08:00,16,1643845149,Chapter 16：The Journey of Common Sense-1,https://www.wattpad.com/1643845149-planet-phoenix-chapter-16%EF%BC%9Athe-journey-of-common,2,1,0,55.01,2026-07-28T18:00:03Z
2026-07-31T09:00:35+08:00,17,1643845633,Chapter 17：The Journey of Common Sense-2,https://www.wattpad.com/1643845633-planet-phoenix-chapter-17%EF%BC%9Athe-journey-of-common,0,0,0,41.01,2026-07-29T08:00:02Z
2026-07-31T09:00:35+08:00,18,1643845966,Chapter 18：The Journey of Common Sense-3,https://www.wattpad.com/1643845966-planet-phoenix-chapter-18%EF%BC%9Athe-journey-of-common,0,0,0,27.01,2026-07-29T22:00:02Z
2026-07-31T09:00:35+08:00,19,1643846464,"Chapter 19：Strictly Speaking, It is Cohabitation",https://www.wattpad.com/1643846464-planet-phoenix-chapter-19%EF%BC%9Astrictly-speaking-it-is,0,0,0,13.01,2026-07-30T12:00:02Z
2026-07-31T10:00:29+08:00,1,1643734560,Chapter 1 massive earthquake-1,https://www.wattpad.com/1643734560-planet-phoenix-chapter-1-massive-earthquake-1,15,0,0,266.01,2026-07-20T00:00:02Z
2026-07-31T10:00:29+08:00,2,1643743618,Chapter 2 massive earthquake-2,https://www.wattpad.com/1643743618-planet-phoenix-chapter-2-massive-earthquake-2,12,1,0,252.01,2026-07-20T14:00:02Z
2026-07-31T10:00:29+08:00,3,1643746352,Chapter 3 massive earthquake-3,https://www.wattpad.com/1643746352-planet-phoenix-chapter-3-massive-earthquake-3,5,0,0,238.01,2026-07-21T04:00:02Z
2026-07-31T10:00:29+08:00,4,1643746654,Chapter 4 massive earthquake-4,https://www.wattpad.com/1643746654-planet-phoenix-chapter-4-massive-earthquake-4,9,1,-1,224.01,2026-07-21T18:00:02Z
2026-07-31T10:00:29+08:00,5,1643747136,Chapter 5 Escape from death,https://www.wattpad.com/1643747136-planet-phoenix-chapter-5-escape-from-death,1,0,0,210.01,2026-07-22T08:00:03Z
2026-07-31T10:00:29+08:00,6,1643747955,Chapter 6：Interlude,https://www.wattpad.com/1643747955-planet-phoenix-chapter-6%EF%BC%9Ainterlude,7,0,0,196.01,2026-07-22T22:00:02Z
2026-07-31T10:00:29+08:00,7,1643748308,Chapter 7：The cabin in the forest,https://www.wattpad.com/1643748308-planet-phoenix-chapter-7%EF%BC%9Athe-cabin-in-the-forest,10,0,1,182.01,2026-07-23T12:00:02Z
2026-07-31T10:00:29+08:00,8,1643748909,Chapter 8：Weird person in the train,https://www.wattpad.com/1643748909-planet-phoenix-chapter-8%EF%BC%9Aweird-person-in-the-train,5,0,0,168.01,2026-07-24T02:00:02Z
2026-07-31T10:00:29+08:00,9,1643749360,Chapter 9：Weird person-1,https://www.wattpad.com/1643749360-planet-phoenix-chapter-9%EF%BC%9Aweird-person-1,1,0,0,154.01,2026-07-24T16:00:03Z
2026-07-31T10:00:29+08:00,10,1643749998,Chapter 10：Weird person-2,https://www.wattpad.com/1643749998-planet-phoenix-chapter-10%EF%BC%9Aweird-person-2,4,0,0,140.01,2026-07-25T06:00:02Z
2026-07-31T10:00:29+08:00,11,1643750323,Chapter 11：Weird person-3,https://www.wattpad.com/1643750323-planet-phoenix-chapter-11%EF%BC%9Aweird-person-3,4,0,0,126.01,2026-07-25T20:00:02Z
2026-07-31T10:00:29+08:00,12,1643751148,Chapter 12：Homestead,https://www.wattpad.com/1643751148-planet-phoenix-chapter-12%EF%BC%9Ahomestead,0,0,0,112.01,2026-07-26T10:00:03Z
2026-07-31T10:00:29+08:00,13,1643843952,Chapter 13：Report anomalous individuals-1,https://www.wattpad.com/1643843952-planet-phoenix-chapter-13%EF%BC%9Areport-anomalous,1,0,0,98.01,2026-07-27T00:00:02Z
2026-07-31T10:00:29+08:00,14,1643844249,Chapter 14：Report anomalous individuals-2,https://www.wattpad.com/1643844249-planet-phoenix-chapter-14%EF%BC%9Areport-anomalous,1,0,0,84.01,2026-07-27T14:00:03Z
2026-07-31T10:00:29+08:00,15,1643844641,Chapter 15：Report anomalous individuals-3,https://www.wattpad.com/1643844641-planet-phoenix-chapter-15%EF%BC%9Areport-anomalous,1,0,0,70.01,2026-07-28T04:00:03Z
2026-07-31T10:00:29+08:00,16,1643845149,Chapter 16：The Journey of Common Sense-1,https://www.wattpad.com/1643845149-planet-phoenix-chapter-16%EF%BC%9Athe-journey-of-common,2,1,0,56.01,2026-07-28T18:00:03Z
2026-07-31T10:00:29+08:00,17,1643845633,Chapter 17：The Journey of Common Sense-2,https://www.wattpad.com/1643845633-planet-phoenix-chapter-17%EF%BC%9Athe-journey-of-common,0,0,0,42.01,2026-07-29T08:00:02Z
2026-07-31T10:00:29+08:00,18,1643845966,Chapter 18：The Journey of Common Sense-3,https://www.wattpad.com/1643845966-planet-phoenix-chapter-18%EF%BC%9Athe-journey-of-common,0,0,0,28.01,2026-07-29T22:00:02Z
2026-07-31T10:00:29+08:00,19,1643846464,"Chapter 19：Strictly Speaking, It is Cohabitation",https://www.wattpad.com/1643846464-planet-phoenix-chapter-19%EF%BC%9Astrictly-speaking-it-is,0,0,0,14.01,2026-07-30T12:00:02Z
2026-07-31T10:00:29+08:00,20,1643846919,Chapter 20：A Neighborhood Hiccup,https://www.wattpad.com/1643846919-planet-phoenix-chapter-20%EF%BC%9Aa-neighborhood-hiccup,0,0,0,0.01,2026-07-31T02:00:03Z
2026-07-31T11:00:39+08:00,1,1643734560,Chapter 1 massive earthquake-1,https://www.wattpad.com/1643734560-planet-phoenix-chapter-1-massive-earthquake-1,15,0,0,267.01,2026-07-20T00:00:02Z
2026-07-31T11:00:39+08:00,2,1643743618,Chapter 2 massive earthquake-2,https://www.wattpad.com/1643743618-planet-phoenix-chapter-2-massive-earthquake-2,12,1,0,253.01,2026-07-20T14:00:02Z
2026-07-31T11:00:39+08:00,3,1643746352,Chapter 3 massive earthquake-3,https://www.wattpad.com/1643746352-planet-phoenix-chapter-3-massive-earthquake-3,5,0,0,239.01,2026-07-21T04:00:02Z
2026-07-31T11:00:39+08:00,4,1643746654,Chapter 4 massive earthquake-4,https://www.wattpad.com/1643746654-planet-phoenix-chapter-4-massive-earthquake-4,9,1,-1,225.01,2026-07-21T18:00:02Z
2026-07-31T11:00:39+08:00,5,1643747136,Chapter 5 Escape from death,https://www.wattpad.com/1643747136-planet-phoenix-chapter-5-escape-from-death,1,0,0,211.01,2026-07-22T08:00:03Z
2026-07-31T11:00:39+08:00,6,1643747955,Chapter 6：Interlude,https://www.wattpad.com/1643747955-planet-phoenix-chapter-6%EF%BC%9Ainterlude,7,0,0,197.01,2026-07-22T22:00:02Z
2026-07-31T11:00:39+08:00,7,1643748308,Chapter 7：The cabin in the forest,https://www.wattpad.com/1643748308-planet-phoenix-chapter-7%EF%BC%9Athe-cabin-in-the-forest,10,0,1,183.01,2026-07-23T12:00:02Z
2026-07-31T11:00:39+08:00,8,1643748909,Chapter 8：Weird person in the train,https://www.wattpad.com/1643748909-planet-phoenix-chapter-8%EF%BC%9Aweird-person-in-the-train,5,0,0,169.01,2026-07-24T02:00:02Z
2026-07-31T11:00:39+08:00,9,1643749360,Chapter 9：Weird person-1,https://www.wattpad.com/1643749360-planet-phoenix-chapter-9%EF%BC%9Aweird-person-1,1,0,0,155.01,2026-07-24T16:00:03Z
2026-07-31T11:00:39+08:00,10,1643749998,Chapter 10：Weird person-2,https://www.wattpad.com/1643749998-planet-phoenix-chapter-10%EF%BC%9Aweird-person-2,4,0,0,141.01,2026-07-25T06:00:02Z
2026-07-31T11:00:39+08:00,11,1643750323,Chapter 11：Weird person-3,https://www.wattpad.com/1643750323-planet-phoenix-chapter-11%EF%BC%9Aweird-person-3,4,0,0,127.01,2026-07-25T20:00:02Z
2026-07-31T11:00:39+08:00,12,1643751148,Chapter 12：Homestead,https://www.wattpad.com/1643751148-planet-phoenix-chapter-12%EF%BC%9Ahomestead,0,0,0,113.01,2026-07-26T10:00:03Z
2026-07-31T11:00:39+08:00,13,1643843952,Chapter 13：Report anomalous individuals-1,https://www.wattpad.com/1643843952-planet-phoenix-chapter-13%EF%BC%9Areport-anomalous,1,0,0,99.01,2026-07-27T00:00:02Z
2026-07-31T11:00:39+08:00,14,1643844249,Chapter 14：Report anomalous individuals-2,https://www.wattpad.com/1643844249-planet-phoenix-chapter-14%EF%BC%9Areport-anomalous,1,0,0,85.01,2026-07-27T14:00:03Z
2026-07-31T11:00:39+08:00,15,1643844641,Chapter 15：Report anomalous individuals-3,https://www.wattpad.com/1643844641-planet-phoenix-chapter-15%EF%BC%9Areport-anomalous,1,0,0,71.01,2026-07-28T04:00:03Z
2026-07-31T11:00:39+08:00,16,1643845149,Chapter 16：The Journey of Common Sense-1,https://www.wattpad.com/1643845149-planet-phoenix-chapter-16%EF%BC%9Athe-journey-of-common,2,1,0,57.01,2026-07-28T18:00:03Z
2026-07-31T11:00:39+08:00,17,1643845633,Chapter 17：The Journey of Common Sense-2,https://www.wattpad.com/1643845633-planet-phoenix-chapter-17%EF%BC%9Athe-journey-of-common,0,0,0,43.01,2026-07-29T08:00:02Z
2026-07-31T11:00:39+08:00,18,1643845966,Chapter 18：The Journey of Common Sense-3,https://www.wattpad.com/1643845966-planet-phoenix-chapter-18%EF%BC%9Athe-journey-of-common,0,0,0,29.01,2026-07-29T22:00:02Z
2026-07-31T11:00:39+08:00,19,1643846464,"Chapter 19：Strictly Speaking, It is Cohabitation",https://www.wattpad.com/1643846464-planet-phoenix-chapter-19%EF%BC%9Astrictly-speaking-it-is,0,0,0,15.01,2026-07-30T12:00:02Z
2026-07-31T11:00:39+08:00,20,1643846919,Chapter 20：A Neighborhood Hiccup,https://www.wattpad.com/1643846919-planet-phoenix-chapter-20%EF%BC%9Aa-neighborhood-hiccup,0,0,0,1.01,2026-07-31T02:00:03Z
2026-07-31T12:00:30+08:00,1,1643734560,Chapter 1 massive earthquake-1,https://www.wattpad.com/1643734560-planet-phoenix-chapter-1-massive-earthquake-1,15,0,0,268.01,2026-07-20T00:00:02Z
2026-07-31T12:00:30+08:00,2,1643743618,Chapter 2 massive earthquake-2,https://www.wattpad.com/1643743618-planet-phoenix-chapter-2-massive-earthquake-2,12,1,0,254.01,2026-07-20T14:00:02Z
2026-07-31T12:00:30+08:00,3,1643746352,Chapter 3 massive earthquake-3,https://www.wattpad.com/1643746352-planet-phoenix-chapter-3-massive-earthquake-3,5,0,0,240.01,2026-07-21T04:00:02Z
2026-07-31T12:00:30+08:00,4,1643746654,Chapter 4 massive earthquake-4,https://www.wattpad.com/1643746654-planet-phoenix-chapter-4-massive-earthquake-4,9,1,-1,226.01,2026-07-21T18:00:02Z
2026-07-31T12:00:30+08:00,5,1643747136,Chapter 5 Escape from death,https://www.wattpad.com/1643747136-planet-phoenix-chapter-5-escape-from-death,1,0,0,212.01,2026-07-22T08:00:03Z
2026-07-31T12:00:30+08:00,6,1643747955,Chapter 6：Interlude,https://www.wattpad.com/1643747955-planet-phoenix-chapter-6%EF%BC%9Ainterlude,7,0,0,198.01,2026-07-22T22:00:02Z
2026-07-31T12:00:30+08:00,7,1643748308,Chapter 7：The cabin in the forest,https://www.wattpad.com/1643748308-planet-phoenix-chapter-7%EF%BC%9Athe-cabin-in-the-forest,10,0,1,184.01,2026-07-23T12:00:02Z
2026-07-31T12:00:30+08:00,8,1643748909,Chapter 8：Weird person in the train,https://www.wattpad.com/1643748909-planet-phoenix-chapter-8%EF%BC%9Aweird-person-in-the-train,5,0,0,170.01,2026-07-24T02:00:02Z
2026-07-31T12:00:30+08:00,9,1643749360,Chapter 9：Weird person-1,https://www.wattpad.com/1643749360-planet-phoenix-chapter-9%EF%BC%9Aweird-person-1,1,0,0,156.01,2026-07-24T16:00:03Z
2026-07-31T12:00:30+08:00,10,1643749998,Chapter 10：Weird person-2,https://www.wattpad.com/1643749998-planet-phoenix-chapter-10%EF%BC%9Aweird-person-2,4,0,0,142.01,2026-07-25T06:00:02Z
2026-07-31T12:00:30+08:00,11,1643750323,Chapter 11：Weird person-3,https://www.wattpad.com/1643750323-planet-phoenix-chapter-11%EF%BC%9Aweird-person-3,4,0,0,128.01,2026-07-25T20:00:02Z
2026-07-31T12:00:30+08:00,12,1643751148,Chapter 12：Homestead,https://www.wattpad.com/1643751148-planet-phoenix-chapter-12%EF%BC%9Ahomestead,0,0,0,114.01,2026-07-26T10:00:03Z
2026-07-31T12:00:30+08:00,13,1643843952,Chapter 13：Report anomalous individuals-1,https://www.wattpad.com/1643843952-planet-phoenix-chapter-13%EF%BC%9Areport-anomalous,1,0,0,100.01,2026-07-27T00:00:02Z
2026-07-31T12:00:30+08:00,14,1643844249,Chapter 14：Report anomalous individuals-2,https://www.wattpad.com/1643844249-planet-phoenix-chapter-14%EF%BC%9Areport-anomalous,1,0,0,86.01,2026-07-27T14:00:03Z
2026-07-31T12:00:30+08:00,15,1643844641,Chapter 15：Report anomalous individuals-3,https://www.wattpad.com/1643844641-planet-phoenix-chapter-15%EF%BC%9Areport-anomalous,1,0,0,72.01,2026-07-28T04:00:03Z
2026-07-31T12:00:30+08:00,16,1643845149,Chapter 16：The Journey of Common Sense-1,https://www.wattpad.com/1643845149-planet-phoenix-chapter-16%EF%BC%9Athe-journey-of-common,2,1,0,58.01,2026-07-28T18:00:03Z
2026-07-31T12:00:30+08:00,17,1643845633,Chapter 17：The Journey of Common Sense-2,https://www.wattpad.com/1643845633-planet-phoenix-chapter-17%EF%BC%9Athe-journey-of-common,0,0,0,44.01,2026-07-29T08:00:02Z
2026-07-31T12:00:30+08:00,18,1643845966,Chapter 18：The Journey of Common Sense-3,https://www.wattpad.com/1643845966-planet-phoenix-chapter-18%EF%BC%9Athe-journey-of-common,0,0,0,30.01,2026-07-29T22:00:02Z
2026-07-31T12:00:30+08:00,19,1643846464,"Chapter 19：Strictly Speaking, It is Cohabitation",https://www.wattpad.com/1643846464-planet-phoenix-chapter-19%EF%BC%9Astrictly-speaking-it-is,0,0,0,16.01,2026-07-30T12:00:02Z
2026-07-31T12:00:30+08:00,20,1643846919,Chapter 20：A Neighborhood Hiccup,https://www.wattpad.com/1643846919-planet-phoenix-chapter-20%EF%BC%9Aa-neighborhood-hiccup,0,0,0,2.01,2026-07-31T02:00:03Z
2026-07-31T13:00:29+08:00,1,1643734560,Chapter 1 massive earthquake-1,https://www.wattpad.com/1643734560-planet-phoenix-chapter-1-massive-earthquake-1,15,0,0,269.01,2026-07-20T00:00:02Z
2026-07-31T13:00:29+08:00,2,1643743618,Chapter 2 massive earthquake-2,https://www.wattpad.com/1643743618-planet-phoenix-chapter-2-massive-earthquake-2,12,1,0,255.01,2026-07-20T14:00:02Z
2026-07-31T13:00:29+08:00,3,1643746352,Chapter 3 massive earthquake-3,https://www.wattpad.com/1643746352-planet-phoenix-chapter-3-massive-earthquake-3,5,0,0,241.01,2026-07-21T04:00:02Z
2026-07-31T13:00:29+08:00,4,1643746654,Chapter 4 massive earthquake-4,https://www.wattpad.com/1643746654-planet-phoenix-chapter-4-massive-earthquake-4,9,1,-1,227.01,2026-07-21T18:00:02Z
2026-07-31T13:00:29+08:00,5,1643747136,Chapter 5 Escape from death,https://www.wattpad.com/1643747136-planet-phoenix-chapter-5-escape-from-death,1,0,0,213.01,2026-07-22T08:00:03Z
2026-07-31T13:00:29+08:00,6,1643747955,Chapter 6：Interlude,https://www.wattpad.com/1643747955-planet-phoenix-chapter-6%EF%BC%9Ainterlude,7,0,0,199.01,2026-07-22T22:00:02Z
2026-07-31T13:00:29+08:00,7,1643748308,Chapter 7：The cabin in the forest,https://www.wattpad.com/1643748308-planet-phoenix-chapter-7%EF%BC%9Athe-cabin-in-the-forest,10,0,1,185.01,2026-07-23T12:00:02Z
2026-07-31T13:00:29+08:00,8,1643748909,Chapter 8：Weird person in the train,https://www.wattpad.com/1643748909-planet-phoenix-chapter-8%EF%BC%9Aweird-person-in-the-train,5,0,0,171.01,2026-07-24T02:00:02Z
2026-07-31T13:00:29+08:00,9,1643749360,Chapter 9：Weird person-1,https://www.wattpad.com/1643749360-planet-phoenix-chapter-9%EF%BC%9Aweird-person-1,1,0,0,157.01,2026-07-24T16:00:03Z
2026-07-31T13:00:29+08:00,10,1643749998,Chapter 10：Weird person-2,https://www.wattpad.com/1643749998-planet-phoenix-chapter-10%EF%BC%9Aweird-person-2,4,0,0,143.01,2026-07-25T06:00:02Z
2026-07-31T13:00:29+08:00,11,1643750323,Chapter 11：Weird person-3,https://www.wattpad.com/1643750323-planet-phoenix-chapter-11%EF%BC%9Aweird-person-3,4,0,0,129.01,2026-07-25T20:00:02Z
2026-07-31T13:00:29+08:00,12,1643751148,Chapter 12：Homestead,https://www.wattpad.com/1643751148-planet-phoenix-chapter-12%EF%BC%9Ahomestead,0,0,0,115.01,2026-07-26T10:00:03Z
2026-07-31T13:00:29+08:00,13,1643843952,Chapter 13：Report anomalous individuals-1,https://www.wattpad.com/1643843952-planet-phoenix-chapter-13%EF%BC%9Areport-anomalous,1,0,0,101.01,2026-07-27T00:00:02Z
2026-07-31T13:00:29+08:00,14,1643844249,Chapter 14：Report anomalous individuals-2,https://www.wattpad.com/1643844249-planet-phoenix-chapter-14%EF%BC%9Areport-anomalous,1,0,0,87.01,2026-07-27T14:00:03Z
2026-07-31T13:00:29+08:00,15,1643844641,Chapter 15：Report anomalous individuals-3,https://www.wattpad.com/1643844641-planet-phoenix-chapter-15%EF%BC%9Areport-anomalous,1,0,0,73.01,2026-07-28T04:00:03Z
2026-07-31T13:00:29+08:00,16,1643845149,Chapter 16：The Journey of Common Sense-1,https://www.wattpad.com/1643845149-planet-phoenix-chapter-16%EF%BC%9Athe-journey-of-common,2,1,0,59.01,2026-07-28T18:00:03Z
2026-07-31T13:00:29+08:00,17,1643845633,Chapter 17：The Journey of Common Sense-2,https://www.wattpad.com/1643845633-planet-phoenix-chapter-17%EF%BC%9Athe-journey-of-common,0,0,0,45.01,2026-07-29T08:00:02Z
2026-07-31T13:00:29+08:00,18,1643845966,Chapter 18：The Journey of Common Sense-3,https://www.wattpad.com/1643845966-planet-phoenix-chapter-18%EF%BC%9Athe-journey-of-common,0,0,0,31.01,2026-07-29T22:00:02Z
2026-07-31T13:00:29+08:00,19,1643846464,"Chapter 19：Strictly Speaking, It is Cohabitation",https://www.wattpad.com/1643846464-planet-phoenix-chapter-19%EF%BC%9Astrictly-speaking-it-is,0,0,0,17.01,2026-07-30T12:00:02Z
2026-07-31T13:00:29+08:00,20,1643846919,Chapter 20：A Neighborhood Hiccup,https://www.wattpad.com/1643846919-planet-phoenix-chapter-20%EF%BC%9Aa-neighborhood-hiccup,0,0,0,3.01,2026-07-31T02:00:03Z
2026-07-31T14:00:35+08:00,1,1643734560,Chapter 1 massive earthquake-1,https://www.wattpad.com/1643734560-planet-phoenix-chapter-1-massive-earthquake-1,15,0,0,270.01,2026-07-20T00:00:02Z
2026-07-31T14:00:35+08:00,2,1643743618,Chapter 2 massive earthquake-2,https://www.wattpad.com/1643743618-planet-phoenix-chapter-2-massive-earthquake-2,12,1,0,256.01,2026-07-20T14:00:02Z
2026-07-31T14:00:35+08:00,3,1643746352,Chapter 3 massive earthquake-3,https://www.wattpad.com/1643746352-planet-phoenix-chapter-3-massive-earthquake-3,5,0,0,242.01,2026-07-21T04:00:02Z
2026-07-31T14:00:35+08:00,4,1643746654,Chapter 4 massive earthquake-4,https://www.wattpad.com/1643746654-planet-phoenix-chapter-4-massive-earthquake-4,9,1,-1,228.01,2026-07-21T18:00:02Z
2026-07-31T14:00:35+08:00,5,1643747136,Chapter 5 Escape from death,https://www.wattpad.com/1643747136-planet-phoenix-chapter-5-escape-from-death,1,0,0,214.01,2026-07-22T08:00:03Z
2026-07-31T14:00:35+08:00,6,1643747955,Chapter 6：Interlude,https://www.wattpad.com/1643747955-planet-phoenix-chapter-6%EF%BC%9Ainterlude,7,0,0,200.01,2026-07-22T22:00:02Z
2026-07-31T14:00:35+08:00,7,1643748308,Chapter 7：The cabin in the forest,https://www.wattpad.com/1643748308-planet-phoenix-chapter-7%EF%BC%9Athe-cabin-in-the-forest,10,0,1,186.01,2026-07-23T12:00:02Z
2026-07-31T14:00:35+08:00,8,1643748909,Chapter 8：Weird person in the train,https://www.wattpad.com/1643748909-planet-phoenix-chapter-8%EF%BC%9Aweird-person-in-the-train,5,0,0,172.01,2026-07-24T02:00:02Z
2026-07-31T14:00:35+08:00,9,1643749360,Chapter 9：Weird person-1,https://www.wattpad.com/1643749360-planet-phoenix-chapter-9%EF%BC%9Aweird-person-1,1,0,0,158.01,2026-07-24T16:00:03Z
2026-07-31T14:00:35+08:00,10,1643749998,Chapter 10：Weird person-2,https://www.wattpad.com/1643749998-planet-phoenix-chapter-10%EF%BC%9Aweird-person-2,4,0,0,144.01,2026-07-25T06:00:02Z
2026-07-31T14:00:35+08:00,11,1643750323,Chapter 11：Weird person-3,https://www.wattpad.com/1643750323-planet-phoenix-chapter-11%EF%BC%9Aweird-person-3,4,0,0,130.01,2026-07-25T20:00:02Z
2026-07-31T14:00:35+08:00,12,1643751148,Chapter 12：Homestead,https://www.wattpad.com/1643751148-planet-phoenix-chapter-12%EF%BC%9Ahomestead,0,0,0,116.01,2026-07-26T10:00:03Z
2026-07-31T14:00:35+08:00,13,1643843952,Chapter 13：Report anomalous individuals-1,https://www.wattpad.com/1643843952-planet-phoenix-chapter-13%EF%BC%9Areport-anomalous,1,0,0,102.01,2026-07-27T00:00:02Z
2026-07-31T14:00:35+08:00,14,1643844249,Chapter 14：Report anomalous individuals-2,https://www.wattpad.com/1643844249-planet-phoenix-chapter-14%EF%BC%9Areport-anomalous,1,0,0,88.01,2026-07-27T14:00:03Z
2026-07-31T14:00:35+08:00,15,1643844641,Chapter 15：Report anomalous individuals-3,https://www.wattpad.com/1643844641-planet-phoenix-chapter-15%EF%BC%9Areport-anomalous,1,0,0,74.01,2026-07-28T04:00:03Z
2026-07-31T14:00:35+08:00,16,1643845149,Chapter 16：The Journey of Common Sense-1,https://www.wattpad.com/1643845149-planet-phoenix-chapter-16%EF%BC%9Athe-journey-of-common,2,1,0,60.01,2026-07-28T18:00:03Z
2026-07-31T14:00:35+08:00,17,1643845633,Chapter 17：The Journey of Common Sense-2,https://www.wattpad.com/1643845633-planet-phoenix-chapter-17%EF%BC%9Athe-journey-of-common,0,0,0,46.01,2026-07-29T08:00:02Z
2026-07-31T14:00:35+08:00,18,1643845966,Chapter 18：The Journey of Common Sense-3,https://www.wattpad.com/1643845966-planet-phoenix-chapter-18%EF%BC%9Athe-journey-of-common,0,0,0,32.01,2026-07-29T22:00:02Z
2026-07-31T14:00:35+08:00,19,1643846464,"Chapter 19：Strictly Speaking, It is Cohabitation",https://www.wattpad.com/1643846464-planet-phoenix-chapter-19%EF%BC%9Astrictly-speaking-it-is,0,0,0,18.01,2026-07-30T12:00:02Z
2026-07-31T14:00:35+08:00,20,1643846919,Chapter 20：A Neighborhood Hiccup,https://www.wattpad.com/1643846919-planet-phoenix-chapter-20%EF%BC%9Aa-neighborhood-hiccup,0,0,0,4.01,2026-07-31T02:00:03Z
2026-07-31T15:00:31+08:00,1,1643734560,Chapter 1 massive earthquake-1,https://www.wattpad.com/1643734560-planet-phoenix-chapter-1-massive-earthquake-1,15,0,0,271.01,2026-07-20T00:00:02Z
2026-07-31T15:00:31+08:00,2,1643743618,Chapter 2 massive earthquake-2,https://www.wattpad.com/1643743618-planet-phoenix-chapter-2-massive-earthquake-2,12,1,0,257.01,2026-07-20T14:00:02Z
2026-07-31T15:00:31+08:00,3,1643746352,Chapter 3 massive earthquake-3,https://www.wattpad.com/1643746352-planet-phoenix-chapter-3-massive-earthquake-3,5,0,0,243.01,2026-07-21T04:00:02Z
2026-07-31T15:00:31+08:00,4,1643746654,Chapter 4 massive earthquake-4,https://www.wattpad.com/1643746654-planet-phoenix-chapter-4-massive-earthquake-4,9,1,-1,229.01,2026-07-21T18:00:02Z
2026-07-31T15:00:31+08:00,5,1643747136,Chapter 5 Escape from death,https://www.wattpad.com/1643747136-planet-phoenix-chapter-5-escape-from-death,1,0,0,215.01,2026-07-22T08:00:03Z
2026-07-31T15:00:31+08:00,6,1643747955,Chapter 6：Interlude,https://www.wattpad.com/1643747955-planet-phoenix-chapter-6%EF%BC%9Ainterlude,7,0,0,201.01,2026-07-22T22:00:02Z
2026-07-31T15:00:31+08:00,7,1643748308,Chapter 7：The cabin in the forest,https://www.wattpad.com/1643748308-planet-phoenix-chapter-7%EF%BC%9Athe-cabin-in-the-forest,10,0,1,187.01,2026-07-23T12:00:02Z
2026-07-31T15:00:31+08:00,8,1643748909,Chapter 8：Weird person in the train,https://www.wattpad.com/1643748909-planet-phoenix-chapter-8%EF%BC%9Aweird-person-in-the-train,5,0,0,173.01,2026-07-24T02:00:02Z
2026-07-31T15:00:31+08:00,9,1643749360,Chapter 9：Weird person-1,https://www.wattpad.com/1643749360-planet-phoenix-chapter-9%EF%BC%9Aweird-person-1,1,0,0,159.01,2026-07-24T16:00:03Z
2026-07-31T15:00:31+08:00,10,1643749998,Chapter 10：Weird person-2,https://www.wattpad.com/1643749998-planet-phoenix-chapter-10%EF%BC%9Aweird-person-2,4,0,0,145.01,2026-07-25T06:00:02Z
2026-07-31T15:00:31+08:00,11,1643750323,Chapter 11：Weird person-3,https://www.wattpad.com/1643750323-planet-phoenix-chapter-11%EF%BC%9Aweird-person-3,4,0,0,131.01,2026-07-25T20:00:02Z
2026-07-31T15:00:31+08:00,12,1643751148,Chapter 12：Homestead,https://www.wattpad.com/1643751148-planet-phoenix-chapter-12%EF%BC%9Ahomestead,0,0,0,117.01,2026-07-26T10:00:03Z
2026-07-31T15:00:31+08:00,13,1643843952,Chapter 13：Report anomalous individuals-1,https://www.wattpad.com/1643843952-planet-phoenix-chapter-13%EF%BC%9Areport-anomalous,1,0,0,103.01,2026-07-27T00:00:02Z
2026-07-31T15:00:31+08:00,14,1643844249,Chapter 14：Report anomalous individuals-2,https://www.wattpad.com/1643844249-planet-phoenix-chapter-14%EF%BC%9Areport-anomalous,1,0,0,89.01,2026-07-27T14:00:03Z
2026-07-31T15:00:31+08:00,15,1643844641,Chapter 15：Report anomalous individuals-3,https://www.wattpad.com/1643844641-planet-phoenix-chapter-15%EF%BC%9Areport-anomalous,1,0,0,75.01,2026-07-28T04:00:03Z
2026-07-31T15:00:31+08:00,16,1643845149,Chapter 16：The Journey of Common Sense-1,https://www.wattpad.com/1643845149-planet-phoenix-chapter-16%EF%BC%9Athe-journey-of-common,2,1,0,61.01,2026-07-28T18:00:03Z
2026-07-31T15:00:31+08:00,17,1643845633,Chapter 17：The Journey of Common Sense-2,https://www.wattpad.com/1643845633-planet-phoenix-chapter-17%EF%BC%9Athe-journey-of-common,0,0,0,47.01,2026-07-29T08:00:02Z
2026-07-31T15:00:31+08:00,18,1643845966,Chapter 18：The Journey of Common Sense-3,https://www.wattpad.com/1643845966-planet-phoenix-chapter-18%EF%BC%9Athe-journey-of-common,0,0,0,33.01,2026-07-29T22:00:02Z
2026-07-31T15:00:31+08:00,19,1643846464,"Chapter 19：Strictly Speaking, It is Cohabitation",https://www.wattpad.com/1643846464-planet-phoenix-chapter-19%EF%BC%9Astrictly-speaking-it-is,0,0,0,19.01,2026-07-30T12:00:02Z
2026-07-31T15:00:31+08:00,20,1643846919,Chapter 20：A Neighborhood Hiccup,https://www.wattpad.com/1643846919-planet-phoenix-chapter-20%EF%BC%9Aa-neighborhood-hiccup,0,0,0,5.01,2026-07-31T02:00:03Z
2026-07-31T16:00:30+08:00,1,1643734560,Chapter 1 massive earthquake-1,https://www.wattpad.com/1643734560-planet-phoenix-chapter-1-massive-earthquake-1,15,0,0,272.01,2026-07-20T00:00:02Z
2026-07-31T16:00:30+08:00,2,1643743618,Chapter 2 massive earthquake-2,https://www.wattpad.com/1643743618-planet-phoenix-chapter-2-massive-earthquake-2,12,1,0,258.01,2026-07-20T14:00:02Z
2026-07-31T16:00:30+08:00,3,1643746352,Chapter 3 massive earthquake-3,https://www.wattpad.com/1643746352-planet-phoenix-chapter-3-massive-earthquake-3,5,0,0,244.01,2026-07-21T04:00:02Z
2026-07-31T16:00:30+08:00,4,1643746654,Chapter 4 massive earthquake-4,https://www.wattpad.com/1643746654-planet-phoenix-chapter-4-massive-earthquake-4,9,1,-1,230.01,2026-07-21T18:00:02Z
2026-07-31T16:00:30+08:00,5,1643747136,Chapter 5 Escape from death,https://www.wattpad.com/1643747136-planet-phoenix-chapter-5-escape-from-death,1,0,0,216.01,2026-07-22T08:00:03Z
2026-07-31T16:00:30+08:00,6,1643747955,Chapter 6：Interlude,https://www.wattpad.com/1643747955-planet-phoenix-chapter-6%EF%BC%9Ainterlude,7,0,0,202.01,2026-07-22T22:00:02Z
2026-07-31T16:00:30+08:00,7,1643748308,Chapter 7：The cabin in the forest,https://www.wattpad.com/1643748308-planet-phoenix-chapter-7%EF%BC%9Athe-cabin-in-the-forest,10,0,1,188.01,2026-07-23T12:00:02Z
2026-07-31T16:00:30+08:00,8,1643748909,Chapter 8：Weird person in the train,https://www.wattpad.com/1643748909-planet-phoenix-chapter-8%EF%BC%9Aweird-person-in-the-train,5,0,0,174.01,2026-07-24T02:00:02Z
2026-07-31T16:00:30+08:00,9,1643749360,Chapter 9：Weird person-1,https://www.wattpad.com/1643749360-planet-phoenix-chapter-9%EF%BC%9Aweird-person-1,1,0,0,160.01,2026-07-24T16:00:03Z
2026-07-31T16:00:30+08:00,10,1643749998,Chapter 10：Weird person-2,https://www.wattpad.com/1643749998-planet-phoenix-chapter-10%EF%BC%9Aweird-person-2,4,0,0,146.01,2026-07-25T06:00:02Z
2026-07-31T16:00:30+08:00,11,1643750323,Chapter 11：Weird person-3,https://www.wattpad.com/1643750323-planet-phoenix-chapter-11%EF%BC%9Aweird-person-3,4,0,0,132.01,2026-07-25T20:00:02Z
2026-07-31T16:00:30+08:00,12,1643751148,Chapter 12：Homestead,https://www.wattpad.com/1643751148-planet-phoenix-chapter-12%EF%BC%9Ahomestead,0,0,0,118.01,2026-07-26T10:00:03Z
2026-07-31T16:00:30+08:00,13,1643843952,Chapter 13：Report anomalous individuals-1,https://www.wattpad.com/1643843952-planet-phoenix-chapter-13%EF%BC%9Areport-anomalous,1,0,0,104.01,2026-07-27T00:00:02Z
2026-07-31T16:00:30+08:00,14,1643844249,Chapter 14：Report anomalous individuals-2,https://www.wattpad.com/1643844249-planet-phoenix-chapter-14%EF%BC%9Areport-anomalous,1,0,0,90.01,2026-07-27T14:00:03Z
2026-07-31T16:00:30+08:00,15,1643844641,Chapter 15：Report anomalous individuals-3,https://www.wattpad.com/1643844641-planet-phoenix-chapter-15%EF%BC%9Areport-anomalous,1,0,0,76.01,2026-07-28T04:00:03Z
2026-07-31T16:00:30+08:00,16,1643845149,Chapter 16：The Journey of Common Sense-1,https://www.wattpad.com/1643845149-planet-phoenix-chapter-16%EF%BC%9Athe-journey-of-common,2,1,0,62.01,2026-07-28T18:00:03Z
2026-07-31T16:00:30+08:00,17,1643845633,Chapter 17：The Journey of Common Sense-2,https://www.wattpad.com/1643845633-planet-phoenix-chapter-17%EF%BC%9Athe-journey-of-common,0,0,0,48.01,2026-07-29T08:00:02Z
2026-07-31T16:00:30+08:00,18,1643845966,Chapter 18：The Journey of Common Sense-3,https://www.wattpad.com/1643845966-planet-phoenix-chapter-18%EF%BC%9Athe-journey-of-common,0,0,0,34.01,2026-07-29T22:00:02Z
2026-07-31T16:00:30+08:00,19,1643846464,"Chapter 19：Strictly Speaking, It is Cohabitation",https://www.wattpad.com/1643846464-planet-phoenix-chapter-19%EF%BC%9Astrictly-speaking-it-is,0,0,0,20.01,2026-07-30T12:00:02Z
2026-07-31T16:00:30+08:00,20,1643846919,Chapter 20：A Neighborhood Hiccup,https://www.wattpad.com/1643846919-planet-phoenix-chapter-20%EF%BC%9Aa-neighborhood-hiccup,0,0,0,6.01,2026-07-31T02:00:03Z
2026-07-31T17:00:32+08:00,1,1643734560,Chapter 1 massive earthquake-1,https://www.wattpad.com/1643734560-planet-phoenix-chapter-1-massive-earthquake-1,15,0,0,273.01,2026-07-20T00:00:02Z
2026-07-31T17:00:32+08:00,2,1643743618,Chapter 2 massive earthquake-2,https://www.wattpad.com/1643743618-planet-phoenix-chapter-2-massive-earthquake-2,12,1,0,259.01,2026-07-20T14:00:02Z
2026-07-31T17:00:32+08:00,3,1643746352,Chapter 3 massive earthquake-3,https://www.wattpad.com/1643746352-planet-phoenix-chapter-3-massive-earthquake-3,5,0,0,245.01,2026-07-21T04:00:02Z
2026-07-31T17:00:32+08:00,4,1643746654,Chapter 4 massive earthquake-4,https://www.wattpad.com/1643746654-planet-phoenix-chapter-4-massive-earthquake-4,9,1,-1,231.01,2026-07-21T18:00:02Z
2026-07-31T17:00:32+08:00,5,1643747136,Chapter 5 Escape from death,https://www.wattpad.com/1643747136-planet-phoenix-chapter-5-escape-from-death,1,0,0,217.01,2026-07-22T08:00:03Z
2026-07-31T17:00:32+08:00,6,1643747955,Chapter 6：Interlude,https://www.wattpad.com/1643747955-planet-phoenix-chapter-6%EF%BC%9Ainterlude,7,0,0,203.01,2026-07-22T22:00:02Z
2026-07-31T17:00:32+08:00,7,1643748308,Chapter 7：The cabin in the forest,https://www.wattpad.com/1643748308-planet-phoenix-chapter-7%EF%BC%9Athe-cabin-in-the-forest,10,0,1,189.01,2026-07-23T12:00:02Z
2026-07-31T17:00:32+08:00,8,1643748909,Chapter 8：Weird person in the train,https://www.wattpad.com/1643748909-planet-phoenix-chapter-8%EF%BC%9Aweird-person-in-the-train,5,0,0,175.01,2026-07-24T02:00:02Z
2026-07-31T17:00:32+08:00,9,1643749360,Chapter 9：Weird person-1,https://www.wattpad.com/1643749360-planet-phoenix-chapter-9%EF%BC%9Aweird-person-1,1,0,0,161.01,2026-07-24T16:00:03Z
2026-07-31T17:00:32+08:00,10,1643749998,Chapter 10：Weird person-2,https://www.wattpad.com/1643749998-planet-phoenix-chapter-10%EF%BC%9Aweird-person-2,4,0,0,147.01,2026-07-25T06:00:02Z
2026-07-31T17:00:32+08:00,11,1643750323,Chapter 11：Weird person-3,https://www.wattpad.com/1643750323-planet-phoenix-chapter-11%EF%BC%9Aweird-person-3,4,0,0,133.01,2026-07-25T20:00:02Z
2026-07-31T17:00:32+08:00,12,1643751148,Chapter 12：Homestead,https://www.wattpad.com/1643751148-planet-phoenix-chapter-12%EF%BC%9Ahomestead,0,0,0,119.01,2026-07-26T10:00:03Z
2026-07-31T17:00:32+08:00,13,1643843952,Chapter 13：Report anomalous individuals-1,https://www.wattpad.com/1643843952-planet-phoenix-chapter-13%EF%BC%9Areport-anomalous,2,0,0,105.01,2026-07-27T00:00:02Z
2026-07-31T17:00:32+08:00,14,1643844249,Chapter 14：Report anomalous individuals-2,https://www.wattpad.com/1643844249-planet-phoenix-chapter-14%EF%BC%9Areport-anomalous,1,0,0,91.01,2026-07-27T14:00:03Z
2026-07-31T17:00:32+08:00,15,1643844641,Chapter 15：Report anomalous individuals-3,https://www.wattpad.com/1643844641-planet-phoenix-chapter-15%EF%BC%9Areport-anomalous,1,0,0,77.01,2026-07-28T04:00:03Z
2026-07-31T17:00:32+08:00,16,1643845149,Chapter 16：The Journey of Common Sense-1,https://www.wattpad.com/1643845149-planet-phoenix-chapter-16%EF%BC%9Athe-journey-of-common,2,1,0,63.01,2026-07-28T18:00:03Z
2026-07-31T17:00:32+08:00,17,1643845633,Chapter 17：The Journey of Common Sense-2,https://www.wattpad.com/1643845633-planet-phoenix-chapter-17%EF%BC%9Athe-journey-of-common,0,0,0,49.01,2026-07-29T08:00:02Z
2026-07-31T17:00:32+08:00,18,1643845966,Chapter 18：The Journey of Common Sense-3,https://www.wattpad.com/1643845966-planet-phoenix-chapter-18%EF%BC%9Athe-journey-of-common,0,0,0,35.01,2026-07-29T22:00:02Z
2026-07-31T17:00:32+08:00,19,1643846464,"Chapter 19：Strictly Speaking, It is Cohabitation",https://www.wattpad.com/1643846464-planet-phoenix-chapter-19%EF%BC%9Astrictly-speaking-it-is,0,0,0,21.01,2026-07-30T12:00:02Z
2026-07-31T17:00:32+08:00,20,1643846919,Chapter 20：A Neighborhood Hiccup,https://www.wattpad.com/1643846919-planet-phoenix-chapter-20%EF%BC%9Aa-neighborhood-hiccup,0,0,0,7.01,2026-07-31T02:00:03Z
2026-07-31T18:00:30+08:00,1,1643734560,Chapter 1 massive earthquake-1,https://www.wattpad.com/1643734560-planet-phoenix-chapter-1-massive-earthquake-1,15,0,0,274.01,2026-07-20T00:00:02Z
2026-07-31T18:00:30+08:00,2,1643743618,Chapter 2 massive earthquake-2,https://www.wattpad.com/1643743618-planet-phoenix-chapter-2-massive-earthquake-2,12,1,0,260.01,2026-07-20T14:00:02Z
2026-07-31T18:00:30+08:00,3,1643746352,Chapter 3 massive earthquake-3,https://www.wattpad.com/1643746352-planet-phoenix-chapter-3-massive-earthquake-3,5,0,0,246.01,2026-07-21T04:00:02Z
2026-07-31T18:00:30+08:00,4,1643746654,Chapter 4 massive earthquake-4,https://www.wattpad.com/1643746654-planet-phoenix-chapter-4-massive-earthquake-4,9,1,-1,232.01,2026-07-21T18:00:02Z
2026-07-31T18:00:30+08:00,5,1643747136,Chapter 5 Escape from death,https://www.wattpad.com/1643747136-planet-phoenix-chapter-5-escape-from-death,1,0,0,218.01,2026-07-22T08:00:03Z
2026-07-31T18:00:30+08:00,6,1643747955,Chapter 6：Interlude,https://www.wattpad.com/1643747955-planet-phoenix-chapter-6%EF%BC%9Ainterlude,7,0,0,204.01,2026-07-22T22:00:02Z
2026-07-31T18:00:30+08:00,7,1643748308,Chapter 7：The cabin in the forest,https://www.wattpad.com/1643748308-planet-phoenix-chapter-7%EF%BC%9Athe-cabin-in-the-forest,10,0,1,190.01,2026-07-23T12:00:02Z
2026-07-31T18:00:30+08:00,8,1643748909,Chapter 8：Weird person in the train,https://www.wattpad.com/1643748909-planet-phoenix-chapter-8%EF%BC%9Aweird-person-in-the-train,5,0,0,176.01,2026-07-24T02:00:02Z
2026-07-31T18:00:30+08:00,9,1643749360,Chapter 9：Weird person-1,https://www.wattpad.com/1643749360-planet-phoenix-chapter-9%EF%BC%9Aweird-person-1,1,0,0,162.01,2026-07-24T16:00:03Z
2026-07-31T18:00:30+08:00,10,1643749998,Chapter 10：Weird person-2,https://www.wattpad.com/1643749998-planet-phoenix-chapter-10%EF%BC%9Aweird-person-2,4,0,0,148.01,2026-07-25T06:00:02Z
2026-07-31T18:00:30+08:00,11,1643750323,Chapter 11：Weird person-3,https://www.wattpad.com/1643750323-planet-phoenix-chapter-11%EF%BC%9Aweird-person-3,4,0,0,134.01,2026-07-25T20:00:02Z
2026-07-31T18:00:30+08:00,12,1643751148,Chapter 12：Homestead,https://www.wattpad.com/1643751148-planet-phoenix-chapter-12%EF%BC%9Ahomestead,0,0,0,120.01,2026-07-26T10:00:03Z
2026-07-31T18:00:30+08:00,13,1643843952,Chapter 13：Report anomalous individuals-1,https://www.wattpad.com/1643843952-planet-phoenix-chapter-13%EF%BC%9Areport-anomalous,2,0,0,106.01,2026-07-27T00:00:02Z
2026-07-31T18:00:30+08:00,14,1643844249,Chapter 14：Report anomalous individuals-2,https://www.wattpad.com/1643844249-planet-phoenix-chapter-14%EF%BC%9Areport-anomalous,1,0,0,92.01,2026-07-27T14:00:03Z
2026-07-31T18:00:30+08:00,15,1643844641,Chapter 15：Report anomalous individuals-3,https://www.wattpad.com/1643844641-planet-phoenix-chapter-15%EF%BC%9Areport-anomalous,1,0,0,78.01,2026-07-28T04:00:03Z
2026-07-31T18:00:30+08:00,16,1643845149,Chapter 16：The Journey of Common Sense-1,https://www.wattpad.com/1643845149-planet-phoenix-chapter-16%EF%BC%9Athe-journey-of-common,2,1,0,64.01,2026-07-28T18:00:03Z
2026-07-31T18:00:30+08:00,17,1643845633,Chapter 17：The Journey of Common Sense-2,https://www.wattpad.com/1643845633-planet-phoenix-chapter-17%EF%BC%9Athe-journey-of-common,0,0,0,50.01,2026-07-29T08:00:02Z
2026-07-31T18:00:30+08:00,18,1643845966,Chapter 18：The Journey of Common Sense-3,https://www.wattpad.com/1643845966-planet-phoenix-chapter-18%EF%BC%9Athe-journey-of-common,0,0,0,36.01,2026-07-29T22:00:02Z
2026-07-31T18:00:30+08:00,19,1643846464,"Chapter 19：Strictly Speaking, It is Cohabitation",https://www.wattpad.com/1643846464-planet-phoenix-chapter-19%EF%BC%9Astrictly-speaking-it-is,0,0,0,22.01,2026-07-30T12:00:02Z
2026-07-31T18:00:30+08:00,20,1643846919,Chapter 20：A Neighborhood Hiccup,https://www.wattpad.com/1643846919-planet-phoenix-chapter-20%EF%BC%9Aa-neighborhood-hiccup,0,0,0,8.01,2026-07-31T02:00:03Z
2026-07-31T19:00:30+08:00,1,1643734560,Chapter 1 massive earthquake-1,https://www.wattpad.com/1643734560-planet-phoenix-chapter-1-massive-earthquake-1,15,0,0,275.01,2026-07-20T00:00:02Z
2026-07-31T19:00:30+08:00,2,1643743618,Chapter 2 massive earthquake-2,https://www.wattpad.com/1643743618-planet-phoenix-chapter-2-massive-earthquake-2,12,1,0,261.01,2026-07-20T14:00:02Z
2026-07-31T19:00:30+08:00,3,1643746352,Chapter 3 massive earthquake-3,https://www.wattpad.com/1643746352-planet-phoenix-chapter-3-massive-earthquake-3,5,0,0,247.01,2026-07-21T04:00:02Z
2026-07-31T19:00:30+08:00,4,1643746654,Chapter 4 massive earthquake-4,https://www.wattpad.com/1643746654-planet-phoenix-chapter-4-massive-earthquake-4,9,1,-1,233.01,2026-07-21T18:00:02Z
2026-07-31T19:00:30+08:00,5,1643747136,Chapter 5 Escape from death,https://www.wattpad.com/1643747136-planet-phoenix-chapter-5-escape-from-death,1,0,0,219.01,2026-07-22T08:00:03Z
2026-07-31T19:00:30+08:00,6,1643747955,Chapter 6：Interlude,https://www.wattpad.com/1643747955-planet-phoenix-chapter-6%EF%BC%9Ainterlude,7,0,0,205.01,2026-07-22T22:00:02Z
2026-07-31T19:00:30+08:00,7,1643748308,Chapter 7：The cabin in the forest,https://www.wattpad.com/1643748308-planet-phoenix-chapter-7%EF%BC%9Athe-cabin-in-the-forest,10,0,1,191.01,2026-07-23T12:00:02Z
2026-07-31T19:00:30+08:00,8,1643748909,Chapter 8：Weird person in the train,https://www.wattpad.com/1643748909-planet-phoenix-chapter-8%EF%BC%9Aweird-person-in-the-train,5,0,0,177.01,2026-07-24T02:00:02Z
2026-07-31T19:00:30+08:00,9,1643749360,Chapter 9：Weird person-1,https://www.wattpad.com/1643749360-planet-phoenix-chapter-9%EF%BC%9Aweird-person-1,1,0,0,163.01,2026-07-24T16:00:03Z
2026-07-31T19:00:30+08:00,10,1643749998,Chapter 10：Weird person-2,https://www.wattpad.com/1643749998-planet-phoenix-chapter-10%EF%BC%9Aweird-person-2,4,0,0,149.01,2026-07-25T06:00:02Z
2026-07-31T19:00:30+08:00,11,1643750323,Chapter 11：Weird person-3,https://www.wattpad.com/1643750323-planet-phoenix-chapter-11%EF%BC%9Aweird-person-3,4,0,0,135.01,2026-07-25T20:00:02Z
2026-07-31T19:00:30+08:00,12,1643751148,Chapter 12：Homestead,https://www.wattpad.com/1643751148-planet-phoenix-chapter-12%EF%BC%9Ahomestead,0,0,0,121.01,2026-07-26T10:00:03Z
2026-07-31T19:00:30+08:00,13,1643843952,Chapter 13：Report anomalous individuals-1,https://www.wattpad.com/1643843952-planet-phoenix-chapter-13%EF%BC%9Areport-anomalous,2,0,0,107.01,2026-07-27T00:00:02Z
2026-07-31T19:00:30+08:00,14,1643844249,Chapter 14：Report anomalous individuals-2,https://www.wattpad.com/1643844249-planet-phoenix-chapter-14%EF%BC%9Areport-anomalous,1,0,0,93.01,2026-07-27T14:00:03Z
2026-07-31T19:00:30+08:00,15,1643844641,Chapter 15：Report anomalous individuals-3,https://www.wattpad.com/1643844641-planet-phoenix-chapter-15%EF%BC%9Areport-anomalous,1,0,0,79.01,2026-07-28T04:00:03Z
2026-07-31T19:00:30+08:00,16,1643845149,Chapter 16：The Journey of Common Sense-1,https://www.wattpad.com/1643845149-planet-phoenix-chapter-16%EF%BC%9Athe-journey-of-common,2,1,0,65.01,2026-07-28T18:00:03Z
2026-07-31T19:00:30+08:00,17,1643845633,Chapter 17：The Journey of Common Sense-2,https://www.wattpad.com/1643845633-planet-phoenix-chapter-17%EF%BC%9Athe-journey-of-common,0,0,0,51.01,2026-07-29T08:00:02Z
2026-07-31T19:00:30+08:00,18,1643845966,Chapter 18：The Journey of Common Sense-3,https://www.wattpad.com/1643845966-planet-phoenix-chapter-18%EF%BC%9Athe-journey-of-common,0,0,0,37.01,2026-07-29T22:00:02Z
2026-07-31T19:00:30+08:00,19,1643846464,"Chapter 19：Strictly Speaking, It is Cohabitation",https://www.wattpad.com/1643846464-planet-phoenix-chapter-19%EF%BC%9Astrictly-speaking-it-is,0,0,0,23.01,2026-07-30T12:00:02Z
2026-07-31T19:00:30+08:00,20,1643846919,Chapter 20：A Neighborhood Hiccup,https://www.wattpad.com/1643846919-planet-phoenix-chapter-20%EF%BC%9Aa-neighborhood-hiccup,0,0,0,9.01,2026-07-31T02:00:03Z
2026-07-31T20:00:39+08:00,1,1643734560,Chapter 1 massive earthquake-1,https://www.wattpad.com/1643734560-planet-phoenix-chapter-1-massive-earthquake-1,15,0,0,276.01,2026-07-20T00:00:02Z
2026-07-31T20:00:39+08:00,2,1643743618,Chapter 2 massive earthquake-2,https://www.wattpad.com/1643743618-planet-phoenix-chapter-2-massive-earthquake-2,12,1,0,262.01,2026-07-20T14:00:02Z
2026-07-31T20:00:39+08:00,3,1643746352,Chapter 3 massive earthquake-3,https://www.wattpad.com/1643746352-planet-phoenix-chapter-3-massive-earthquake-3,5,0,0,248.01,2026-07-21T04:00:02Z
2026-07-31T20:00:39+08:00,4,1643746654,Chapter 4 massive earthquake-4,https://www.wattpad.com/1643746654-planet-phoenix-chapter-4-massive-earthquake-4,9,1,-1,234.01,2026-07-21T18:00:02Z
2026-07-31T20:00:39+08:00,5,1643747136,Chapter 5 Escape from death,https://www.wattpad.com/1643747136-planet-phoenix-chapter-5-escape-from-death,1,0,0,220.01,2026-07-22T08:00:03Z
2026-07-31T20:00:39+08:00,6,1643747955,Chapter 6：Interlude,https://www.wattpad.com/1643747955-planet-phoenix-chapter-6%EF%BC%9Ainterlude,7,0,0,206.01,2026-07-22T22:00:02Z
2026-07-31T20:00:39+08:00,7,1643748308,Chapter 7：The cabin in the forest,https://www.wattpad.com/1643748308-planet-phoenix-chapter-7%EF%BC%9Athe-cabin-in-the-forest,10,0,1,192.01,2026-07-23T12:00:02Z
2026-07-31T20:00:39+08:00,8,1643748909,Chapter 8：Weird person in the train,https://www.wattpad.com/1643748909-planet-phoenix-chapter-8%EF%BC%9Aweird-person-in-the-train,5,0,0,178.01,2026-07-24T02:00:02Z
2026-07-31T20:00:39+08:00,9,1643749360,Chapter 9：Weird person-1,https://www.wattpad.com/1643749360-planet-phoenix-chapter-9%EF%BC%9Aweird-person-1,1,0,0,164.01,2026-07-24T16:00:03Z
2026-07-31T20:00:39+08:00,10,1643749998,Chapter 10：Weird person-2,https://www.wattpad.com/1643749998-planet-phoenix-chapter-10%EF%BC%9Aweird-person-2,4,0,0,150.01,2026-07-25T06:00:02Z
2026-07-31T20:00:39+08:00,11,1643750323,Chapter 11：Weird person-3,https://www.wattpad.com/1643750323-planet-phoenix-chapter-11%EF%BC%9Aweird-person-3,4,0,0,136.01,2026-07-25T20:00:02Z
2026-07-31T20:00:39+08:00,12,1643751148,Chapter 12：Homestead,https://www.wattpad.com/1643751148-planet-phoenix-chapter-12%EF%BC%9Ahomestead,0,0,0,122.01,2026-07-26T10:00:03Z
2026-07-31T20:00:39+08:00,13,1643843952,Chapter 13：Report anomalous individuals-1,https://www.wattpad.com/1643843952-planet-phoenix-chapter-13%EF%BC%9Areport-anomalous,2,0,0,108.01,2026-07-27T00:00:02Z
2026-07-31T20:00:39+08:00,14,1643844249,Chapter 14：Report anomalous individuals-2,https://www.wattpad.com/1643844249-planet-phoenix-chapter-14%EF%BC%9Areport-anomalous,1,0,0,94.01,2026-07-27T14:00:03Z
2026-07-31T20:00:39+08:00,15,1643844641,Chapter 15：Report anomalous individuals-3,https://www.wattpad.com/1643844641-planet-phoenix-chapter-15%EF%BC%9Areport-anomalous,1,0,0,80.01,2026-07-28T04:00:03Z
2026-07-31T20:00:39+08:00,16,1643845149,Chapter 16：The Journey of Common Sense-1,https://www.wattpad.com/1643845149-planet-phoenix-chapter-16%EF%BC%9Athe-journey-of-common,2,1,0,66.01,2026-07-28T18:00:03Z
2026-07-31T20:00:39+08:00,17,1643845633,Chapter 17：The Journey of Common Sense-2,https://www.wattpad.com/1643845633-planet-phoenix-chapter-17%EF%BC%9Athe-journey-of-common,0,0,0,52.01,2026-07-29T08:00:02Z
2026-07-31T20:00:39+08:00,18,1643845966,Chapter 18：The Journey of Common Sense-3,https://www.wattpad.com/1643845966-planet-phoenix-chapter-18%EF%BC%9Athe-journey-of-common,0,0,0,38.01,2026-07-29T22:00:02Z
2026-07-31T20:00:39+08:00,19,1643846464,"Chapter 19：Strictly Speaking, It is Cohabitation",https://www.wattpad.com/1643846464-planet-phoenix-chapter-19%EF%BC%9Astrictly-speaking-it-is,0,0,0,24.01,2026-07-30T12:00:02Z
2026-07-31T20:00:39+08:00,20,1643846919,Chapter 20：A Neighborhood Hiccup,https://www.wattpad.com/1643846919-planet-phoenix-chapter-20%EF%BC%9Aa-neighborhood-hiccup,0,0,0,10.01,2026-07-31T02:00:03Z
2026-07-31T21:00:38+08:00,1,1643734560,Chapter 1 massive earthquake-1,https://www.wattpad.com/1643734560-planet-phoenix-chapter-1-massive-earthquake-1,15,0,0,277.01,2026-07-20T00:00:02Z
2026-07-31T21:00:38+08:00,2,1643743618,Chapter 2 massive earthquake-2,https://www.wattpad.com/1643743618-planet-phoenix-chapter-2-massive-earthquake-2,12,1,0,263.01,2026-07-20T14:00:02Z
2026-07-31T21:00:38+08:00,3,1643746352,Chapter 3 massive earthquake-3,https://www.wattpad.com/1643746352-planet-phoenix-chapter-3-massive-earthquake-3,5,0,0,249.01,2026-07-21T04:00:02Z
2026-07-31T21:00:38+08:00,4,1643746654,Chapter 4 massive earthquake-4,https://www.wattpad.com/1643746654-planet-phoenix-chapter-4-massive-earthquake-4,9,1,-1,235.01,2026-07-21T18:00:02Z
2026-07-31T21:00:38+08:00,5,1643747136,Chapter 5 Escape from death,https://www.wattpad.com/1643747136-planet-phoenix-chapter-5-escape-from-death,1,0,0,221.01,2026-07-22T08:00:03Z
2026-07-31T21:00:38+08:00,6,1643747955,Chapter 6：Interlude,https://www.wattpad.com/1643747955-planet-phoenix-chapter-6%EF%BC%9Ainterlude,7,0,0,207.01,2026-07-22T22:00:02Z
2026-07-31T21:00:38+08:00,7,1643748308,Chapter 7：The cabin in the forest,https://www.wattpad.com/1643748308-planet-phoenix-chapter-7%EF%BC%9Athe-cabin-in-the-forest,10,0,1,193.01,2026-07-23T12:00:02Z
2026-07-31T21:00:38+08:00,8,1643748909,Chapter 8：Weird person in the train,https://www.wattpad.com/1643748909-planet-phoenix-chapter-8%EF%BC%9Aweird-person-in-the-train,5,0,0,179.01,2026-07-24T02:00:02Z
2026-07-31T21:00:38+08:00,9,1643749360,Chapter 9：Weird person-1,https://www.wattpad.com/1643749360-planet-phoenix-chapter-9%EF%BC%9Aweird-person-1,1,0,0,165.01,2026-07-24T16:00:03Z
2026-07-31T21:00:38+08:00,10,1643749998,Chapter 10：Weird person-2,https://www.wattpad.com/1643749998-planet-phoenix-chapter-10%EF%BC%9Aweird-person-2,4,0,0,151.01,2026-07-25T06:00:02Z
2026-07-31T21:00:38+08:00,11,1643750323,Chapter 11：Weird person-3,https://www.wattpad.com/1643750323-planet-phoenix-chapter-11%EF%BC%9Aweird-person-3,4,0,0,137.01,2026-07-25T20:00:02Z
2026-07-31T21:00:38+08:00,12,1643751148,Chapter 12：Homestead,https://www.wattpad.com/1643751148-planet-phoenix-chapter-12%EF%BC%9Ahomestead,0,0,0,123.01,2026-07-26T10:00:03Z
2026-07-31T21:00:38+08:00,13,1643843952,Chapter 13：Report anomalous individuals-1,https://www.wattpad.com/1643843952-planet-phoenix-chapter-13%EF%BC%9Areport-anomalous,2,0,0,109.01,2026-07-27T00:00:02Z
2026-07-31T21:00:38+08:00,14,1643844249,Chapter 14：Report anomalous individuals-2,https://www.wattpad.com/1643844249-planet-phoenix-chapter-14%EF%BC%9Areport-anomalous,1,0,0,95.01,2026-07-27T14:00:03Z
2026-07-31T21:00:38+08:00,15,1643844641,Chapter 15：Report anomalous individuals-3,https://www.wattpad.com/1643844641-planet-phoenix-chapter-15%EF%BC%9Areport-anomalous,1,0,0,81.01,2026-07-28T04:00:03Z
2026-07-31T21:00:38+08:00,16,1643845149,Chapter 16：The Journey of Common Sense-1,https://www.wattpad.com/1643845149-planet-phoenix-chapter-16%EF%BC%9Athe-journey-of-common,2,1,0,67.01,2026-07-28T18:00:03Z
2026-07-31T21:00:38+08:00,17,1643845633,Chapter 17：The Journey of Common Sense-2,https://www.wattpad.com/1643845633-planet-phoenix-chapter-17%EF%BC%9Athe-journey-of-common,0,0,0,53.01,2026-07-29T08:00:02Z
2026-07-31T21:00:38+08:00,18,1643845966,Chapter 18：The Journey of Common Sense-3,https://www.wattpad.com/1643845966-planet-phoenix-chapter-18%EF%BC%9Athe-journey-of-common,0,0,0,39.01,2026-07-29T22:00:02Z
2026-07-31T21:00:38+08:00,19,1643846464,"Chapter 19：Strictly Speaking, It is Cohabitation",https://www.wattpad.com/1643846464-planet-phoenix-chapter-19%EF%BC%9Astrictly-speaking-it-is,0,0,0,25.01,2026-07-30T12:00:02Z
2026-07-31T21:00:38+08:00,20,1643846919,Chapter 20：A Neighborhood Hiccup,https://www.wattpad.com/1643846919-planet-phoenix-chapter-20%EF%BC%9Aa-neighborhood-hiccup,0,0,0,11.01,2026-07-31T02:00:03Z
2026-07-31T22:00:33+08:00,1,1643734560,Chapter 1 massive earthquake-1,https://www.wattpad.com/1643734560-planet-phoenix-chapter-1-massive-earthquake-1,15,0,0,278.01,2026-07-20T00:00:02Z
2026-07-31T22:00:33+08:00,2,1643743618,Chapter 2 massive earthquake-2,https://www.wattpad.com/1643743618-planet-phoenix-chapter-2-massive-earthquake-2,12,1,0,264.01,2026-07-20T14:00:02Z
2026-07-31T22:00:33+08:00,3,1643746352,Chapter 3 massive earthquake-3,https://www.wattpad.com/1643746352-planet-phoenix-chapter-3-massive-earthquake-3,5,0,0,250.01,2026-07-21T04:00:02Z
2026-07-31T22:00:33+08:00,4,1643746654,Chapter 4 massive earthquake-4,https://www.wattpad.com/1643746654-planet-phoenix-chapter-4-massive-earthquake-4,9,1,-1,236.01,2026-07-21T18:00:02Z
2026-07-31T22:00:33+08:00,5,1643747136,Chapter 5 Escape from death,https://www.wattpad.com/1643747136-planet-phoenix-chapter-5-escape-from-death,1,0,0,222.01,2026-07-22T08:00:03Z
2026-07-31T22:00:33+08:00,6,1643747955,Chapter 6：Interlude,https://www.wattpad.com/1643747955-planet-phoenix-chapter-6%EF%BC%9Ainterlude,7,0,0,208.01,2026-07-22T22:00:02Z
2026-07-31T22:00:33+08:00,7,1643748308,Chapter 7：The cabin in the forest,https://www.wattpad.com/1643748308-planet-phoenix-chapter-7%EF%BC%9Athe-cabin-in-the-forest,10,0,1,194.01,2026-07-23T12:00:02Z
2026-07-31T22:00:33+08:00,8,1643748909,Chapter 8：Weird person in the train,https://www.wattpad.com/1643748909-planet-phoenix-chapter-8%EF%BC%9Aweird-person-in-the-train,5,0,0,180.01,2026-07-24T02:00:02Z
2026-07-31T22:00:33+08:00,9,1643749360,Chapter 9：Weird person-1,https://www.wattpad.com/1643749360-planet-phoenix-chapter-9%EF%BC%9Aweird-person-1,1,0,0,166.01,2026-07-24T16:00:03Z
2026-07-31T22:00:33+08:00,10,1643749998,Chapter 10：Weird person-2,https://www.wattpad.com/1643749998-planet-phoenix-chapter-10%EF%BC%9Aweird-person-2,4,0,0,152.01,2026-07-25T06:00:02Z
2026-07-31T22:00:33+08:00,11,1643750323,Chapter 11：Weird person-3,https://www.wattpad.com/1643750323-planet-phoenix-chapter-11%EF%BC%9Aweird-person-3,4,0,0,138.01,2026-07-25T20:00:02Z
2026-07-31T22:00:33+08:00,12,1643751148,Chapter 12：Homestead,https://www.wattpad.com/1643751148-planet-phoenix-chapter-12%EF%BC%9Ahomestead,0,0,0,124.01,2026-07-26T10:00:03Z
2026-07-31T22:00:33+08:00,13,1643843952,Chapter 13：Report anomalous individuals-1,https://www.wattpad.com/1643843952-planet-phoenix-chapter-13%EF%BC%9Areport-anomalous,2,0,0,110.01,2026-07-27T00:00:02Z
2026-07-31T22:00:33+08:00,14,1643844249,Chapter 14：Report anomalous individuals-2,https://www.wattpad.com/1643844249-planet-phoenix-chapter-14%EF%BC%9Areport-anomalous,1,0,0,96.01,2026-07-27T14:00:03Z
2026-07-31T22:00:33+08:00,15,1643844641,Chapter 15：Report anomalous individuals-3,https://www.wattpad.com/1643844641-planet-phoenix-chapter-15%EF%BC%9Areport-anomalous,1,0,0,82.01,2026-07-28T04:00:03Z
2026-07-31T22:00:33+08:00,16,1643845149,Chapter 16：The Journey of Common Sense-1,https://www.wattpad.com/1643845149-planet-phoenix-chapter-16%EF%BC%9Athe-journey-of-common,2,1,0,68.01,2026-07-28T18:00:03Z
2026-07-31T22:00:33+08:00,17,1643845633,Chapter 17：The Journey of Common Sense-2,https://www.wattpad.com/1643845633-planet-phoenix-chapter-17%EF%BC%9Athe-journey-of-common,0,0,0,54.01,2026-07-29T08:00:02Z
2026-07-31T22:00:33+08:00,18,1643845966,Chapter 18：The Journey of Common Sense-3,https://www.wattpad.com/1643845966-planet-phoenix-chapter-18%EF%BC%9Athe-journey-of-common,0,0,0,40.01,2026-07-29T22:00:02Z
2026-07-31T22:00:33+08:00,19,1643846464,"Chapter 19：Strictly Speaking, It is Cohabitation",https://www.wattpad.com/1643846464-planet-phoenix-chapter-19%EF%BC%9Astrictly-speaking-it-is,0,0,0,26.01,2026-07-30T12:00:02Z
2026-07-31T22:00:33+08:00,20,1643846919,Chapter 20：A Neighborhood Hiccup,https://www.wattpad.com/1643846919-planet-phoenix-chapter-20%EF%BC%9Aa-neighborhood-hiccup,0,0,0,12.01,2026-07-31T02:00:03Z
2026-07-31T23:00:34+08:00,1,1643734560,Chapter 1 massive earthquake-1,https://www.wattpad.com/1643734560-planet-phoenix-chapter-1-massive-earthquake-1,15,0,0,279.01,2026-07-20T00:00:02Z
2026-07-31T23:00:34+08:00,2,1643743618,Chapter 2 massive earthquake-2,https://www.wattpad.com/1643743618-planet-phoenix-chapter-2-massive-earthquake-2,12,1,0,265.01,2026-07-20T14:00:02Z
2026-07-31T23:00:34+08:00,3,1643746352,Chapter 3 massive earthquake-3,https://www.wattpad.com/1643746352-planet-phoenix-chapter-3-massive-earthquake-3,5,0,0,251.01,2026-07-21T04:00:02Z
2026-07-31T23:00:34+08:00,4,1643746654,Chapter 4 massive earthquake-4,https://www.wattpad.com/1643746654-planet-phoenix-chapter-4-massive-earthquake-4,9,1,-1,237.01,2026-07-21T18:00:02Z
2026-07-31T23:00:34+08:00,5,1643747136,Chapter 5 Escape from death,https://www.wattpad.com/1643747136-planet-phoenix-chapter-5-escape-from-death,1,0,0,223.01,2026-07-22T08:00:03Z
2026-07-31T23:00:34+08:00,6,1643747955,Chapter 6：Interlude,https://www.wattpad.com/1643747955-planet-phoenix-chapter-6%EF%BC%9Ainterlude,7,0,0,209.01,2026-07-22T22:00:02Z
2026-07-31T23:00:34+08:00,7,1643748308,Chapter 7：The cabin in the forest,https://www.wattpad.com/1643748308-planet-phoenix-chapter-7%EF%BC%9Athe-cabin-in-the-forest,10,0,1,195.01,2026-07-23T12:00:02Z
2026-07-31T23:00:34+08:00,8,1643748909,Chapter 8：Weird person in the train,https://www.wattpad.com/1643748909-planet-phoenix-chapter-8%EF%BC%9Aweird-person-in-the-train,5,0,0,181.01,2026-07-24T02:00:02Z
2026-07-31T23:00:34+08:00,9,1643749360,Chapter 9：Weird person-1,https://www.wattpad.com/1643749360-planet-phoenix-chapter-9%EF%BC%9Aweird-person-1,1,0,0,167.01,2026-07-24T16:00:03Z
2026-07-31T23:00:34+08:00,10,1643749998,Chapter 10：Weird person-2,https://www.wattpad.com/1643749998-planet-phoenix-chapter-10%EF%BC%9Aweird-person-2,4,0,0,153.01,2026-07-25T06:00:02Z
2026-07-31T23:00:34+08:00,11,1643750323,Chapter 11：Weird person-3,https://www.wattpad.com/1643750323-planet-phoenix-chapter-11%EF%BC%9Aweird-person-3,4,0,0,139.01,2026-07-25T20:00:02Z
2026-07-31T23:00:34+08:00,12,1643751148,Chapter 12：Homestead,https://www.wattpad.com/1643751148-planet-phoenix-chapter-12%EF%BC%9Ahomestead,0,0,0,125.01,2026-07-26T10:00:03Z
2026-07-31T23:00:34+08:00,13,1643843952,Chapter 13：Report anomalous individuals-1,https://www.wattpad.com/1643843952-planet-phoenix-chapter-13%EF%BC%9Areport-anomalous,2,0,0,111.01,2026-07-27T00:00:02Z
2026-07-31T23:00:34+08:00,14,1643844249,Chapter 14：Report anomalous individuals-2,https://www.wattpad.com/1643844249-planet-phoenix-chapter-14%EF%BC%9Areport-anomalous,1,0,0,97.01,2026-07-27T14:00:03Z
2026-07-31T23:00:34+08:00,15,1643844641,Chapter 15：Report anomalous individuals-3,https://www.wattpad.com/1643844641-planet-phoenix-chapter-15%EF%BC%9Areport-anomalous,1,0,0,83.01,2026-07-28T04:00:03Z
2026-07-31T23:00:34+08:00,16,1643845149,Chapter 16：The Journey of Common Sense-1,https://www.wattpad.com/1643845149-planet-phoenix-chapter-16%EF%BC%9Athe-journey-of-common,2,1,0,69.01,2026-07-28T18:00:03Z
2026-07-31T23:00:34+08:00,17,1643845633,Chapter 17：The Journey of Common Sense-2,https://www.wattpad.com/1643845633-planet-phoenix-chapter-17%EF%BC%9Athe-journey-of-common,0,0,0,55.01,2026-07-29T08:00:02Z
2026-07-31T23:00:34+08:00,18,1643845966,Chapter 18：The Journey of Common Sense-3,https://www.wattpad.com/1643845966-planet-phoenix-chapter-18%EF%BC%9Athe-journey-of-common,0,0,0,41.01,2026-07-29T22:00:02Z
2026-07-31T23:00:34+08:00,19,1643846464,"Chapter 19：Strictly Speaking, It is Cohabitation",https://www.wattpad.com/1643846464-planet-phoenix-chapter-19%EF%BC%9Astrictly-speaking-it-is,0,0,0,27.01,2026-07-30T12:00:02Z
2026-07-31T23:00:34+08:00,20,1643846919,Chapter 20：A Neighborhood Hiccup,https://www.wattpad.com/1643846919-planet-phoenix-chapter-20%EF%BC%9Aa-neighborhood-hiccup,0,0,0,13.01,2026-07-31T02:00:03Z
2026-08-01T00:00:36+08:00,1,1643734560,Chapter 1 massive earthquake-1,https://www.wattpad.com/1643734560-planet-phoenix-chapter-1-massive-earthquake-1,15,0,0,280.01,2026-07-20T00:00:02Z
2026-08-01T00:00:36+08:00,2,1643743618,Chapter 2 massive earthquake-2,https://www.wattpad.com/1643743618-planet-phoenix-chapter-2-massive-earthquake-2,12,1,0,266.01,2026-07-20T14:00:02Z
2026-08-01T00:00:36+08:00,3,1643746352,Chapter 3 massive earthquake-3,https://www.wattpad.com/1643746352-planet-phoenix-chapter-3-massive-earthquake-3,5,0,0,252.01,2026-07-21T04:00:02Z
2026-08-01T00:00:36+08:00,4,1643746654,Chapter 4 massive earthquake-4,https://www.wattpad.com/1643746654-planet-phoenix-chapter-4-massive-earthquake-4,9,1,-1,238.01,2026-07-21T18:00:02Z
2026-08-01T00:00:36+08:00,5,1643747136,Chapter 5 Escape from death,https://www.wattpad.com/1643747136-planet-phoenix-chapter-5-escape-from-death,1,0,0,224.01,2026-07-22T08:00:03Z
2026-08-01T00:00:36+08:00,6,1643747955,Chapter 6：Interlude,https://www.wattpad.com/1643747955-planet-phoenix-chapter-6%EF%BC%9Ainterlude,7,0,0,210.01,2026-07-22T22:00:02Z
2026-08-01T00:00:36+08:00,7,1643748308,Chapter 7：The cabin in the forest,https://www.wattpad.com/1643748308-planet-phoenix-chapter-7%EF%BC%9Athe-cabin-in-the-forest,10,0,1,196.01,2026-07-23T12:00:02Z
2026-08-01T00:00:36+08:00,8,1643748909,Chapter 8：Weird person in the train,https://www.wattpad.com/1643748909-planet-phoenix-chapter-8%EF%BC%9Aweird-person-in-the-train,5,0,0,182.01,2026-07-24T02:00:02Z
2026-08-01T00:00:36+08:00,9,1643749360,Chapter 9：Weird person-1,https://www.wattpad.com/1643749360-planet-phoenix-chapter-9%EF%BC%9Aweird-person-1,1,0,0,168.01,2026-07-24T16:00:03Z
2026-08-01T00:00:36+08:00,10,1643749998,Chapter 10：Weird person-2,https://www.wattpad.com/1643749998-planet-phoenix-chapter-10%EF%BC%9Aweird-person-2,4,0,0,154.01,2026-07-25T06:00:02Z
2026-08-01T00:00:36+08:00,11,1643750323,Chapter 11：Weird person-3,https://www.wattpad.com/1643750323-planet-phoenix-chapter-11%EF%BC%9Aweird-person-3,4,0,0,140.01,2026-07-25T20:00:02Z
2026-08-01T00:00:36+08:00,12,1643751148,Chapter 12：Homestead,https://www.wattpad.com/1643751148-planet-phoenix-chapter-12%EF%BC%9Ahomestead,0,0,0,126.01,2026-07-26T10:00:03Z
2026-08-01T00:00:36+08:00,13,1643843952,Chapter 13：Report anomalous individuals-1,https://www.wattpad.com/1643843952-planet-phoenix-chapter-13%EF%BC%9Areport-anomalous,2,0,0,112.01,2026-07-27T00:00:02Z
2026-08-01T00:00:36+08:00,14,1643844249,Chapter 14：Report anomalous individuals-2,https://www.wattpad.com/1643844249-planet-phoenix-chapter-14%EF%BC%9Areport-anomalous,1,0,0,98.01,2026-07-27T14:00:03Z
2026-08-01T00:00:36+08:00,15,1643844641,Chapter 15：Report anomalous individuals-3,https://www.wattpad.com/1643844641-planet-phoenix-chapter-15%EF%BC%9Areport-anomalous,1,0,0,84.01,2026-07-28T04:00:03Z
2026-08-01T00:00:36+08:00,16,1643845149,Chapter 16：The Journey of Common Sense-1,https://www.wattpad.com/1643845149-planet-phoenix-chapter-16%EF%BC%9Athe-journey-of-common,2,1,0,70.01,2026-07-28T18:00:03Z
2026-08-01T00:00:36+08:00,17,1643845633,Chapter 17：The Journey of Common Sense-2,https://www.wattpad.com/1643845633-planet-phoenix-chapter-17%EF%BC%9Athe-journey-of-common,0,0,0,56.01,2026-07-29T08:00:02Z
2026-08-01T00:00:36+08:00,18,1643845966,Chapter 18：The Journey of Common Sense-3,https://www.wattpad.com/1643845966-planet-phoenix-chapter-18%EF%BC%9Athe-journey-of-common,0,0,0,42.01,2026-07-29T22:00:02Z
2026-08-01T00:00:36+08:00,19,1643846464,"Chapter 19：Strictly Speaking, It is Cohabitation",https://www.wattpad.com/1643846464-planet-phoenix-chapter-19%EF%BC%9Astrictly-speaking-it-is,0,0,0,28.01,2026-07-30T12:00:02Z
2026-08-01T00:00:36+08:00,20,1643846919,Chapter 20：A Neighborhood Hiccup,https://www.wattpad.com/1643846919-planet-phoenix-chapter-20%EF%BC%9Aa-neighborhood-hiccup,0,0,0,14.01,2026-07-31T02:00:03Z
2026-08-01T00:00:36+08:00,21,1643848472,Chapter 21：Impromptu Shopping Trip,https://www.wattpad.com/1643848472-planet-phoenix-chapter-21%EF%BC%9Aimpromptu-shopping-trip,0,0,0,0.01,2026-07-31T16:00:03Z
2026-08-01T01:00:43+08:00,1,1643734560,Chapter 1 massive earthquake-1,https://www.wattpad.com/1643734560-planet-phoenix-chapter-1-massive-earthquake-1,15,0,0,281.01,2026-07-20T00:00:02Z
2026-08-01T01:00:43+08:00,2,1643743618,Chapter 2 massive earthquake-2,https://www.wattpad.com/1643743618-planet-phoenix-chapter-2-massive-earthquake-2,12,1,0,267.01,2026-07-20T14:00:02Z
2026-08-01T01:00:43+08:00,3,1643746352,Chapter 3 massive earthquake-3,https://www.wattpad.com/1643746352-planet-phoenix-chapter-3-massive-earthquake-3,5,0,0,253.01,2026-07-21T04:00:02Z
2026-08-01T01:00:43+08:00,4,1643746654,Chapter 4 massive earthquake-4,https://www.wattpad.com/1643746654-planet-phoenix-chapter-4-massive-earthquake-4,9,1,-1,239.01,2026-07-21T18:00:02Z
2026-08-01T01:00:43+08:00,5,1643747136,Chapter 5 Escape from death,https://www.wattpad.com/1643747136-planet-phoenix-chapter-5-escape-from-death,1,0,0,225.01,2026-07-22T08:00:03Z
2026-08-01T01:00:43+08:00,6,1643747955,Chapter 6：Interlude,https://www.wattpad.com/1643747955-planet-phoenix-chapter-6%EF%BC%9Ainterlude,7,0,0,211.01,2026-07-22T22:00:02Z
2026-08-01T01:00:43+08:00,7,1643748308,Chapter 7：The cabin in the forest,https://www.wattpad.com/1643748308-planet-phoenix-chapter-7%EF%BC%9Athe-cabin-in-the-forest,10,0,1,197.01,2026-07-23T12:00:02Z
2026-08-01T01:00:43+08:00,8,1643748909,Chapter 8：Weird person in the train,https://www.wattpad.com/1643748909-planet-phoenix-chapter-8%EF%BC%9Aweird-person-in-the-train,5,0,0,183.01,2026-07-24T02:00:02Z
2026-08-01T01:00:43+08:00,9,1643749360,Chapter 9：Weird person-1,https://www.wattpad.com/1643749360-planet-phoenix-chapter-9%EF%BC%9Aweird-person-1,1,0,0,169.01,2026-07-24T16:00:03Z
2026-08-01T01:00:43+08:00,10,1643749998,Chapter 10：Weird person-2,https://www.wattpad.com/1643749998-planet-phoenix-chapter-10%EF%BC%9Aweird-person-2,4,0,0,155.01,2026-07-25T06:00:02Z
2026-08-01T01:00:43+08:00,11,1643750323,Chapter 11：Weird person-3,https://www.wattpad.com/1643750323-planet-phoenix-chapter-11%EF%BC%9Aweird-person-3,4,0,0,141.01,2026-07-25T20:00:02Z
2026-08-01T01:00:43+08:00,12,1643751148,Chapter 12：Homestead,https://www.wattpad.com/1643751148-planet-phoenix-chapter-12%EF%BC%9Ahomestead,0,0,0,127.01,2026-07-26T10:00:03Z
2026-08-01T01:00:43+08:00,13,1643843952,Chapter 13：Report anomalous individuals-1,https://www.wattpad.com/1643843952-planet-phoenix-chapter-13%EF%BC%9Areport-anomalous,2,0,0,113.01,2026-07-27T00:00:02Z
2026-08-01T01:00:43+08:00,14,1643844249,Chapter 14：Report anomalous individuals-2,https://www.wattpad.com/1643844249-planet-phoenix-chapter-14%EF%BC%9Areport-anomalous,1,0,0,99.01,2026-07-27T14:00:03Z
2026-08-01T01:00:43+08:00,15,1643844641,Chapter 15：Report anomalous individuals-3,https://www.wattpad.com/1643844641-planet-phoenix-chapter-15%EF%BC%9Areport-anomalous,1,0,0,85.01,2026-07-28T04:00:03Z
2026-08-01T01:00:43+08:00,16,1643845149,Chapter 16：The Journey of Common Sense-1,https://www.wattpad.com/1643845149-planet-phoenix-chapter-16%EF%BC%9Athe-journey-of-common,2,1,0,71.01,2026-07-28T18:00:03Z
2026-08-01T01:00:43+08:00,17,1643845633,Chapter 17：The Journey of Common Sense-2,https://www.wattpad.com/1643845633-planet-phoenix-chapter-17%EF%BC%9Athe-journey-of-common,0,0,0,57.01,2026-07-29T08:00:02Z
2026-08-01T01:00:43+08:00,18,1643845966,Chapter 18：The Journey of Common Sense-3,https://www.wattpad.com/1643845966-planet-phoenix-chapter-18%EF%BC%9Athe-journey-of-common,0,0,0,43.01,2026-07-29T22:00:02Z
2026-08-01T01:00:43+08:00,19,1643846464,"Chapter 19：Strictly Speaking, It is Cohabitation",https://www.wattpad.com/1643846464-planet-phoenix-chapter-19%EF%BC%9Astrictly-speaking-it-is,0,0,0,29.01,2026-07-30T12:00:02Z
2026-08-01T01:00:43+08:00,20,1643846919,Chapter 20：A Neighborhood Hiccup,https://www.wattpad.com/1643846919-planet-phoenix-chapter-20%EF%BC%9Aa-neighborhood-hiccup,0,0,0,15.01,2026-07-31T02:00:03Z
2026-08-01T01:00:43+08:00,21,1643848472,Chapter 21：Impromptu Shopping Trip,https://www.wattpad.com/1643848472-planet-phoenix-chapter-21%EF%BC%9Aimpromptu-shopping-trip,0,0,0,1.01,2026-07-31T16:00:03Z
2026-08-01T02:00:28+08:00,1,1643734560,Chapter 1 massive earthquake-1,https://www.wattpad.com/1643734560-planet-phoenix-chapter-1-massive-earthquake-1,15,0,0,282.01,2026-07-20T00:00:02Z
2026-08-01T02:00:28+08:00,2,1643743618,Chapter 2 massive earthquake-2,https://www.wattpad.com/1643743618-planet-phoenix-chapter-2-massive-earthquake-2,12,1,0,268.01,2026-07-20T14:00:02Z
2026-08-01T02:00:28+08:00,3,1643746352,Chapter 3 massive earthquake-3,https://www.wattpad.com/1643746352-planet-phoenix-chapter-3-massive-earthquake-3,5,0,0,254.01,2026-07-21T04:00:02Z
2026-08-01T02:00:28+08:00,4,1643746654,Chapter 4 massive earthquake-4,https://www.wattpad.com/1643746654-planet-phoenix-chapter-4-massive-earthquake-4,9,1,-1,240.01,2026-07-21T18:00:02Z
2026-08-01T02:00:28+08:00,5,1643747136,Chapter 5 Escape from death,https://www.wattpad.com/1643747136-planet-phoenix-chapter-5-escape-from-death,1,0,0,226.01,2026-07-22T08:00:03Z
2026-08-01T02:00:28+08:00,6,1643747955,Chapter 6：Interlude,https://www.wattpad.com/1643747955-planet-phoenix-chapter-6%EF%BC%9Ainterlude,7,0,0,212.01,2026-07-22T22:00:02Z
2026-08-01T02:00:28+08:00,7,1643748308,Chapter 7：The cabin in the forest,https://www.wattpad.com/1643748308-planet-phoenix-chapter-7%EF%BC%9Athe-cabin-in-the-forest,10,0,1,198.01,2026-07-23T12:00:02Z
2026-08-01T02:00:28+08:00,8,1643748909,Chapter 8：Weird person in the train,https://www.wattpad.com/1643748909-planet-phoenix-chapter-8%EF%BC%9Aweird-person-in-the-train,5,0,0,184.01,2026-07-24T02:00:02Z
2026-08-01T02:00:28+08:00,9,1643749360,Chapter 9：Weird person-1,https://www.wattpad.com/1643749360-planet-phoenix-chapter-9%EF%BC%9Aweird-person-1,1,0,0,170.01,2026-07-24T16:00:03Z
2026-08-01T02:00:28+08:00,10,1643749998,Chapter 10：Weird person-2,https://www.wattpad.com/1643749998-planet-phoenix-chapter-10%EF%BC%9Aweird-person-2,4,0,0,156.01,2026-07-25T06:00:02Z
2026-08-01T02:00:28+08:00,11,1643750323,Chapter 11：Weird person-3,https://www.wattpad.com/1643750323-planet-phoenix-chapter-11%EF%BC%9Aweird-person-3,4,0,0,142.01,2026-07-25T20:00:02Z
2026-08-01T02:00:28+08:00,12,1643751148,Chapter 12：Homestead,https://www.wattpad.com/1643751148-planet-phoenix-chapter-12%EF%BC%9Ahomestead,0,0,0,128.01,2026-07-26T10:00:03Z
2026-08-01T02:00:28+08:00,13,1643843952,Chapter 13：Report anomalous individuals-1,https://www.wattpad.com/1643843952-planet-phoenix-chapter-13%EF%BC%9Areport-anomalous,2,0,0,114.01,2026-07-27T00:00:02Z
2026-08-01T02:00:28+08:00,14,1643844249,Chapter 14：Report anomalous individuals-2,https://www.wattpad.com/1643844249-planet-phoenix-chapter-14%EF%BC%9Areport-anomalous,1,0,0,100.01,2026-07-27T14:00:03Z
2026-08-01T02:00:28+08:00,15,1643844641,Chapter 15：Report anomalous individuals-3,https://www.wattpad.com/1643844641-planet-phoenix-chapter-15%EF%BC%9Areport-anomalous,1,0,0,86.01,2026-07-28T04:00:03Z
2026-08-01T02:00:28+08:00,16,1643845149,Chapter 16：The Journey of Common Sense-1,https://www.wattpad.com/1643845149-planet-phoenix-chapter-16%EF%BC%9Athe-journey-of-common,2,1,0,72.01,2026-07-28T18:00:03Z
2026-08-01T02:00:28+08:00,17,1643845633,Chapter 17：The Journey of Common Sense-2,https://www.wattpad.com/1643845633-planet-phoenix-chapter-17%EF%BC%9Athe-journey-of-common,0,0,0,58.01,2026-07-29T08:00:02Z
2026-08-01T02:00:28+08:00,18,1643845966,Chapter 18：The Journey of Common Sense-3,https://www.wattpad.com/1643845966-planet-phoenix-chapter-18%EF%BC%9Athe-journey-of-common,0,0,0,44.01,2026-07-29T22:00:02Z
2026-08-01T02:00:28+08:00,19,1643846464,"Chapter 19：Strictly Speaking, It is Cohabitation",https://www.wattpad.com/1643846464-planet-phoenix-chapter-19%EF%BC%9Astrictly-speaking-it-is,0,0,0,30.01,2026-07-30T12:00:02Z
2026-08-01T02:00:28+08:00,20,1643846919,Chapter 20：A Neighborhood Hiccup,https://www.wattpad.com/1643846919-planet-phoenix-chapter-20%EF%BC%9Aa-neighborhood-hiccup,0,0,0,16.01,2026-07-31T02:00:03Z
2026-08-01T02:00:28+08:00,21,1643848472,Chapter 21：Impromptu Shopping Trip,https://www.wattpad.com/1643848472-planet-phoenix-chapter-21%EF%BC%9Aimpromptu-shopping-trip,0,0,0,2.01,2026-07-31T16:00:03Z
2026-08-01T03:00:35+08:00,1,1643734560,Chapter 1 massive earthquake-1,https://www.wattpad.com/1643734560-planet-phoenix-chapter-1-massive-earthquake-1,15,0,0,283.01,2026-07-20T00:00:02Z
2026-08-01T03:00:35+08:00,2,1643743618,Chapter 2 massive earthquake-2,https://www.wattpad.com/1643743618-planet-phoenix-chapter-2-massive-earthquake-2,12,1,0,269.01,2026-07-20T14:00:02Z
2026-08-01T03:00:35+08:00,3,1643746352,Chapter 3 massive earthquake-3,https://www.wattpad.com/1643746352-planet-phoenix-chapter-3-massive-earthquake-3,5,0,0,255.01,2026-07-21T04:00:02Z
2026-08-01T03:00:35+08:00,4,1643746654,Chapter 4 massive earthquake-4,https://www.wattpad.com/1643746654-planet-phoenix-chapter-4-massive-earthquake-4,9,1,-1,241.01,2026-07-21T18:00:02Z
2026-08-01T03:00:35+08:00,5,1643747136,Chapter 5 Escape from death,https://www.wattpad.com/1643747136-planet-phoenix-chapter-5-escape-from-death,1,0,0,227.01,2026-07-22T08:00:03Z
2026-08-01T03:00:35+08:00,6,1643747955,Chapter 6：Interlude,https://www.wattpad.com/1643747955-planet-phoenix-chapter-6%EF%BC%9Ainterlude,7,0,0,213.01,2026-07-22T22:00:02Z
2026-08-01T03:00:35+08:00,7,1643748308,Chapter 7：The cabin in the forest,https://www.wattpad.com/1643748308-planet-phoenix-chapter-7%EF%BC%9Athe-cabin-in-the-forest,10,0,1,199.01,2026-07-23T12:00:02Z
2026-08-01T03:00:35+08:00,8,1643748909,Chapter 8：Weird person in the train,https://www.wattpad.com/1643748909-planet-phoenix-chapter-8%EF%BC%9Aweird-person-in-the-train,5,0,0,185.01,2026-07-24T02:00:02Z
2026-08-01T03:00:35+08:00,9,1643749360,Chapter 9：Weird person-1,https://www.wattpad.com/1643749360-planet-phoenix-chapter-9%EF%BC%9Aweird-person-1,1,0,0,171.01,2026-07-24T16:00:03Z
2026-08-01T03:00:35+08:00,10,1643749998,Chapter 10：Weird person-2,https://www.wattpad.com/1643749998-planet-phoenix-chapter-10%EF%BC%9Aweird-person-2,4,0,0,157.01,2026-07-25T06:00:02Z
2026-08-01T03:00:35+08:00,11,1643750323,Chapter 11：Weird person-3,https://www.wattpad.com/1643750323-planet-phoenix-chapter-11%EF%BC%9Aweird-person-3,4,0,0,143.01,2026-07-25T20:00:02Z
2026-08-01T03:00:35+08:00,12,1643751148,Chapter 12：Homestead,https://www.wattpad.com/1643751148-planet-phoenix-chapter-12%EF%BC%9Ahomestead,0,0,0,129.01,2026-07-26T10:00:03Z
2026-08-01T03:00:35+08:00,13,1643843952,Chapter 13：Report anomalous individuals-1,https://www.wattpad.com/1643843952-planet-phoenix-chapter-13%EF%BC%9Areport-anomalous,2,0,0,115.01,2026-07-27T00:00:02Z
2026-08-01T03:00:35+08:00,14,1643844249,Chapter 14：Report anomalous individuals-2,https://www.wattpad.com/1643844249-planet-phoenix-chapter-14%EF%BC%9Areport-anomalous,1,0,0,101.01,2026-07-27T14:00:03Z
2026-08-01T03:00:35+08:00,15,1643844641,Chapter 15：Report anomalous individuals-3,https://www.wattpad.com/1643844641-planet-phoenix-chapter-15%EF%BC%9Areport-anomalous,1,0,0,87.01,2026-07-28T04:00:03Z
2026-08-01T03:00:35+08:00,16,1643845149,Chapter 16：The Journey of Common Sense-1,https://www.wattpad.com/1643845149-planet-phoenix-chapter-16%EF%BC%9Athe-journey-of-common,2,1,0,73.01,2026-07-28T18:00:03Z
2026-08-01T03:00:35+08:00,17,1643845633,Chapter 17：The Journey of Common Sense-2,https://www.wattpad.com/1643845633-planet-phoenix-chapter-17%EF%BC%9Athe-journey-of-common,0,0,0,59.01,2026-07-29T08:00:02Z
2026-08-01T03:00:35+08:00,18,1643845966,Chapter 18：The Journey of Common Sense-3,https://www.wattpad.com/1643845966-planet-phoenix-chapter-18%EF%BC%9Athe-journey-of-common,0,0,0,45.01,2026-07-29T22:00:02Z
2026-08-01T03:00:35+08:00,19,1643846464,"Chapter 19：Strictly Speaking, It is Cohabitation",https://www.wattpad.com/1643846464-planet-phoenix-chapter-19%EF%BC%9Astrictly-speaking-it-is,0,0,0,31.01,2026-07-30T12:00:02Z
2026-08-01T03:00:35+08:00,20,1643846919,Chapter 20：A Neighborhood Hiccup,https://www.wattpad.com/1643846919-planet-phoenix-chapter-20%EF%BC%9Aa-neighborhood-hiccup,0,0,0,17.01,2026-07-31T02:00:03Z
2026-08-01T03:00:35+08:00,21,1643848472,Chapter 21：Impromptu Shopping Trip,https://www.wattpad.com/1643848472-planet-phoenix-chapter-21%EF%BC%9Aimpromptu-shopping-trip,0,0,0,3.01,2026-07-31T16:00:03Z
2026-08-01T04:00:30+08:00,1,1643734560,Chapter 1 massive earthquake-1,https://www.wattpad.com/1643734560-planet-phoenix-chapter-1-massive-earthquake-1,15,0,0,284.01,2026-07-20T00:00:02Z
2026-08-01T04:00:30+08:00,2,1643743618,Chapter 2 massive earthquake-2,https://www.wattpad.com/1643743618-planet-phoenix-chapter-2-massive-earthquake-2,12,1,0,270.01,2026-07-20T14:00:02Z
2026-08-01T04:00:30+08:00,3,1643746352,Chapter 3 massive earthquake-3,https://www.wattpad.com/1643746352-planet-phoenix-chapter-3-massive-earthquake-3,5,0,0,256.01,2026-07-21T04:00:02Z
2026-08-01T04:00:30+08:00,4,1643746654,Chapter 4 massive earthquake-4,https://www.wattpad.com/1643746654-planet-phoenix-chapter-4-massive-earthquake-4,9,1,-1,242.01,2026-07-21T18:00:02Z
2026-08-01T04:00:30+08:00,5,1643747136,Chapter 5 Escape from death,https://www.wattpad.com/1643747136-planet-phoenix-chapter-5-escape-from-death,1,0,0,228.01,2026-07-22T08:00:03Z
2026-08-01T04:00:30+08:00,6,1643747955,Chapter 6：Interlude,https://www.wattpad.com/1643747955-planet-phoenix-chapter-6%EF%BC%9Ainterlude,7,0,0,214.01,2026-07-22T22:00:02Z
2026-08-01T04:00:30+08:00,7,1643748308,Chapter 7：The cabin in the forest,https://www.wattpad.com/1643748308-planet-phoenix-chapter-7%EF%BC%9Athe-cabin-in-the-forest,10,0,1,200.01,2026-07-23T12:00:02Z
2026-08-01T04:00:30+08:00,8,1643748909,Chapter 8：Weird person in the train,https://www.wattpad.com/1643748909-planet-phoenix-chapter-8%EF%BC%9Aweird-person-in-the-train,5,0,0,186.01,2026-07-24T02:00:02Z
2026-08-01T04:00:30+08:00,9,1643749360,Chapter 9：Weird person-1,https://www.wattpad.com/1643749360-planet-phoenix-chapter-9%EF%BC%9Aweird-person-1,1,0,0,172.01,2026-07-24T16:00:03Z
2026-08-01T04:00:30+08:00,10,1643749998,Chapter 10：Weird person-2,https://www.wattpad.com/1643749998-planet-phoenix-chapter-10%EF%BC%9Aweird-person-2,4,0,0,158.01,2026-07-25T06:00:02Z
2026-08-01T04:00:30+08:00,11,1643750323,Chapter 11：Weird person-3,https://www.wattpad.com/1643750323-planet-phoenix-chapter-11%EF%BC%9Aweird-person-3,4,0,0,144.01,2026-07-25T20:00:02Z
2026-08-01T04:00:30+08:00,12,1643751148,Chapter 12：Homestead,https://www.wattpad.com/1643751148-planet-phoenix-chapter-12%EF%BC%9Ahomestead,0,0,0,130.01,2026-07-26T10:00:03Z
2026-08-01T04:00:30+08:00,13,1643843952,Chapter 13：Report anomalous individuals-1,https://www.wattpad.com/1643843952-planet-phoenix-chapter-13%EF%BC%9Areport-anomalous,2,0,0,116.01,2026-07-27T00:00:02Z
2026-08-01T04:00:30+08:00,14,1643844249,Chapter 14：Report anomalous individuals-2,https://www.wattpad.com/1643844249-planet-phoenix-chapter-14%EF%BC%9Areport-anomalous,1,0,0,102.01,2026-07-27T14:00:03Z
2026-08-01T04:00:30+08:00,15,1643844641,Chapter 15：Report anomalous individuals-3,https://www.wattpad.com/1643844641-planet-phoenix-chapter-15%EF%BC%9Areport-anomalous,1,0,0,88.01,2026-07-28T04:00:03Z
2026-08-01T04:00:30+08:00,16,1643845149,Chapter 16：The Journey of Common Sense-1,https://www.wattpad.com/1643845149-planet-phoenix-chapter-16%EF%BC%9Athe-journey-of-common,2,1,0,74.01,2026-07-28T18:00:03Z
2026-08-01T04:00:30+08:00,17,1643845633,Chapter 17：The Journey of Common Sense-2,https://www.wattpad.com/1643845633-planet-phoenix-chapter-17%EF%BC%9Athe-journey-of-common,0,0,0,60.01,2026-07-29T08:00:02Z
2026-08-01T04:00:30+08:00,18,1643845966,Chapter 18：The Journey of Common Sense-3,https://www.wattpad.com/1643845966-planet-phoenix-chapter-18%EF%BC%9Athe-journey-of-common,0,0,0,46.01,2026-07-29T22:00:02Z
2026-08-01T04:00:30+08:00,19,1643846464,"Chapter 19：Strictly Speaking, It is Cohabitation",https://www.wattpad.com/1643846464-planet-phoenix-chapter-19%EF%BC%9Astrictly-speaking-it-is,0,0,0,32.01,2026-07-30T12:00:02Z
2026-08-01T04:00:30+08:00,20,1643846919,Chapter 20：A Neighborhood Hiccup,https://www.wattpad.com/1643846919-planet-phoenix-chapter-20%EF%BC%9Aa-neighborhood-hiccup,0,0,0,18.01,2026-07-31T02:00:03Z
2026-08-01T04:00:30+08:00,21,1643848472,Chapter 21：Impromptu Shopping Trip,https://www.wattpad.com/1643848472-planet-phoenix-chapter-21%EF%BC%9Aimpromptu-shopping-trip,0,0,0,4.01,2026-07-31T16:00:03Z
2026-08-01T05:00:32+08:00,1,1643734560,Chapter 1 massive earthquake-1,https://www.wattpad.com/1643734560-planet-phoenix-chapter-1-massive-earthquake-1,15,0,0,285.01,2026-07-20T00:00:02Z
2026-08-01T05:00:32+08:00,2,1643743618,Chapter 2 massive earthquake-2,https://www.wattpad.com/1643743618-planet-phoenix-chapter-2-massive-earthquake-2,12,1,0,271.01,2026-07-20T14:00:02Z
2026-08-01T05:00:32+08:00,3,1643746352,Chapter 3 massive earthquake-3,https://www.wattpad.com/1643746352-planet-phoenix-chapter-3-massive-earthquake-3,5,0,0,257.01,2026-07-21T04:00:02Z
2026-08-01T05:00:32+08:00,4,1643746654,Chapter 4 massive earthquake-4,https://www.wattpad.com/1643746654-planet-phoenix-chapter-4-massive-earthquake-4,9,1,-1,243.01,2026-07-21T18:00:02Z
2026-08-01T05:00:32+08:00,5,1643747136,Chapter 5 Escape from death,https://www.wattpad.com/1643747136-planet-phoenix-chapter-5-escape-from-death,1,0,0,229.01,2026-07-22T08:00:03Z
2026-08-01T05:00:32+08:00,6,1643747955,Chapter 6：Interlude,https://www.wattpad.com/1643747955-planet-phoenix-chapter-6%EF%BC%9Ainterlude,7,0,0,215.01,2026-07-22T22:00:02Z
2026-08-01T05:00:32+08:00,7,1643748308,Chapter 7：The cabin in the forest,https://www.wattpad.com/1643748308-planet-phoenix-chapter-7%EF%BC%9Athe-cabin-in-the-forest,10,0,1,201.01,2026-07-23T12:00:02Z
2026-08-01T05:00:32+08:00,8,1643748909,Chapter 8：Weird person in the train,https://www.wattpad.com/1643748909-planet-phoenix-chapter-8%EF%BC%9Aweird-person-in-the-train,5,0,0,187.01,2026-07-24T02:00:02Z
2026-08-01T05:00:32+08:00,9,1643749360,Chapter 9：Weird person-1,https://www.wattpad.com/1643749360-planet-phoenix-chapter-9%EF%BC%9Aweird-person-1,1,0,0,173.01,2026-07-24T16:00:03Z
2026-08-01T05:00:32+08:00,10,1643749998,Chapter 10：Weird person-2,https://www.wattpad.com/1643749998-planet-phoenix-chapter-10%EF%BC%9Aweird-person-2,4,0,0,159.01,2026-07-25T06:00:02Z
2026-08-01T05:00:32+08:00,11,1643750323,Chapter 11：Weird person-3,https://www.wattpad.com/1643750323-planet-phoenix-chapter-11%EF%BC%9Aweird-person-3,4,0,0,145.01,2026-07-25T20:00:02Z
2026-08-01T05:00:32+08:00,12,1643751148,Chapter 12：Homestead,https://www.wattpad.com/1643751148-planet-phoenix-chapter-12%EF%BC%9Ahomestead,0,0,0,131.01,2026-07-26T10:00:03Z
2026-08-01T05:00:32+08:00,13,1643843952,Chapter 13：Report anomalous individuals-1,https://www.wattpad.com/1643843952-planet-phoenix-chapter-13%EF%BC%9Areport-anomalous,2,0,0,117.01,2026-07-27T00:00:02Z
2026-08-01T05:00:32+08:00,14,1643844249,Chapter 14：Report anomalous individuals-2,https://www.wattpad.com/1643844249-planet-phoenix-chapter-14%EF%BC%9Areport-anomalous,2,0,0,103.01,2026-07-27T14:00:03Z
2026-08-01T05:00:32+08:00,15,1643844641,Chapter 15：Report anomalous individuals-3,https://www.wattpad.com/1643844641-planet-phoenix-chapter-15%EF%BC%9Areport-anomalous,1,0,0,89.01,2026-07-28T04:00:03Z
2026-08-01T05:00:32+08:00,16,1643845149,Chapter 16：The Journey of Common Sense-1,https://www.wattpad.com/1643845149-planet-phoenix-chapter-16%EF%BC%9Athe-journey-of-common,2,1,0,75.01,2026-07-28T18:00:03Z
2026-08-01T05:00:32+08:00,17,1643845633,Chapter 17：The Journey of Common Sense-2,https://www.wattpad.com/1643845633-planet-phoenix-chapter-17%EF%BC%9Athe-journey-of-common,0,0,0,61.01,2026-07-29T08:00:02Z
2026-08-01T05:00:32+08:00,18,1643845966,Chapter 18：The Journey of Common Sense-3,https://www.wattpad.com/1643845966-planet-phoenix-chapter-18%EF%BC%9Athe-journey-of-common,0,0,0,47.01,2026-07-29T22:00:02Z
2026-08-01T05:00:32+08:00,19,1643846464,"Chapter 19：Strictly Speaking, It is Cohabitation",https://www.wattpad.com/1643846464-planet-phoenix-chapter-19%EF%BC%9Astrictly-speaking-it-is,0,0,0,33.01,2026-07-30T12:00:02Z
2026-08-01T05:00:32+08:00,20,1643846919,Chapter 20：A Neighborhood Hiccup,https://www.wattpad.com/1643846919-planet-phoenix-chapter-20%EF%BC%9Aa-neighborhood-hiccup,0,0,0,19.01,2026-07-31T02:00:03Z
2026-08-01T05:00:32+08:00,21,1643848472,Chapter 21：Impromptu Shopping Trip,https://www.wattpad.com/1643848472-planet-phoenix-chapter-21%EF%BC%9Aimpromptu-shopping-trip,0,0,0,5.01,2026-07-31T16:00:03Z
2026-08-01T06:00:28+08:00,1,1643734560,Chapter 1 massive earthquake-1,https://www.wattpad.com/1643734560-planet-phoenix-chapter-1-massive-earthquake-1,15,0,0,286.01,2026-07-20T00:00:02Z
2026-08-01T06:00:28+08:00,2,1643743618,Chapter 2 massive earthquake-2,https://www.wattpad.com/1643743618-planet-phoenix-chapter-2-massive-earthquake-2,12,1,0,272.01,2026-07-20T14:00:02Z
2026-08-01T06:00:28+08:00,3,1643746352,Chapter 3 massive earthquake-3,https://www.wattpad.com/1643746352-planet-phoenix-chapter-3-massive-earthquake-3,5,0,0,258.01,2026-07-21T04:00:02Z
2026-08-01T06:00:28+08:00,4,1643746654,Chapter 4 massive earthquake-4,https://www.wattpad.com/1643746654-planet-phoenix-chapter-4-massive-earthquake-4,9,1,-1,244.01,2026-07-21T18:00:02Z
2026-08-01T06:00:28+08:00,5,1643747136,Chapter 5 Escape from death,https://www.wattpad.com/1643747136-planet-phoenix-chapter-5-escape-from-death,1,0,0,230.01,2026-07-22T08:00:03Z
2026-08-01T06:00:28+08:00,6,1643747955,Chapter 6：Interlude,https://www.wattpad.com/1643747955-planet-phoenix-chapter-6%EF%BC%9Ainterlude,7,0,0,216.01,2026-07-22T22:00:02Z
2026-08-01T06:00:28+08:00,7,1643748308,Chapter 7：The cabin in the forest,https://www.wattpad.com/1643748308-planet-phoenix-chapter-7%EF%BC%9Athe-cabin-in-the-forest,10,0,1,202.01,2026-07-23T12:00:02Z
2026-08-01T06:00:28+08:00,8,1643748909,Chapter 8：Weird person in the train,https://www.wattpad.com/1643748909-planet-phoenix-chapter-8%EF%BC%9Aweird-person-in-the-train,5,0,0,188.01,2026-07-24T02:00:02Z
2026-08-01T06:00:28+08:00,9,1643749360,Chapter 9：Weird person-1,https://www.wattpad.com/1643749360-planet-phoenix-chapter-9%EF%BC%9Aweird-person-1,1,0,0,174.01,2026-07-24T16:00:03Z
2026-08-01T06:00:28+08:00,10,1643749998,Chapter 10：Weird person-2,https://www.wattpad.com/1643749998-planet-phoenix-chapter-10%EF%BC%9Aweird-person-2,4,0,0,160.01,2026-07-25T06:00:02Z
2026-08-01T06:00:28+08:00,11,1643750323,Chapter 11：Weird person-3,https://www.wattpad.com/1643750323-planet-phoenix-chapter-11%EF%BC%9Aweird-person-3,4,0,0,146.01,2026-07-25T20:00:02Z
2026-08-01T06:00:28+08:00,12,1643751148,Chapter 12：Homestead,https://www.wattpad.com/1643751148-planet-phoenix-chapter-12%EF%BC%9Ahomestead,0,0,0,132.01,2026-07-26T10:00:03Z
2026-08-01T06:00:28+08:00,13,1643843952,Chapter 13：Report anomalous individuals-1,https://www.wattpad.com/1643843952-planet-phoenix-chapter-13%EF%BC%9Areport-anomalous,2,0,0,118.01,2026-07-27T00:00:02Z
2026-08-01T06:00:28+08:00,14,1643844249,Chapter 14：Report anomalous individuals-2,https://www.wattpad.com/1643844249-planet-phoenix-chapter-14%EF%BC%9Areport-anomalous,2,0,0,104.01,2026-07-27T14:00:03Z
2026-08-01T06:00:28+08:00,15,1643844641,Chapter 15：Report anomalous individuals-3,https://www.wattpad.com/1643844641-planet-phoenix-chapter-15%EF%BC%9Areport-anomalous,1,0,0,90.01,2026-07-28T04:00:03Z
2026-08-01T06:00:28+08:00,16,1643845149,Chapter 16：The Journey of Common Sense-1,https://www.wattpad.com/1643845149-planet-phoenix-chapter-16%EF%BC%9Athe-journey-of-common,2,1,0,76.01,2026-07-28T18:00:03Z
2026-08-01T06:00:28+08:00,17,1643845633,Chapter 17：The Journey of Common Sense-2,https://www.wattpad.com/1643845633-planet-phoenix-chapter-17%EF%BC%9Athe-journey-of-common,0,0,0,62.01,2026-07-29T08:00:02Z
2026-08-01T06:00:28+08:00,18,1643845966,Chapter 18：The Journey of Common Sense-3,https://www.wattpad.com/1643845966-planet-phoenix-chapter-18%EF%BC%9Athe-journey-of-common,0,0,0,48.01,2026-07-29T22:00:02Z
2026-08-01T06:00:28+08:00,19,1643846464,"Chapter 19：Strictly Speaking, It is Cohabitation",https://www.wattpad.com/1643846464-planet-phoenix-chapter-19%EF%BC%9Astrictly-speaking-it-is,0,0,0,34.01,2026-07-30T12:00:02Z
2026-08-01T06:00:28+08:00,20,1643846919,Chapter 20：A Neighborhood Hiccup,https://www.wattpad.com/1643846919-planet-phoenix-chapter-20%EF%BC%9Aa-neighborhood-hiccup,0,0,0,20.01,2026-07-31T02:00:03Z
2026-08-01T06:00:28+08:00,21,1643848472,Chapter 21：Impromptu Shopping Trip,https://www.wattpad.com/1643848472-planet-phoenix-chapter-21%EF%BC%9Aimpromptu-shopping-trip,0,0,0,6.01,2026-07-31T16:00:03Z
2026-08-01T07:00:30+08:00,1,1643734560,Chapter 1 massive earthquake-1,https://www.wattpad.com/1643734560-planet-phoenix-chapter-1-massive-earthquake-1,15,0,0,287.01,2026-07-20T00:00:02Z
2026-08-01T07:00:30+08:00,2,1643743618,Chapter 2 massive earthquake-2,https://www.wattpad.com/1643743618-planet-phoenix-chapter-2-massive-earthquake-2,12,1,0,273.01,2026-07-20T14:00:02Z
2026-08-01T07:00:30+08:00,3,1643746352,Chapter 3 massive earthquake-3,https://www.wattpad.com/1643746352-planet-phoenix-chapter-3-massive-earthquake-3,5,0,0,259.01,2026-07-21T04:00:02Z
2026-08-01T07:00:30+08:00,4,1643746654,Chapter 4 massive earthquake-4,https://www.wattpad.com/1643746654-planet-phoenix-chapter-4-massive-earthquake-4,9,1,-1,245.01,2026-07-21T18:00:02Z
2026-08-01T07:00:30+08:00,5,1643747136,Chapter 5 Escape from death,https://www.wattpad.com/1643747136-planet-phoenix-chapter-5-escape-from-death,1,0,0,231.01,2026-07-22T08:00:03Z
2026-08-01T07:00:30+08:00,6,1643747955,Chapter 6：Interlude,https://www.wattpad.com/1643747955-planet-phoenix-chapter-6%EF%BC%9Ainterlude,7,0,0,217.01,2026-07-22T22:00:02Z
2026-08-01T07:00:30+08:00,7,1643748308,Chapter 7：The cabin in the forest,https://www.wattpad.com/1643748308-planet-phoenix-chapter-7%EF%BC%9Athe-cabin-in-the-forest,10,0,1,203.01,2026-07-23T12:00:02Z
2026-08-01T07:00:30+08:00,8,1643748909,Chapter 8：Weird person in the train,https://www.wattpad.com/1643748909-planet-phoenix-chapter-8%EF%BC%9Aweird-person-in-the-train,5,0,0,189.01,2026-07-24T02:00:02Z
2026-08-01T07:00:30+08:00,9,1643749360,Chapter 9：Weird person-1,https://www.wattpad.com/1643749360-planet-phoenix-chapter-9%EF%BC%9Aweird-person-1,1,0,0,175.01,2026-07-24T16:00:03Z
2026-08-01T07:00:30+08:00,10,1643749998,Chapter 10：Weird person-2,https://www.wattpad.com/1643749998-planet-phoenix-chapter-10%EF%BC%9Aweird-person-2,4,0,0,161.01,2026-07-25T06:00:02Z
2026-08-01T07:00:30+08:00,11,1643750323,Chapter 11：Weird person-3,https://www.wattpad.com/1643750323-planet-phoenix-chapter-11%EF%BC%9Aweird-person-3,4,0,0,147.01,2026-07-25T20:00:02Z
2026-08-01T07:00:30+08:00,12,1643751148,Chapter 12：Homestead,https://www.wattpad.com/1643751148-planet-phoenix-chapter-12%EF%BC%9Ahomestead,0,0,0,133.01,2026-07-26T10:00:03Z
2026-08-01T07:00:30+08:00,13,1643843952,Chapter 13：Report anomalous individuals-1,https://www.wattpad.com/1643843952-planet-phoenix-chapter-13%EF%BC%9Areport-anomalous,2,0,0,119.01,2026-07-27T00:00:02Z
2026-08-01T07:00:30+08:00,14,1643844249,Chapter 14：Report anomalous individuals-2,https://www.wattpad.com/1643844249-planet-phoenix-chapter-14%EF%BC%9Areport-anomalous,2,0,0,105.01,2026-07-27T14:00:03Z
2026-08-01T07:00:30+08:00,15,1643844641,Chapter 15：Report anomalous individuals-3,https://www.wattpad.com/1643844641-planet-phoenix-chapter-15%EF%BC%9Areport-anomalous,1,0,0,91.01,2026-07-28T04:00:03Z
2026-08-01T07:00:30+08:00,16,1643845149,Chapter 16：The Journey of Common Sense-1,https://www.wattpad.com/1643845149-planet-phoenix-chapter-16%EF%BC%9Athe-journey-of-common,2,1,0,77.01,2026-07-28T18:00:03Z
2026-08-01T07:00:30+08:00,17,1643845633,Chapter 17：The Journey of Common Sense-2,https://www.wattpad.com/1643845633-planet-phoenix-chapter-17%EF%BC%9Athe-journey-of-common,0,0,0,63.01,2026-07-29T08:00:02Z
2026-08-01T07:00:30+08:00,18,1643845966,Chapter 18：The Journey of Common Sense-3,https://www.wattpad.com/1643845966-planet-phoenix-chapter-18%EF%BC%9Athe-journey-of-common,0,0,0,49.01,2026-07-29T22:00:02Z
2026-08-01T07:00:30+08:00,19,1643846464,"Chapter 19：Strictly Speaking, It is Cohabitation",https://www.wattpad.com/1643846464-planet-phoenix-chapter-19%EF%BC%9Astrictly-speaking-it-is,0,0,0,35.01,2026-07-30T12:00:02Z
2026-08-01T07:00:30+08:00,20,1643846919,Chapter 20：A Neighborhood Hiccup,https://www.wattpad.com/1643846919-planet-phoenix-chapter-20%EF%BC%9Aa-neighborhood-hiccup,0,0,0,21.01,2026-07-31T02:00:03Z
2026-08-01T07:00:30+08:00,21,1643848472,Chapter 21：Impromptu Shopping Trip,https://www.wattpad.com/1643848472-planet-phoenix-chapter-21%EF%BC%9Aimpromptu-shopping-trip,0,0,0,7.01,2026-07-31T16:00:03Z
2026-08-01T08:00:32+08:00,1,1643734560,Chapter 1 massive earthquake-1,https://www.wattpad.com/1643734560-planet-phoenix-chapter-1-massive-earthquake-1,15,0,0,288.01,2026-07-20T00:00:02Z
2026-08-01T08:00:32+08:00,2,1643743618,Chapter 2 massive earthquake-2,https://www.wattpad.com/1643743618-planet-phoenix-chapter-2-massive-earthquake-2,12,1,0,274.01,2026-07-20T14:00:02Z
2026-08-01T08:00:32+08:00,3,1643746352,Chapter 3 massive earthquake-3,https://www.wattpad.com/1643746352-planet-phoenix-chapter-3-massive-earthquake-3,5,0,0,260.01,2026-07-21T04:00:02Z
2026-08-01T08:00:32+08:00,4,1643746654,Chapter 4 massive earthquake-4,https://www.wattpad.com/1643746654-planet-phoenix-chapter-4-massive-earthquake-4,9,1,-1,246.01,2026-07-21T18:00:02Z
2026-08-01T08:00:32+08:00,5,1643747136,Chapter 5 Escape from death,https://www.wattpad.com/1643747136-planet-phoenix-chapter-5-escape-from-death,1,0,0,232.01,2026-07-22T08:00:03Z
2026-08-01T08:00:32+08:00,6,1643747955,Chapter 6：Interlude,https://www.wattpad.com/1643747955-planet-phoenix-chapter-6%EF%BC%9Ainterlude,7,0,0,218.01,2026-07-22T22:00:02Z
2026-08-01T08:00:32+08:00,7,1643748308,Chapter 7：The cabin in the forest,https://www.wattpad.com/1643748308-planet-phoenix-chapter-7%EF%BC%9Athe-cabin-in-the-forest,10,0,1,204.01,2026-07-23T12:00:02Z
2026-08-01T08:00:32+08:00,8,1643748909,Chapter 8：Weird person in the train,https://www.wattpad.com/1643748909-planet-phoenix-chapter-8%EF%BC%9Aweird-person-in-the-train,5,0,0,190.01,2026-07-24T02:00:02Z
2026-08-01T08:00:32+08:00,9,1643749360,Chapter 9：Weird person-1,https://www.wattpad.com/1643749360-planet-phoenix-chapter-9%EF%BC%9Aweird-person-1,1,0,0,176.01,2026-07-24T16:00:03Z
2026-08-01T08:00:32+08:00,10,1643749998,Chapter 10：Weird person-2,https://www.wattpad.com/1643749998-planet-phoenix-chapter-10%EF%BC%9Aweird-person-2,4,0,0,162.01,2026-07-25T06:00:02Z
2026-08-01T08:00:32+08:00,11,1643750323,Chapter 11：Weird person-3,https://www.wattpad.com/1643750323-planet-phoenix-chapter-11%EF%BC%9Aweird-person-3,4,0,0,148.01,2026-07-25T20:00:02Z
2026-08-01T08:00:32+08:00,12,1643751148,Chapter 12：Homestead,https://www.wattpad.com/1643751148-planet-phoenix-chapter-12%EF%BC%9Ahomestead,0,0,0,134.01,2026-07-26T10:00:03Z
2026-08-01T08:00:32+08:00,13,1643843952,Chapter 13：Report anomalous individuals-1,https://www.wattpad.com/1643843952-planet-phoenix-chapter-13%EF%BC%9Areport-anomalous,2,0,0,120.01,2026-07-27T00:00:02Z
2026-08-01T08:00:32+08:00,14,1643844249,Chapter 14：Report anomalous individuals-2,https://www.wattpad.com/1643844249-planet-phoenix-chapter-14%EF%BC%9Areport-anomalous,2,0,0,106.01,2026-07-27T14:00:03Z
2026-08-01T08:00:32+08:00,15,1643844641,Chapter 15：Report anomalous individuals-3,https://www.wattpad.com/1643844641-planet-phoenix-chapter-15%EF%BC%9Areport-anomalous,1,0,0,92.01,2026-07-28T04:00:03Z
2026-08-01T08:00:32+08:00,16,1643845149,Chapter 16：The Journey of Common Sense-1,https://www.wattpad.com/1643845149-planet-phoenix-chapter-16%EF%BC%9Athe-journey-of-common,2,1,0,78.01,2026-07-28T18:00:03Z
2026-08-01T08:00:32+08:00,17,1643845633,Chapter 17：The Journey of Common Sense-2,https://www.wattpad.com/1643845633-planet-phoenix-chapter-17%EF%BC%9Athe-journey-of-common,0,0,0,64.01,2026-07-29T08:00:02Z
2026-08-01T08:00:32+08:00,18,1643845966,Chapter 18：The Journey of Common Sense-3,https://www.wattpad.com/1643845966-planet-phoenix-chapter-18%EF%BC%9Athe-journey-of-common,0,0,0,50.01,2026-07-29T22:00:02Z
2026-08-01T08:00:32+08:00,19,1643846464,"Chapter 19：Strictly Speaking, It is Cohabitation",https://www.wattpad.com/1643846464-planet-phoenix-chapter-19%EF%BC%9Astrictly-speaking-it-is,0,0,0,36.01,2026-07-30T12:00:02Z
2026-08-01T08:00:32+08:00,20,1643846919,Chapter 20：A Neighborhood Hiccup,https://www.wattpad.com/1643846919-planet-phoenix-chapter-20%EF%BC%9Aa-neighborhood-hiccup,0,0,0,22.01,2026-07-31T02:00:03Z
2026-08-01T08:00:32+08:00,21,1643848472,Chapter 21：Impromptu Shopping Trip,https://www.wattpad.com/1643848472-planet-phoenix-chapter-21%EF%BC%9Aimpromptu-shopping-trip,0,0,0,8.01,2026-07-31T16:00:03Z
2026-08-01T09:00:30+08:00,1,1643734560,Chapter 1 massive earthquake-1,https://www.wattpad.com/1643734560-planet-phoenix-chapter-1-massive-earthquake-1,15,0,0,289.01,2026-07-20T00:00:02Z
2026-08-01T09:00:30+08:00,2,1643743618,Chapter 2 massive earthquake-2,https://www.wattpad.com/1643743618-planet-phoenix-chapter-2-massive-earthquake-2,12,1,0,275.01,2026-07-20T14:00:02Z
2026-08-01T09:00:30+08:00,3,1643746352,Chapter 3 massive earthquake-3,https://www.wattpad.com/1643746352-planet-phoenix-chapter-3-massive-earthquake-3,5,0,0,261.01,2026-07-21T04:00:02Z
2026-08-01T09:00:30+08:00,4,1643746654,Chapter 4 massive earthquake-4,https://www.wattpad.com/1643746654-planet-phoenix-chapter-4-massive-earthquake-4,9,1,-1,247.01,2026-07-21T18:00:02Z
2026-08-01T09:00:30+08:00,5,1643747136,Chapter 5 Escape from death,https://www.wattpad.com/1643747136-planet-phoenix-chapter-5-escape-from-death,1,0,0,233.01,2026-07-22T08:00:03Z
2026-08-01T09:00:30+08:00,6,1643747955,Chapter 6：Interlude,https://www.wattpad.com/1643747955-planet-phoenix-chapter-6%EF%BC%9Ainterlude,7,0,0,219.01,2026-07-22T22:00:02Z
2026-08-01T09:00:30+08:00,7,1643748308,Chapter 7：The cabin in the forest,https://www.wattpad.com/1643748308-planet-phoenix-chapter-7%EF%BC%9Athe-cabin-in-the-forest,10,0,1,205.01,2026-07-23T12:00:02Z
2026-08-01T09:00:30+08:00,8,1643748909,Chapter 8：Weird person in the train,https://www.wattpad.com/1643748909-planet-phoenix-chapter-8%EF%BC%9Aweird-person-in-the-train,5,0,0,191.01,2026-07-24T02:00:02Z
2026-08-01T09:00:30+08:00,9,1643749360,Chapter 9：Weird person-1,https://www.wattpad.com/1643749360-planet-phoenix-chapter-9%EF%BC%9Aweird-person-1,1,0,0,177.01,2026-07-24T16:00:03Z
2026-08-01T09:00:30+08:00,10,1643749998,Chapter 10：Weird person-2,https://www.wattpad.com/1643749998-planet-phoenix-chapter-10%EF%BC%9Aweird-person-2,4,0,0,163.01,2026-07-25T06:00:02Z
2026-08-01T09:00:30+08:00,11,1643750323,Chapter 11：Weird person-3,https://www.wattpad.com/1643750323-planet-phoenix-chapter-11%EF%BC%9Aweird-person-3,4,0,0,149.01,2026-07-25T20:00:02Z
2026-08-01T09:00:30+08:00,12,1643751148,Chapter 12：Homestead,https://www.wattpad.com/1643751148-planet-phoenix-chapter-12%EF%BC%9Ahomestead,0,0,0,135.01,2026-07-26T10:00:03Z
2026-08-01T09:00:30+08:00,13,1643843952,Chapter 13：Report anomalous individuals-1,https://www.wattpad.com/1643843952-planet-phoenix-chapter-13%EF%BC%9Areport-anomalous,2,0,0,121.01,2026-07-27T00:00:02Z
2026-08-01T09:00:30+08:00,14,1643844249,Chapter 14：Report anomalous individuals-2,https://www.wattpad.com/1643844249-planet-phoenix-chapter-14%EF%BC%9Areport-anomalous,2,0,0,107.01,2026-07-27T14:00:03Z
2026-08-01T09:00:30+08:00,15,1643844641,Chapter 15：Report anomalous individuals-3,https://www.wattpad.com/1643844641-planet-phoenix-chapter-15%EF%BC%9Areport-anomalous,1,0,0,93.01,2026-07-28T04:00:03Z
2026-08-01T09:00:30+08:00,16,1643845149,Chapter 16：The Journey of Common Sense-1,https://www.wattpad.com/1643845149-planet-phoenix-chapter-16%EF%BC%9Athe-journey-of-common,2,1,0,79.01,2026-07-28T18:00:03Z
2026-08-01T09:00:30+08:00,17,1643845633,Chapter 17：The Journey of Common Sense-2,https://www.wattpad.com/1643845633-planet-phoenix-chapter-17%EF%BC%9Athe-journey-of-common,1,0,0,65.01,2026-07-29T08:00:02Z
2026-08-01T09:00:30+08:00,18,1643845966,Chapter 18：The Journey of Common Sense-3,https://www.wattpad.com/1643845966-planet-phoenix-chapter-18%EF%BC%9Athe-journey-of-common,0,0,0,51.01,2026-07-29T22:00:02Z
2026-08-01T09:00:30+08:00,19,1643846464,"Chapter 19：Strictly Speaking, It is Cohabitation",https://www.wattpad.com/1643846464-planet-phoenix-chapter-19%EF%BC%9Astrictly-speaking-it-is,0,0,0,37.01,2026-07-30T12:00:02Z
2026-08-01T09:00:30+08:00,20,1643846919,Chapter 20：A Neighborhood Hiccup,https://www.wattpad.com/1643846919-planet-phoenix-chapter-20%EF%BC%9Aa-neighborhood-hiccup,0,0,0,23.01,2026-07-31T02:00:03Z
2026-08-01T09:00:30+08:00,21,1643848472,Chapter 21：Impromptu Shopping Trip,https://www.wattpad.com/1643848472-planet-phoenix-chapter-21%EF%BC%9Aimpromptu-shopping-trip,0,0,0,9.01,2026-07-31T16:00:03Z
2026-08-01T10:00:34+08:00,1,1643734560,Chapter 1 massive earthquake-1,https://www.wattpad.com/1643734560-planet-phoenix-chapter-1-massive-earthquake-1,15,0,0,290.01,2026-07-20T00:00:02Z
2026-08-01T10:00:34+08:00,2,1643743618,Chapter 2 massive earthquake-2,https://www.wattpad.com/1643743618-planet-phoenix-chapter-2-massive-earthquake-2,12,1,0,276.01,2026-07-20T14:00:02Z
2026-08-01T10:00:34+08:00,3,1643746352,Chapter 3 massive earthquake-3,https://www.wattpad.com/1643746352-planet-phoenix-chapter-3-massive-earthquake-3,5,0,0,262.01,2026-07-21T04:00:02Z
2026-08-01T10:00:34+08:00,4,1643746654,Chapter 4 massive earthquake-4,https://www.wattpad.com/1643746654-planet-phoenix-chapter-4-massive-earthquake-4,9,1,-1,248.01,2026-07-21T18:00:02Z
2026-08-01T10:00:34+08:00,5,1643747136,Chapter 5 Escape from death,https://www.wattpad.com/1643747136-planet-phoenix-chapter-5-escape-from-death,1,0,0,234.01,2026-07-22T08:00:03Z
2026-08-01T10:00:34+08:00,6,1643747955,Chapter 6：Interlude,https://www.wattpad.com/1643747955-planet-phoenix-chapter-6%EF%BC%9Ainterlude,7,0,0,220.01,2026-07-22T22:00:02Z
2026-08-01T10:00:34+08:00,7,1643748308,Chapter 7：The cabin in the forest,https://www.wattpad.com/1643748308-planet-phoenix-chapter-7%EF%BC%9Athe-cabin-in-the-forest,10,0,1,206.01,2026-07-23T12:00:02Z
2026-08-01T10:00:34+08:00,8,1643748909,Chapter 8：Weird person in the train,https://www.wattpad.com/1643748909-planet-phoenix-chapter-8%EF%BC%9Aweird-person-in-the-train,5,0,0,192.01,2026-07-24T02:00:02Z
2026-08-01T10:00:34+08:00,9,1643749360,Chapter 9：Weird person-1,https://www.wattpad.com/1643749360-planet-phoenix-chapter-9%EF%BC%9Aweird-person-1,1,0,0,178.01,2026-07-24T16:00:03Z
2026-08-01T10:00:34+08:00,10,1643749998,Chapter 10：Weird person-2,https://www.wattpad.com/1643749998-planet-phoenix-chapter-10%EF%BC%9Aweird-person-2,4,0,0,164.01,2026-07-25T06:00:02Z
2026-08-01T10:00:34+08:00,11,1643750323,Chapter 11：Weird person-3,https://www.wattpad.com/1643750323-planet-phoenix-chapter-11%EF%BC%9Aweird-person-3,4,0,0,150.01,2026-07-25T20:00:02Z
2026-08-01T10:00:34+08:00,12,1643751148,Chapter 12：Homestead,https://www.wattpad.com/1643751148-planet-phoenix-chapter-12%EF%BC%9Ahomestead,0,0,0,136.01,2026-07-26T10:00:03Z
2026-08-01T10:00:34+08:00,13,1643843952,Chapter 13：Report anomalous individuals-1,https://www.wattpad.com/1643843952-planet-phoenix-chapter-13%EF%BC%9Areport-anomalous,2,0,0,122.01,2026-07-27T00:00:02Z
2026-08-01T10:00:34+08:00,14,1643844249,Chapter 14：Report anomalous individuals-2,https://www.wattpad.com/1643844249-planet-phoenix-chapter-14%EF%BC%9Areport-anomalous,2,0,0,108.01,2026-07-27T14:00:03Z
2026-08-01T10:00:34+08:00,15,1643844641,Chapter 15：Report anomalous individuals-3,https://www.wattpad.com/1643844641-planet-phoenix-chapter-15%EF%BC%9Areport-anomalous,1,0,0,94.01,2026-07-28T04:00:03Z
2026-08-01T10:00:34+08:00,16,1643845149,Chapter 16：The Journey of Common Sense-1,https://www.wattpad.com/1643845149-planet-phoenix-chapter-16%EF%BC%9Athe-journey-of-common,2,1,0,80.01,2026-07-28T18:00:03Z
2026-08-01T10:00:34+08:00,17,1643845633,Chapter 17：The Journey of Common Sense-2,https://www.wattpad.com/1643845633-planet-phoenix-chapter-17%EF%BC%9Athe-journey-of-common,1,0,0,66.01,2026-07-29T08:00:02Z
2026-08-01T10:00:34+08:00,18,1643845966,Chapter 18：The Journey of Common Sense-3,https://www.wattpad.com/1643845966-planet-phoenix-chapter-18%EF%BC%9Athe-journey-of-common,0,0,0,52.01,2026-07-29T22:00:02Z
2026-08-01T10:00:34+08:00,19,1643846464,"Chapter 19：Strictly Speaking, It is Cohabitation",https://www.wattpad.com/1643846464-planet-phoenix-chapter-19%EF%BC%9Astrictly-speaking-it-is,0,0,0,38.01,2026-07-30T12:00:02Z
2026-08-01T10:00:34+08:00,20,1643846919,Chapter 20：A Neighborhood Hiccup,https://www.wattpad.com/1643846919-planet-phoenix-chapter-20%EF%BC%9Aa-neighborhood-hiccup,0,0,0,24.01,2026-07-31T02:00:03Z
2026-08-01T10:00:34+08:00,21,1643848472,Chapter 21：Impromptu Shopping Trip,https://www.wattpad.com/1643848472-planet-phoenix-chapter-21%EF%BC%9Aimpromptu-shopping-trip,0,0,0,10.01,2026-07-31T16:00:03Z
2026-08-01T11:00:30+08:00,1,1643734560,Chapter 1 massive earthquake-1,https://www.wattpad.com/1643734560-planet-phoenix-chapter-1-massive-earthquake-1,15,0,0,291.01,2026-07-20T00:00:02Z
2026-08-01T11:00:30+08:00,2,1643743618,Chapter 2 massive earthquake-2,https://www.wattpad.com/1643743618-planet-phoenix-chapter-2-massive-earthquake-2,12,1,0,277.01,2026-07-20T14:00:02Z
2026-08-01T11:00:30+08:00,3,1643746352,Chapter 3 massive earthquake-3,https://www.wattpad.com/1643746352-planet-phoenix-chapter-3-massive-earthquake-3,5,0,0,263.01,2026-07-21T04:00:02Z
2026-08-01T11:00:30+08:00,4,1643746654,Chapter 4 massive earthquake-4,https://www.wattpad.com/1643746654-planet-phoenix-chapter-4-massive-earthquake-4,9,1,-1,249.01,2026-07-21T18:00:02Z
2026-08-01T11:00:30+08:00,5,1643747136,Chapter 5 Escape from death,https://www.wattpad.com/1643747136-planet-phoenix-chapter-5-escape-from-death,1,0,0,235.01,2026-07-22T08:00:03Z
2026-08-01T11:00:30+08:00,6,1643747955,Chapter 6：Interlude,https://www.wattpad.com/1643747955-planet-phoenix-chapter-6%EF%BC%9Ainterlude,7,0,0,221.01,2026-07-22T22:00:02Z
2026-08-01T11:00:30+08:00,7,1643748308,Chapter 7：The cabin in the forest,https://www.wattpad.com/1643748308-planet-phoenix-chapter-7%EF%BC%9Athe-cabin-in-the-forest,10,0,1,207.01,2026-07-23T12:00:02Z
2026-08-01T11:00:30+08:00,8,1643748909,Chapter 8：Weird person in the train,https://www.wattpad.com/1643748909-planet-phoenix-chapter-8%EF%BC%9Aweird-person-in-the-train,5,0,0,193.01,2026-07-24T02:00:02Z
2026-08-01T11:00:30+08:00,9,1643749360,Chapter 9：Weird person-1,https://www.wattpad.com/1643749360-planet-phoenix-chapter-9%EF%BC%9Aweird-person-1,1,0,0,179.01,2026-07-24T16:00:03Z
2026-08-01T11:00:30+08:00,10,1643749998,Chapter 10：Weird person-2,https://www.wattpad.com/1643749998-planet-phoenix-chapter-10%EF%BC%9Aweird-person-2,4,0,0,165.01,2026-07-25T06:00:02Z
2026-08-01T11:00:30+08:00,11,1643750323,Chapter 11：Weird person-3,https://www.wattpad.com/1643750323-planet-phoenix-chapter-11%EF%BC%9Aweird-person-3,4,0,0,151.01,2026-07-25T20:00:02Z
2026-08-01T11:00:30+08:00,12,1643751148,Chapter 12：Homestead,https://www.wattpad.com/1643751148-planet-phoenix-chapter-12%EF%BC%9Ahomestead,0,0,0,137.01,2026-07-26T10:00:03Z
2026-08-01T11:00:30+08:00,13,1643843952,Chapter 13：Report anomalous individuals-1,https://www.wattpad.com/1643843952-planet-phoenix-chapter-13%EF%BC%9Areport-anomalous,2,0,0,123.01,2026-07-27T00:00:02Z
2026-08-01T11:00:30+08:00,14,1643844249,Chapter 14：Report anomalous individuals-2,https://www.wattpad.com/1643844249-planet-phoenix-chapter-14%EF%BC%9Areport-anomalous,2,0,0,109.01,2026-07-27T14:00:03Z
2026-08-01T11:00:30+08:00,15,1643844641,Chapter 15：Report anomalous individuals-3,https://www.wattpad.com/1643844641-planet-phoenix-chapter-15%EF%BC%9Areport-anomalous,1,0,0,95.01,2026-07-28T04:00:03Z
2026-08-01T11:00:30+08:00,16,1643845149,Chapter 16：The Journey of Common Sense-1,https://www.wattpad.com/1643845149-planet-phoenix-chapter-16%EF%BC%9Athe-journey-of-common,2,1,0,81.01,2026-07-28T18:00:03Z
2026-08-01T11:00:30+08:00,17,1643845633,Chapter 17：The Journey of Common Sense-2,https://www.wattpad.com/1643845633-planet-phoenix-chapter-17%EF%BC%9Athe-journey-of-common,1,0,0,67.01,2026-07-29T08:00:02Z
2026-08-01T11:00:30+08:00,18,1643845966,Chapter 18：The Journey of Common Sense-3,https://www.wattpad.com/1643845966-planet-phoenix-chapter-18%EF%BC%9Athe-journey-of-common,0,0,0,53.01,2026-07-29T22:00:02Z
2026-08-01T11:00:30+08:00,19,1643846464,"Chapter 19：Strictly Speaking, It is Cohabitation",https://www.wattpad.com/1643846464-planet-phoenix-chapter-19%EF%BC%9Astrictly-speaking-it-is,0,0,0,39.01,2026-07-30T12:00:02Z
2026-08-01T11:00:30+08:00,20,1643846919,Chapter 20：A Neighborhood Hiccup,https://www.wattpad.com/1643846919-planet-phoenix-chapter-20%EF%BC%9Aa-neighborhood-hiccup,0,0,0,25.01,2026-07-31T02:00:03Z
2026-08-01T11:00:30+08:00,21,1643848472,Chapter 21：Impromptu Shopping Trip,https://www.wattpad.com/1643848472-planet-phoenix-chapter-21%EF%BC%9Aimpromptu-shopping-trip,0,0,0,11.01,2026-07-31T16:00:03Z
2026-08-01T12:00:29+08:00,1,1643734560,Chapter 1 massive earthquake-1,https://www.wattpad.com/1643734560-planet-phoenix-chapter-1-massive-earthquake-1,15,0,0,292.01,2026-07-20T00:00:02Z
2026-08-01T12:00:29+08:00,2,1643743618,Chapter 2 massive earthquake-2,https://www.wattpad.com/1643743618-planet-phoenix-chapter-2-massive-earthquake-2,12,1,0,278.01,2026-07-20T14:00:02Z
2026-08-01T12:00:29+08:00,3,1643746352,Chapter 3 massive earthquake-3,https://www.wattpad.com/1643746352-planet-phoenix-chapter-3-massive-earthquake-3,5,0,0,264.01,2026-07-21T04:00:02Z
2026-08-01T12:00:29+08:00,4,1643746654,Chapter 4 massive earthquake-4,https://www.wattpad.com/1643746654-planet-phoenix-chapter-4-massive-earthquake-4,9,1,-1,250.01,2026-07-21T18:00:02Z
2026-08-01T12:00:29+08:00,5,1643747136,Chapter 5 Escape from death,https://www.wattpad.com/1643747136-planet-phoenix-chapter-5-escape-from-death,1,0,0,236.01,2026-07-22T08:00:03Z
2026-08-01T12:00:29+08:00,6,1643747955,Chapter 6：Interlude,https://www.wattpad.com/1643747955-planet-phoenix-chapter-6%EF%BC%9Ainterlude,7,0,0,222.01,2026-07-22T22:00:02Z
2026-08-01T12:00:29+08:00,7,1643748308,Chapter 7：The cabin in the forest,https://www.wattpad.com/1643748308-planet-phoenix-chapter-7%EF%BC%9Athe-cabin-in-the-forest,10,0,1,208.01,2026-07-23T12:00:02Z
2026-08-01T12:00:29+08:00,8,1643748909,Chapter 8：Weird person in the train,https://www.wattpad.com/1643748909-planet-phoenix-chapter-8%EF%BC%9Aweird-person-in-the-train,5,0,0,194.01,2026-07-24T02:00:02Z
2026-08-01T12:00:29+08:00,9,1643749360,Chapter 9：Weird person-1,https://www.wattpad.com/1643749360-planet-phoenix-chapter-9%EF%BC%9Aweird-person-1,1,0,0,180.01,2026-07-24T16:00:03Z
2026-08-01T12:00:29+08:00,10,1643749998,Chapter 10：Weird person-2,https://www.wattpad.com/1643749998-planet-phoenix-chapter-10%EF%BC%9Aweird-person-2,4,0,0,166.01,2026-07-25T06:00:02Z
2026-08-01T12:00:29+08:00,11,1643750323,Chapter 11：Weird person-3,https://www.wattpad.com/1643750323-planet-phoenix-chapter-11%EF%BC%9Aweird-person-3,4,0,0,152.01,2026-07-25T20:00:02Z
2026-08-01T12:00:29+08:00,12,1643751148,Chapter 12：Homestead,https://www.wattpad.com/1643751148-planet-phoenix-chapter-12%EF%BC%9Ahomestead,0,0,0,138.01,2026-07-26T10:00:03Z
2026-08-01T12:00:29+08:00,13,1643843952,Chapter 13：Report anomalous individuals-1,https://www.wattpad.com/1643843952-planet-phoenix-chapter-13%EF%BC%9Areport-anomalous,2,0,0,124.01,2026-07-27T00:00:02Z
2026-08-01T12:00:29+08:00,14,1643844249,Chapter 14：Report anomalous individuals-2,https://www.wattpad.com/1643844249-planet-phoenix-chapter-14%EF%BC%9Areport-anomalous,2,0,0,110.01,2026-07-27T14:00:03Z
2026-08-01T12:00:29+08:00,15,1643844641,Chapter 15：Report anomalous individuals-3,https://www.wattpad.com/1643844641-planet-phoenix-chapter-15%EF%BC%9Areport-anomalous,1,0,0,96.01,2026-07-28T04:00:03Z
2026-08-01T12:00:29+08:00,16,1643845149,Chapter 16：The Journey of Common Sense-1,https://www.wattpad.com/1643845149-planet-phoenix-chapter-16%EF%BC%9Athe-journey-of-common,2,1,0,82.01,2026-07-28T18:00:03Z
2026-08-01T12:00:29+08:00,17,1643845633,Chapter 17：The Journey of Common Sense-2,https://www.wattpad.com/1643845633-planet-phoenix-chapter-17%EF%BC%9Athe-journey-of-common,1,0,0,68.01,2026-07-29T08:00:02Z
2026-08-01T12:00:29+08:00,18,1643845966,Chapter 18：The Journey of Common Sense-3,https://www.wattpad.com/1643845966-planet-phoenix-chapter-18%EF%BC%9Athe-journey-of-common,0,0,0,54.01,2026-07-29T22:00:02Z
2026-08-01T12:00:29+08:00,19,1643846464,"Chapter 19：Strictly Speaking, It is Cohabitation",https://www.wattpad.com/1643846464-planet-phoenix-chapter-19%EF%BC%9Astrictly-speaking-it-is,0,0,0,40.01,2026-07-30T12:00:02Z
2026-08-01T12:00:29+08:00,20,1643846919,Chapter 20：A Neighborhood Hiccup,https://www.wattpad.com/1643846919-planet-phoenix-chapter-20%EF%BC%9Aa-neighborhood-hiccup,0,0,0,26.01,2026-07-31T02:00:03Z
2026-08-01T12:00:29+08:00,21,1643848472,Chapter 21：Impromptu Shopping Trip,https://www.wattpad.com/1643848472-planet-phoenix-chapter-21%EF%BC%9Aimpromptu-shopping-trip,0,0,0,12.01,2026-07-31T16:00:03Z
2026-08-01T13:00:30+08:00,1,1643734560,Chapter 1 massive earthquake-1,https://www.wattpad.com/1643734560-planet-phoenix-chapter-1-massive-earthquake-1,15,0,0,293.01,2026-07-20T00:00:02Z
2026-08-01T13:00:30+08:00,2,1643743618,Chapter 2 massive earthquake-2,https://www.wattpad.com/1643743618-planet-phoenix-chapter-2-massive-earthquake-2,12,1,0,279.01,2026-07-20T14:00:02Z
2026-08-01T13:00:30+08:00,3,1643746352,Chapter 3 massive earthquake-3,https://www.wattpad.com/1643746352-planet-phoenix-chapter-3-massive-earthquake-3,5,0,0,265.01,2026-07-21T04:00:02Z
2026-08-01T13:00:30+08:00,4,1643746654,Chapter 4 massive earthquake-4,https://www.wattpad.com/1643746654-planet-phoenix-chapter-4-massive-earthquake-4,9,1,-1,251.01,2026-07-21T18:00:02Z
2026-08-01T13:00:30+08:00,5,1643747136,Chapter 5 Escape from death,https://www.wattpad.com/1643747136-planet-phoenix-chapter-5-escape-from-death,1,0,0,237.01,2026-07-22T08:00:03Z
2026-08-01T13:00:30+08:00,6,1643747955,Chapter 6：Interlude,https://www.wattpad.com/1643747955-planet-phoenix-chapter-6%EF%BC%9Ainterlude,7,0,0,223.01,2026-07-22T22:00:02Z
2026-08-01T13:00:30+08:00,7,1643748308,Chapter 7：The cabin in the forest,https://www.wattpad.com/1643748308-planet-phoenix-chapter-7%EF%BC%9Athe-cabin-in-the-forest,10,0,1,209.01,2026-07-23T12:00:02Z
2026-08-01T13:00:30+08:00,8,1643748909,Chapter 8：Weird person in the train,https://www.wattpad.com/1643748909-planet-phoenix-chapter-8%EF%BC%9Aweird-person-in-the-train,5,0,0,195.01,2026-07-24T02:00:02Z
2026-08-01T13:00:30+08:00,9,1643749360,Chapter 9：Weird person-1,https://www.wattpad.com/1643749360-planet-phoenix-chapter-9%EF%BC%9Aweird-person-1,1,0,0,181.01,2026-07-24T16:00:03Z
2026-08-01T13:00:30+08:00,10,1643749998,Chapter 10：Weird person-2,https://www.wattpad.com/1643749998-planet-phoenix-chapter-10%EF%BC%9Aweird-person-2,4,0,0,167.01,2026-07-25T06:00:02Z
2026-08-01T13:00:30+08:00,11,1643750323,Chapter 11：Weird person-3,https://www.wattpad.com/1643750323-planet-phoenix-chapter-11%EF%BC%9Aweird-person-3,4,0,0,153.01,2026-07-25T20:00:02Z
2026-08-01T13:00:30+08:00,12,1643751148,Chapter 12：Homestead,https://www.wattpad.com/1643751148-planet-phoenix-chapter-12%EF%BC%9Ahomestead,0,0,0,139.01,2026-07-26T10:00:03Z
2026-08-01T13:00:30+08:00,13,1643843952,Chapter 13：Report anomalous individuals-1,https://www.wattpad.com/1643843952-planet-phoenix-chapter-13%EF%BC%9Areport-anomalous,2,0,0,125.01,2026-07-27T00:00:02Z
2026-08-01T13:00:30+08:00,14,1643844249,Chapter 14：Report anomalous individuals-2,https://www.wattpad.com/1643844249-planet-phoenix-chapter-14%EF%BC%9Areport-anomalous,2,0,0,111.01,2026-07-27T14:00:03Z
2026-08-01T13:00:30+08:00,15,1643844641,Chapter 15：Report anomalous individuals-3,https://www.wattpad.com/1643844641-planet-phoenix-chapter-15%EF%BC%9Areport-anomalous,1,0,0,97.01,2026-07-28T04:00:03Z
2026-08-01T13:00:30+08:00,16,1643845149,Chapter 16：The Journey of Common Sense-1,https://www.wattpad.com/1643845149-planet-phoenix-chapter-16%EF%BC%9Athe-journey-of-common,2,1,0,83.01,2026-07-28T18:00:03Z
2026-08-01T13:00:30+08:00,17,1643845633,Chapter 17：The Journey of Common Sense-2,https://www.wattpad.com/1643845633-planet-phoenix-chapter-17%EF%BC%9Athe-journey-of-common,1,0,0,69.01,2026-07-29T08:00:02Z
2026-08-01T13:00:30+08:00,18,1643845966,Chapter 18：The Journey of Common Sense-3,https://www.wattpad.com/1643845966-planet-phoenix-chapter-18%EF%BC%9Athe-journey-of-common,0,0,0,55.01,2026-07-29T22:00:02Z
2026-08-01T13:00:30+08:00,19,1643846464,"Chapter 19：Strictly Speaking, It is Cohabitation",https://www.wattpad.com/1643846464-planet-phoenix-chapter-19%EF%BC%9Astrictly-speaking-it-is,0,0,0,41.01,2026-07-30T12:00:02Z
2026-08-01T13:00:30+08:00,20,1643846919,Chapter 20：A Neighborhood Hiccup,https://www.wattpad.com/1643846919-planet-phoenix-chapter-20%EF%BC%9Aa-neighborhood-hiccup,0,0,0,27.01,2026-07-31T02:00:03Z
2026-08-01T13:00:30+08:00,21,1643848472,Chapter 21：Impromptu Shopping Trip,https://www.wattpad.com/1643848472-planet-phoenix-chapter-21%EF%BC%9Aimpromptu-shopping-trip,0,0,0,13.01,2026-07-31T16:00:03Z
2026-08-01T14:00:30+08:00,1,1643734560,Chapter 1 massive earthquake-1,https://www.wattpad.com/1643734560-planet-phoenix-chapter-1-massive-earthquake-1,15,0,0,294.01,2026-07-20T00:00:02Z
2026-08-01T14:00:30+08:00,2,1643743618,Chapter 2 massive earthquake-2,https://www.wattpad.com/1643743618-planet-phoenix-chapter-2-massive-earthquake-2,12,1,0,280.01,2026-07-20T14:00:02Z
2026-08-01T14:00:30+08:00,3,1643746352,Chapter 3 massive earthquake-3,https://www.wattpad.com/1643746352-planet-phoenix-chapter-3-massive-earthquake-3,5,0,0,266.01,2026-07-21T04:00:02Z
2026-08-01T14:00:30+08:00,4,1643746654,Chapter 4 massive earthquake-4,https://www.wattpad.com/1643746654-planet-phoenix-chapter-4-massive-earthquake-4,9,1,-1,252.01,2026-07-21T18:00:02Z
2026-08-01T14:00:30+08:00,5,1643747136,Chapter 5 Escape from death,https://www.wattpad.com/1643747136-planet-phoenix-chapter-5-escape-from-death,1,0,0,238.01,2026-07-22T08:00:03Z
2026-08-01T14:00:30+08:00,6,1643747955,Chapter 6：Interlude,https://www.wattpad.com/1643747955-planet-phoenix-chapter-6%EF%BC%9Ainterlude,7,0,0,224.01,2026-07-22T22:00:02Z
2026-08-01T14:00:30+08:00,7,1643748308,Chapter 7：The cabin in the forest,https://www.wattpad.com/1643748308-planet-phoenix-chapter-7%EF%BC%9Athe-cabin-in-the-forest,10,0,1,210.01,2026-07-23T12:00:02Z
2026-08-01T14:00:30+08:00,8,1643748909,Chapter 8：Weird person in the train,https://www.wattpad.com/1643748909-planet-phoenix-chapter-8%EF%BC%9Aweird-person-in-the-train,5,0,0,196.01,2026-07-24T02:00:02Z
2026-08-01T14:00:30+08:00,9,1643749360,Chapter 9：Weird person-1,https://www.wattpad.com/1643749360-planet-phoenix-chapter-9%EF%BC%9Aweird-person-1,1,0,0,182.01,2026-07-24T16:00:03Z
2026-08-01T14:00:30+08:00,10,1643749998,Chapter 10：Weird person-2,https://www.wattpad.com/1643749998-planet-phoenix-chapter-10%EF%BC%9Aweird-person-2,4,0,0,168.01,2026-07-25T06:00:02Z
2026-08-01T14:00:30+08:00,11,1643750323,Chapter 11：Weird person-3,https://www.wattpad.com/1643750323-planet-phoenix-chapter-11%EF%BC%9Aweird-person-3,4,0,0,154.01,2026-07-25T20:00:02Z
2026-08-01T14:00:30+08:00,12,1643751148,Chapter 12：Homestead,https://www.wattpad.com/1643751148-planet-phoenix-chapter-12%EF%BC%9Ahomestead,0,0,0,140.01,2026-07-26T10:00:03Z
2026-08-01T14:00:30+08:00,13,1643843952,Chapter 13：Report anomalous individuals-1,https://www.wattpad.com/1643843952-planet-phoenix-chapter-13%EF%BC%9Areport-anomalous,2,0,0,126.01,2026-07-27T00:00:02Z
2026-08-01T14:00:30+08:00,14,1643844249,Chapter 14：Report anomalous individuals-2,https://www.wattpad.com/1643844249-planet-phoenix-chapter-14%EF%BC%9Areport-anomalous,2,0,0,112.01,2026-07-27T14:00:03Z
2026-08-01T14:00:30+08:00,15,1643844641,Chapter 15：Report anomalous individuals-3,https://www.wattpad.com/1643844641-planet-phoenix-chapter-15%EF%BC%9Areport-anomalous,1,0,0,98.01,2026-07-28T04:00:03Z
2026-08-01T14:00:30+08:00,16,1643845149,Chapter 16：The Journey of Common Sense-1,https://www.wattpad.com/1643845149-planet-phoenix-chapter-16%EF%BC%9Athe-journey-of-common,2,1,0,84.01,2026-07-28T18:00:03Z
2026-08-01T14:00:30+08:00,17,1643845633,Chapter 17：The Journey of Common Sense-2,https://www.wattpad.com/1643845633-planet-phoenix-chapter-17%EF%BC%9Athe-journey-of-common,1,0,0,70.01,2026-07-29T08:00:02Z
2026-08-01T14:00:30+08:00,18,1643845966,Chapter 18：The Journey of Common Sense-3,https://www.wattpad.com/1643845966-planet-phoenix-chapter-18%EF%BC%9Athe-journey-of-common,0,0,0,56.01,2026-07-29T22:00:02Z
2026-08-01T14:00:30+08:00,19,1643846464,"Chapter 19：Strictly Speaking, It is Cohabitation",https://www.wattpad.com/1643846464-planet-phoenix-chapter-19%EF%BC%9Astrictly-speaking-it-is,0,0,0,42.01,2026-07-30T12:00:02Z
2026-08-01T14:00:30+08:00,20,1643846919,Chapter 20：A Neighborhood Hiccup,https://www.wattpad.com/1643846919-planet-phoenix-chapter-20%EF%BC%9Aa-neighborhood-hiccup,0,0,0,28.01,2026-07-31T02:00:03Z
2026-08-01T14:00:30+08:00,21,1643848472,Chapter 21：Impromptu Shopping Trip,https://www.wattpad.com/1643848472-planet-phoenix-chapter-21%EF%BC%9Aimpromptu-shopping-trip,0,0,0,14.01,2026-07-31T16:00:03Z
2026-08-01T14:00:30+08:00,22,1643848845,Chapter 22：Palace,https://www.wattpad.com/1643848845-planet-phoenix-chapter-22%EF%BC%9Apalace,0,0,0,0.01,2026-08-01T06:00:02Z
2026-08-01T15:00:29+08:00,1,1643734560,Chapter 1 massive earthquake-1,https://www.wattpad.com/1643734560-planet-phoenix-chapter-1-massive-earthquake-1,15,0,0,295.01,2026-07-20T00:00:02Z
2026-08-01T15:00:29+08:00,2,1643743618,Chapter 2 massive earthquake-2,https://www.wattpad.com/1643743618-planet-phoenix-chapter-2-massive-earthquake-2,12,1,0,281.01,2026-07-20T14:00:02Z
2026-08-01T15:00:29+08:00,3,1643746352,Chapter 3 massive earthquake-3,https://www.wattpad.com/1643746352-planet-phoenix-chapter-3-massive-earthquake-3,5,0,0,267.01,2026-07-21T04:00:02Z
2026-08-01T15:00:29+08:00,4,1643746654,Chapter 4 massive earthquake-4,https://www.wattpad.com/1643746654-planet-phoenix-chapter-4-massive-earthquake-4,9,1,-1,253.01,2026-07-21T18:00:02Z
2026-08-01T15:00:29+08:00,5,1643747136,Chapter 5 Escape from death,https://www.wattpad.com/1643747136-planet-phoenix-chapter-5-escape-from-death,1,0,0,239.01,2026-07-22T08:00:03Z
2026-08-01T15:00:29+08:00,6,1643747955,Chapter 6：Interlude,https://www.wattpad.com/1643747955-planet-phoenix-chapter-6%EF%BC%9Ainterlude,7,0,0,225.01,2026-07-22T22:00:02Z
2026-08-01T15:00:29+08:00,7,1643748308,Chapter 7：The cabin in the forest,https://www.wattpad.com/1643748308-planet-phoenix-chapter-7%EF%BC%9Athe-cabin-in-the-forest,10,0,1,211.01,2026-07-23T12:00:02Z
2026-08-01T15:00:29+08:00,8,1643748909,Chapter 8：Weird person in the train,https://www.wattpad.com/1643748909-planet-phoenix-chapter-8%EF%BC%9Aweird-person-in-the-train,5,0,0,197.01,2026-07-24T02:00:02Z
2026-08-01T15:00:29+08:00,9,1643749360,Chapter 9：Weird person-1,https://www.wattpad.com/1643749360-planet-phoenix-chapter-9%EF%BC%9Aweird-person-1,1,0,0,183.01,2026-07-24T16:00:03Z
2026-08-01T15:00:29+08:00,10,1643749998,Chapter 10：Weird person-2,https://www.wattpad.com/1643749998-planet-phoenix-chapter-10%EF%BC%9Aweird-person-2,4,0,0,169.01,2026-07-25T06:00:02Z
2026-08-01T15:00:29+08:00,11,1643750323,Chapter 11：Weird person-3,https://www.wattpad.com/1643750323-planet-phoenix-chapter-11%EF%BC%9Aweird-person-3,4,0,0,155.01,2026-07-25T20:00:02Z
2026-08-01T15:00:29+08:00,12,1643751148,Chapter 12：Homestead,https://www.wattpad.com/1643751148-planet-phoenix-chapter-12%EF%BC%9Ahomestead,0,0,0,141.01,2026-07-26T10:00:03Z
2026-08-01T15:00:29+08:00,13,1643843952,Chapter 13：Report anomalous individuals-1,https://www.wattpad.com/1643843952-planet-phoenix-chapter-13%EF%BC%9Areport-anomalous,2,0,0,127.01,2026-07-27T00:00:02Z
2026-08-01T15:00:29+08:00,14,1643844249,Chapter 14：Report anomalous individuals-2,https://www.wattpad.com/1643844249-planet-phoenix-chapter-14%EF%BC%9Areport-anomalous,2,0,0,113.01,2026-07-27T14:00:03Z
2026-08-01T15:00:29+08:00,15,1643844641,Chapter 15：Report anomalous individuals-3,https://www.wattpad.com/1643844641-planet-phoenix-chapter-15%EF%BC%9Areport-anomalous,1,0,0,99.01,2026-07-28T04:00:03Z
2026-08-01T15:00:29+08:00,16,1643845149,Chapter 16：The Journey of Common Sense-1,https://www.wattpad.com/1643845149-planet-phoenix-chapter-16%EF%BC%9Athe-journey-of-common,2,1,0,85.01,2026-07-28T18:00:03Z
2026-08-01T15:00:29+08:00,17,1643845633,Chapter 17：The Journey of Common Sense-2,https://www.wattpad.com/1643845633-planet-phoenix-chapter-17%EF%BC%9Athe-journey-of-common,1,0,0,71.01,2026-07-29T08:00:02Z
2026-08-01T15:00:29+08:00,18,1643845966,Chapter 18：The Journey of Common Sense-3,https://www.wattpad.com/1643845966-planet-phoenix-chapter-18%EF%BC%9Athe-journey-of-common,0,0,0,57.01,2026-07-29T22:00:02Z
2026-08-01T15:00:29+08:00,19,1643846464,"Chapter 19：Strictly Speaking, It is Cohabitation",https://www.wattpad.com/1643846464-planet-phoenix-chapter-19%EF%BC%9Astrictly-speaking-it-is,0,0,0,43.01,2026-07-30T12:00:02Z
2026-08-01T15:00:29+08:00,20,1643846919,Chapter 20：A Neighborhood Hiccup,https://www.wattpad.com/1643846919-planet-phoenix-chapter-20%EF%BC%9Aa-neighborhood-hiccup,0,0,0,29.01,2026-07-31T02:00:03Z
2026-08-01T15:00:29+08:00,21,1643848472,Chapter 21：Impromptu Shopping Trip,https://www.wattpad.com/1643848472-planet-phoenix-chapter-21%EF%BC%9Aimpromptu-shopping-trip,0,0,0,15.01,2026-07-31T16:00:03Z
2026-08-01T15:00:29+08:00,22,1643848845,Chapter 22：Palace,https://www.wattpad.com/1643848845-planet-phoenix-chapter-22%EF%BC%9Apalace,0,0,0,1.01,2026-08-01T06:00:02Z
2026-08-01T16:00:35+08:00,1,1643734560,Chapter 1 massive earthquake-1,https://www.wattpad.com/1643734560-planet-phoenix-chapter-1-massive-earthquake-1,15,0,0,296.01,2026-07-20T00:00:02Z
2026-08-01T16:00:35+08:00,2,1643743618,Chapter 2 massive earthquake-2,https://www.wattpad.com/1643743618-planet-phoenix-chapter-2-massive-earthquake-2,12,1,0,282.01,2026-07-20T14:00:02Z
2026-08-01T16:00:35+08:00,3,1643746352,Chapter 3 massive earthquake-3,https://www.wattpad.com/1643746352-planet-phoenix-chapter-3-massive-earthquake-3,5,0,0,268.01,2026-07-21T04:00:02Z
2026-08-01T16:00:35+08:00,4,1643746654,Chapter 4 massive earthquake-4,https://www.wattpad.com/1643746654-planet-phoenix-chapter-4-massive-earthquake-4,9,1,-1,254.01,2026-07-21T18:00:02Z
2026-08-01T16:00:35+08:00,5,1643747136,Chapter 5 Escape from death,https://www.wattpad.com/1643747136-planet-phoenix-chapter-5-escape-from-death,1,0,0,240.01,2026-07-22T08:00:03Z
2026-08-01T16:00:35+08:00,6,1643747955,Chapter 6：Interlude,https://www.wattpad.com/1643747955-planet-phoenix-chapter-6%EF%BC%9Ainterlude,7,0,0,226.01,2026-07-22T22:00:02Z
2026-08-01T16:00:35+08:00,7,1643748308,Chapter 7：The cabin in the forest,https://www.wattpad.com/1643748308-planet-phoenix-chapter-7%EF%BC%9Athe-cabin-in-the-forest,10,0,1,212.01,2026-07-23T12:00:02Z
2026-08-01T16:00:35+08:00,8,1643748909,Chapter 8：Weird person in the train,https://www.wattpad.com/1643748909-planet-phoenix-chapter-8%EF%BC%9Aweird-person-in-the-train,5,0,0,198.01,2026-07-24T02:00:02Z
2026-08-01T16:00:35+08:00,9,1643749360,Chapter 9：Weird person-1,https://www.wattpad.com/1643749360-planet-phoenix-chapter-9%EF%BC%9Aweird-person-1,1,0,0,184.01,2026-07-24T16:00:03Z
2026-08-01T16:00:35+08:00,10,1643749998,Chapter 10：Weird person-2,https://www.wattpad.com/1643749998-planet-phoenix-chapter-10%EF%BC%9Aweird-person-2,4,0,0,170.01,2026-07-25T06:00:02Z
2026-08-01T16:00:35+08:00,11,1643750323,Chapter 11：Weird person-3,https://www.wattpad.com/1643750323-planet-phoenix-chapter-11%EF%BC%9Aweird-person-3,4,0,0,156.01,2026-07-25T20:00:02Z
2026-08-01T16:00:35+08:00,12,1643751148,Chapter 12：Homestead,https://www.wattpad.com/1643751148-planet-phoenix-chapter-12%EF%BC%9Ahomestead,0,0,0,142.01,2026-07-26T10:00:03Z
2026-08-01T16:00:35+08:00,13,1643843952,Chapter 13：Report anomalous individuals-1,https://www.wattpad.com/1643843952-planet-phoenix-chapter-13%EF%BC%9Areport-anomalous,2,0,0,128.01,2026-07-27T00:00:02Z
2026-08-01T16:00:35+08:00,14,1643844249,Chapter 14：Report anomalous individuals-2,https://www.wattpad.com/1643844249-planet-phoenix-chapter-14%EF%BC%9Areport-anomalous,2,0,0,114.01,2026-07-27T14:00:03Z
2026-08-01T16:00:35+08:00,15,1643844641,Chapter 15：Report anomalous individuals-3,https://www.wattpad.com/1643844641-planet-phoenix-chapter-15%EF%BC%9Areport-anomalous,1,0,0,100.01,2026-07-28T04:00:03Z
2026-08-01T16:00:35+08:00,16,1643845149,Chapter 16：The Journey of Common Sense-1,https://www.wattpad.com/1643845149-planet-phoenix-chapter-16%EF%BC%9Athe-journey-of-common,2,1,0,86.01,2026-07-28T18:00:03Z
2026-08-01T16:00:35+08:00,17,1643845633,Chapter 17：The Journey of Common Sense-2,https://www.wattpad.com/1643845633-planet-phoenix-chapter-17%EF%BC%9Athe-journey-of-common,1,0,0,72.01,2026-07-29T08:00:02Z
2026-08-01T16:00:35+08:00,18,1643845966,Chapter 18：The Journey of Common Sense-3,https://www.wattpad.com/1643845966-planet-phoenix-chapter-18%EF%BC%9Athe-journey-of-common,0,0,0,58.01,2026-07-29T22:00:02Z
2026-08-01T16:00:35+08:00,19,1643846464,"Chapter 19：Strictly Speaking, It is Cohabitation",https://www.wattpad.com/1643846464-planet-phoenix-chapter-19%EF%BC%9Astrictly-speaking-it-is,0,0,0,44.01,2026-07-30T12:00:02Z
2026-08-01T16:00:35+08:00,20,1643846919,Chapter 20：A Neighborhood Hiccup,https://www.wattpad.com/1643846919-planet-phoenix-chapter-20%EF%BC%9Aa-neighborhood-hiccup,0,0,0,30.01,2026-07-31T02:00:03Z
2026-08-01T16:00:35+08:00,21,1643848472,Chapter 21：Impromptu Shopping Trip,https://www.wattpad.com/1643848472-planet-phoenix-chapter-21%EF%BC%9Aimpromptu-shopping-trip,0,0,0,16.01,2026-07-31T16:00:03Z
2026-08-01T16:00:35+08:00,22,1643848845,Chapter 22：Palace,https://www.wattpad.com/1643848845-planet-phoenix-chapter-22%EF%BC%9Apalace,0,0,0,2.01,2026-08-01T06:00:02Z
2026-08-01T17:00:28+08:00,1,1643734560,Chapter 1 massive earthquake-1,https://www.wattpad.com/1643734560-planet-phoenix-chapter-1-massive-earthquake-1,15,0,0,297.01,2026-07-20T00:00:02Z
2026-08-01T17:00:28+08:00,2,1643743618,Chapter 2 massive earthquake-2,https://www.wattpad.com/1643743618-planet-phoenix-chapter-2-massive-earthquake-2,12,1,0,283.01,2026-07-20T14:00:02Z
2026-08-01T17:00:28+08:00,3,1643746352,Chapter 3 massive earthquake-3,https://www.wattpad.com/1643746352-planet-phoenix-chapter-3-massive-earthquake-3,5,0,0,269.01,2026-07-21T04:00:02Z
2026-08-01T17:00:28+08:00,4,1643746654,Chapter 4 massive earthquake-4,https://www.wattpad.com/1643746654-planet-phoenix-chapter-4-massive-earthquake-4,9,1,-1,255.01,2026-07-21T18:00:02Z
2026-08-01T17:00:28+08:00,5,1643747136,Chapter 5 Escape from death,https://www.wattpad.com/1643747136-planet-phoenix-chapter-5-escape-from-death,1,0,0,241.01,2026-07-22T08:00:03Z
2026-08-01T17:00:28+08:00,6,1643747955,Chapter 6：Interlude,https://www.wattpad.com/1643747955-planet-phoenix-chapter-6%EF%BC%9Ainterlude,7,0,0,227.01,2026-07-22T22:00:02Z
2026-08-01T17:00:28+08:00,7,1643748308,Chapter 7：The cabin in the forest,https://www.wattpad.com/1643748308-planet-phoenix-chapter-7%EF%BC%9Athe-cabin-in-the-forest,10,0,1,213.01,2026-07-23T12:00:02Z
2026-08-01T17:00:28+08:00,8,1643748909,Chapter 8：Weird person in the train,https://www.wattpad.com/1643748909-planet-phoenix-chapter-8%EF%BC%9Aweird-person-in-the-train,5,0,0,199.01,2026-07-24T02:00:02Z
2026-08-01T17:00:28+08:00,9,1643749360,Chapter 9：Weird person-1,https://www.wattpad.com/1643749360-planet-phoenix-chapter-9%EF%BC%9Aweird-person-1,1,0,0,185.01,2026-07-24T16:00:03Z
2026-08-01T17:00:28+08:00,10,1643749998,Chapter 10：Weird person-2,https://www.wattpad.com/1643749998-planet-phoenix-chapter-10%EF%BC%9Aweird-person-2,4,0,0,171.01,2026-07-25T06:00:02Z
2026-08-01T17:00:28+08:00,11,1643750323,Chapter 11：Weird person-3,https://www.wattpad.com/1643750323-planet-phoenix-chapter-11%EF%BC%9Aweird-person-3,4,0,0,157.01,2026-07-25T20:00:02Z
2026-08-01T17:00:28+08:00,12,1643751148,Chapter 12：Homestead,https://www.wattpad.com/1643751148-planet-phoenix-chapter-12%EF%BC%9Ahomestead,0,0,0,143.01,2026-07-26T10:00:03Z
2026-08-01T17:00:28+08:00,13,1643843952,Chapter 13：Report anomalous individuals-1,https://www.wattpad.com/1643843952-planet-phoenix-chapter-13%EF%BC%9Areport-anomalous,2,0,0,129.01,2026-07-27T00:00:02Z
2026-08-01T17:00:28+08:00,14,1643844249,Chapter 14：Report anomalous individuals-2,https://www.wattpad.com/1643844249-planet-phoenix-chapter-14%EF%BC%9Areport-anomalous,2,0,0,115.01,2026-07-27T14:00:03Z
2026-08-01T17:00:28+08:00,15,1643844641,Chapter 15：Report anomalous individuals-3,https://www.wattpad.com/1643844641-planet-phoenix-chapter-15%EF%BC%9Areport-anomalous,1,0,0,101.01,2026-07-28T04:00:03Z
2026-08-01T17:00:28+08:00,16,1643845149,Chapter 16：The Journey of Common Sense-1,https://www.wattpad.com/1643845149-planet-phoenix-chapter-16%EF%BC%9Athe-journey-of-common,2,1,0,87.01,2026-07-28T18:00:03Z
2026-08-01T17:00:28+08:00,17,1643845633,Chapter 17：The Journey of Common Sense-2,https://www.wattpad.com/1643845633-planet-phoenix-chapter-17%EF%BC%9Athe-journey-of-common,1,0,0,73.01,2026-07-29T08:00:02Z
2026-08-01T17:00:28+08:00,18,1643845966,Chapter 18：The Journey of Common Sense-3,https://www.wattpad.com/1643845966-planet-phoenix-chapter-18%EF%BC%9Athe-journey-of-common,0,0,0,59.01,2026-07-29T22:00:02Z
2026-08-01T17:00:28+08:00,19,1643846464,"Chapter 19：Strictly Speaking, It is Cohabitation",https://www.wattpad.com/1643846464-planet-phoenix-chapter-19%EF%BC%9Astrictly-speaking-it-is,0,0,0,45.01,2026-07-30T12:00:02Z
2026-08-01T17:00:28+08:00,20,1643846919,Chapter 20：A Neighborhood Hiccup,https://www.wattpad.com/1643846919-planet-phoenix-chapter-20%EF%BC%9Aa-neighborhood-hiccup,0,0,0,31.01,2026-07-31T02:00:03Z
2026-08-01T17:00:28+08:00,21,1643848472,Chapter 21：Impromptu Shopping Trip,https://www.wattpad.com/1643848472-planet-phoenix-chapter-21%EF%BC%9Aimpromptu-shopping-trip,0,0,0,17.01,2026-07-31T16:00:03Z
2026-08-01T17:00:28+08:00,22,1643848845,Chapter 22：Palace,https://www.wattpad.com/1643848845-planet-phoenix-chapter-22%EF%BC%9Apalace,0,0,0,3.01,2026-08-01T06:00:02Z
2026-08-01T18:00:31+08:00,1,1643734560,Chapter 1 massive earthquake-1,https://www.wattpad.com/1643734560-planet-phoenix-chapter-1-massive-earthquake-1,15,0,0,298.01,2026-07-20T00:00:02Z
2026-08-01T18:00:31+08:00,2,1643743618,Chapter 2 massive earthquake-2,https://www.wattpad.com/1643743618-planet-phoenix-chapter-2-massive-earthquake-2,12,1,0,284.01,2026-07-20T14:00:02Z
2026-08-01T18:00:31+08:00,3,1643746352,Chapter 3 massive earthquake-3,https://www.wattpad.com/1643746352-planet-phoenix-chapter-3-massive-earthquake-3,5,0,0,270.01,2026-07-21T04:00:02Z
2026-08-01T18:00:31+08:00,4,1643746654,Chapter 4 massive earthquake-4,https://www.wattpad.com/1643746654-planet-phoenix-chapter-4-massive-earthquake-4,9,1,-1,256.01,2026-07-21T18:00:02Z
2026-08-01T18:00:31+08:00,5,1643747136,Chapter 5 Escape from death,https://www.wattpad.com/1643747136-planet-phoenix-chapter-5-escape-from-death,1,0,0,242.01,2026-07-22T08:00:03Z
2026-08-01T18:00:31+08:00,6,1643747955,Chapter 6：Interlude,https://www.wattpad.com/1643747955-planet-phoenix-chapter-6%EF%BC%9Ainterlude,7,0,0,228.01,2026-07-22T22:00:02Z
2026-08-01T18:00:31+08:00,7,1643748308,Chapter 7：The cabin in the forest,https://www.wattpad.com/1643748308-planet-phoenix-chapter-7%EF%BC%9Athe-cabin-in-the-forest,10,0,1,214.01,2026-07-23T12:00:02Z
2026-08-01T18:00:31+08:00,8,1643748909,Chapter 8：Weird person in the train,https://www.wattpad.com/1643748909-planet-phoenix-chapter-8%EF%BC%9Aweird-person-in-the-train,5,0,0,200.01,2026-07-24T02:00:02Z
2026-08-01T18:00:31+08:00,9,1643749360,Chapter 9：Weird person-1,https://www.wattpad.com/1643749360-planet-phoenix-chapter-9%EF%BC%9Aweird-person-1,1,0,0,186.01,2026-07-24T16:00:03Z
2026-08-01T18:00:31+08:00,10,1643749998,Chapter 10：Weird person-2,https://www.wattpad.com/1643749998-planet-phoenix-chapter-10%EF%BC%9Aweird-person-2,4,0,0,172.01,2026-07-25T06:00:02Z
2026-08-01T18:00:31+08:00,11,1643750323,Chapter 11：Weird person-3,https://www.wattpad.com/1643750323-planet-phoenix-chapter-11%EF%BC%9Aweird-person-3,4,0,0,158.01,2026-07-25T20:00:02Z
2026-08-01T18:00:31+08:00,12,1643751148,Chapter 12：Homestead,https://www.wattpad.com/1643751148-planet-phoenix-chapter-12%EF%BC%9Ahomestead,0,0,0,144.01,2026-07-26T10:00:03Z
2026-08-01T18:00:31+08:00,13,1643843952,Chapter 13：Report anomalous individuals-1,https://www.wattpad.com/1643843952-planet-phoenix-chapter-13%EF%BC%9Areport-anomalous,2,0,0,130.01,2026-07-27T00:00:02Z
2026-08-01T18:00:31+08:00,14,1643844249,Chapter 14：Report anomalous individuals-2,https://www.wattpad.com/1643844249-planet-phoenix-chapter-14%EF%BC%9Areport-anomalous,2,0,0,116.01,2026-07-27T14:00:03Z
2026-08-01T18:00:31+08:00,15,1643844641,Chapter 15：Report anomalous individuals-3,https://www.wattpad.com/1643844641-planet-phoenix-chapter-15%EF%BC%9Areport-anomalous,1,0,0,102.01,2026-07-28T04:00:03Z
2026-08-01T18:00:31+08:00,16,1643845149,Chapter 16：The Journey of Common Sense-1,https://www.wattpad.com/1643845149-planet-phoenix-chapter-16%EF%BC%9Athe-journey-of-common,2,1,0,88.01,2026-07-28T18:00:03Z
2026-08-01T18:00:31+08:00,17,1643845633,Chapter 17：The Journey of Common Sense-2,https://www.wattpad.com/1643845633-planet-phoenix-chapter-17%EF%BC%9Athe-journey-of-common,1,0,0,74.01,2026-07-29T08:00:02Z
2026-08-01T18:00:31+08:00,18,1643845966,Chapter 18：The Journey of Common Sense-3,https://www.wattpad.com/1643845966-planet-phoenix-chapter-18%EF%BC%9Athe-journey-of-common,0,0,0,60.01,2026-07-29T22:00:02Z
2026-08-01T18:00:31+08:00,19,1643846464,"Chapter 19：Strictly Speaking, It is Cohabitation",https://www.wattpad.com/1643846464-planet-phoenix-chapter-19%EF%BC%9Astrictly-speaking-it-is,0,0,0,46.01,2026-07-30T12:00:02Z
2026-08-01T18:00:31+08:00,20,1643846919,Chapter 20：A Neighborhood Hiccup,https://www.wattpad.com/1643846919-planet-phoenix-chapter-20%EF%BC%9Aa-neighborhood-hiccup,0,0,0,32.01,2026-07-31T02:00:03Z
2026-08-01T18:00:31+08:00,21,1643848472,Chapter 21：Impromptu Shopping Trip,https://www.wattpad.com/1643848472-planet-phoenix-chapter-21%EF%BC%9Aimpromptu-shopping-trip,0,0,0,18.01,2026-07-31T16:00:03Z
2026-08-01T18:00:31+08:00,22,1643848845,Chapter 22：Palace,https://www.wattpad.com/1643848845-planet-phoenix-chapter-22%EF%BC%9Apalace,0,0,0,4.01,2026-08-01T06:00:02Z
2026-08-01T19:00:31+08:00,1,1643734560,Chapter 1 massive earthquake-1,https://www.wattpad.com/1643734560-planet-phoenix-chapter-1-massive-earthquake-1,15,0,0,299.01,2026-07-20T00:00:02Z
2026-08-01T19:00:31+08:00,2,1643743618,Chapter 2 massive earthquake-2,https://www.wattpad.com/1643743618-planet-phoenix-chapter-2-massive-earthquake-2,12,1,0,285.01,2026-07-20T14:00:02Z
2026-08-01T19:00:31+08:00,3,1643746352,Chapter 3 massive earthquake-3,https://www.wattpad.com/1643746352-planet-phoenix-chapter-3-massive-earthquake-3,5,0,0,271.01,2026-07-21T04:00:02Z
2026-08-01T19:00:31+08:00,4,1643746654,Chapter 4 massive earthquake-4,https://www.wattpad.com/1643746654-planet-phoenix-chapter-4-massive-earthquake-4,9,1,-1,257.01,2026-07-21T18:00:02Z
2026-08-01T19:00:31+08:00,5,1643747136,Chapter 5 Escape from death,https://www.wattpad.com/1643747136-planet-phoenix-chapter-5-escape-from-death,1,0,0,243.01,2026-07-22T08:00:03Z
2026-08-01T19:00:31+08:00,6,1643747955,Chapter 6：Interlude,https://www.wattpad.com/1643747955-planet-phoenix-chapter-6%EF%BC%9Ainterlude,7,0,0,229.01,2026-07-22T22:00:02Z
2026-08-01T19:00:31+08:00,7,1643748308,Chapter 7：The cabin in the forest,https://www.wattpad.com/1643748308-planet-phoenix-chapter-7%EF%BC%9Athe-cabin-in-the-forest,10,0,1,215.01,2026-07-23T12:00:02Z
2026-08-01T19:00:31+08:00,8,1643748909,Chapter 8：Weird person in the train,https://www.wattpad.com/1643748909-planet-phoenix-chapter-8%EF%BC%9Aweird-person-in-the-train,5,0,0,201.01,2026-07-24T02:00:02Z
2026-08-01T19:00:31+08:00,9,1643749360,Chapter 9：Weird person-1,https://www.wattpad.com/1643749360-planet-phoenix-chapter-9%EF%BC%9Aweird-person-1,1,0,0,187.01,2026-07-24T16:00:03Z
2026-08-01T19:00:31+08:00,10,1643749998,Chapter 10：Weird person-2,https://www.wattpad.com/1643749998-planet-phoenix-chapter-10%EF%BC%9Aweird-person-2,4,0,0,173.01,2026-07-25T06:00:02Z
2026-08-01T19:00:31+08:00,11,1643750323,Chapter 11：Weird person-3,https://www.wattpad.com/1643750323-planet-phoenix-chapter-11%EF%BC%9Aweird-person-3,4,0,0,159.01,2026-07-25T20:00:02Z
2026-08-01T19:00:31+08:00,12,1643751148,Chapter 12：Homestead,https://www.wattpad.com/1643751148-planet-phoenix-chapter-12%EF%BC%9Ahomestead,0,0,0,145.01,2026-07-26T10:00:03Z
2026-08-01T19:00:31+08:00,13,1643843952,Chapter 13：Report anomalous individuals-1,https://www.wattpad.com/1643843952-planet-phoenix-chapter-13%EF%BC%9Areport-anomalous,2,0,0,131.01,2026-07-27T00:00:02Z
2026-08-01T19:00:31+08:00,14,1643844249,Chapter 14：Report anomalous individuals-2,https://www.wattpad.com/1643844249-planet-phoenix-chapter-14%EF%BC%9Areport-anomalous,2,0,0,117.01,2026-07-27T14:00:03Z
2026-08-01T19:00:31+08:00,15,1643844641,Chapter 15：Report anomalous individuals-3,https://www.wattpad.com/1643844641-planet-phoenix-chapter-15%EF%BC%9Areport-anomalous,1,0,0,103.01,2026-07-28T04:00:03Z
2026-08-01T19:00:31+08:00,16,1643845149,Chapter 16：The Journey of Common Sense-1,https://www.wattpad.com/1643845149-planet-phoenix-chapter-16%EF%BC%9Athe-journey-of-common,2,1,0,89.01,2026-07-28T18:00:03Z
2026-08-01T19:00:31+08:00,17,1643845633,Chapter 17：The Journey of Common Sense-2,https://www.wattpad.com/1643845633-planet-phoenix-chapter-17%EF%BC%9Athe-journey-of-common,1,0,0,75.01,2026-07-29T08:00:02Z
2026-08-01T19:00:31+08:00,18,1643845966,Chapter 18：The Journey of Common Sense-3,https://www.wattpad.com/1643845966-planet-phoenix-chapter-18%EF%BC%9Athe-journey-of-common,0,0,0,61.01,2026-07-29T22:00:02Z
2026-08-01T19:00:31+08:00,19,1643846464,"Chapter 19：Strictly Speaking, It is Cohabitation",https://www.wattpad.com/1643846464-planet-phoenix-chapter-19%EF%BC%9Astrictly-speaking-it-is,0,0,0,47.01,2026-07-30T12:00:02Z
2026-08-01T19:00:31+08:00,20,1643846919,Chapter 20：A Neighborhood Hiccup,https://www.wattpad.com/1643846919-planet-phoenix-chapter-20%EF%BC%9Aa-neighborhood-hiccup,0,0,0,33.01,2026-07-31T02:00:03Z
2026-08-01T19:00:31+08:00,21,1643848472,Chapter 21：Impromptu Shopping Trip,https://www.wattpad.com/1643848472-planet-phoenix-chapter-21%EF%BC%9Aimpromptu-shopping-trip,0,0,0,19.01,2026-07-31T16:00:03Z
2026-08-01T19:00:31+08:00,22,1643848845,Chapter 22：Palace,https://www.wattpad.com/1643848845-planet-phoenix-chapter-22%EF%BC%9Apalace,0,0,0,5.01,2026-08-01T06:00:02Z
2026-08-01T20:00:30+08:00,1,1643734560,Chapter 1 massive earthquake-1,https://www.wattpad.com/1643734560-planet-phoenix-chapter-1-massive-earthquake-1,15,0,0,300.01,2026-07-20T00:00:02Z
2026-08-01T20:00:30+08:00,2,1643743618,Chapter 2 massive earthquake-2,https://www.wattpad.com/1643743618-planet-phoenix-chapter-2-massive-earthquake-2,12,1,0,286.01,2026-07-20T14:00:02Z
2026-08-01T20:00:30+08:00,3,1643746352,Chapter 3 massive earthquake-3,https://www.wattpad.com/1643746352-planet-phoenix-chapter-3-massive-earthquake-3,5,0,0,272.01,2026-07-21T04:00:02Z
2026-08-01T20:00:30+08:00,4,1643746654,Chapter 4 massive earthquake-4,https://www.wattpad.com/1643746654-planet-phoenix-chapter-4-massive-earthquake-4,9,1,-1,258.01,2026-07-21T18:00:02Z
2026-08-01T20:00:30+08:00,5,1643747136,Chapter 5 Escape from death,https://www.wattpad.com/1643747136-planet-phoenix-chapter-5-escape-from-death,1,0,0,244.01,2026-07-22T08:00:03Z
2026-08-01T20:00:30+08:00,6,1643747955,Chapter 6：Interlude,https://www.wattpad.com/1643747955-planet-phoenix-chapter-6%EF%BC%9Ainterlude,7,0,0,230.01,2026-07-22T22:00:02Z
2026-08-01T20:00:30+08:00,7,1643748308,Chapter 7：The cabin in the forest,https://www.wattpad.com/1643748308-planet-phoenix-chapter-7%EF%BC%9Athe-cabin-in-the-forest,10,0,1,216.01,2026-07-23T12:00:02Z
2026-08-01T20:00:30+08:00,8,1643748909,Chapter 8：Weird person in the train,https://www.wattpad.com/1643748909-planet-phoenix-chapter-8%EF%BC%9Aweird-person-in-the-train,5,0,0,202.01,2026-07-24T02:00:02Z
2026-08-01T20:00:30+08:00,9,1643749360,Chapter 9：Weird person-1,https://www.wattpad.com/1643749360-planet-phoenix-chapter-9%EF%BC%9Aweird-person-1,1,0,0,188.01,2026-07-24T16:00:03Z
2026-08-01T20:00:30+08:00,10,1643749998,Chapter 10：Weird person-2,https://www.wattpad.com/1643749998-planet-phoenix-chapter-10%EF%BC%9Aweird-person-2,4,0,0,174.01,2026-07-25T06:00:02Z
2026-08-01T20:00:30+08:00,11,1643750323,Chapter 11：Weird person-3,https://www.wattpad.com/1643750323-planet-phoenix-chapter-11%EF%BC%9Aweird-person-3,4,0,0,160.01,2026-07-25T20:00:02Z
2026-08-01T20:00:30+08:00,12,1643751148,Chapter 12：Homestead,https://www.wattpad.com/1643751148-planet-phoenix-chapter-12%EF%BC%9Ahomestead,0,0,0,146.01,2026-07-26T10:00:03Z
2026-08-01T20:00:30+08:00,13,1643843952,Chapter 13：Report anomalous individuals-1,https://www.wattpad.com/1643843952-planet-phoenix-chapter-13%EF%BC%9Areport-anomalous,2,0,0,132.01,2026-07-27T00:00:02Z
2026-08-01T20:00:30+08:00,14,1643844249,Chapter 14：Report anomalous individuals-2,https://www.wattpad.com/1643844249-planet-phoenix-chapter-14%EF%BC%9Areport-anomalous,2,0,0,118.01,2026-07-27T14:00:03Z
2026-08-01T20:00:30+08:00,15,1643844641,Chapter 15：Report anomalous individuals-3,https://www.wattpad.com/1643844641-planet-phoenix-chapter-15%EF%BC%9Areport-anomalous,1,0,0,104.01,2026-07-28T04:00:03Z
2026-08-01T20:00:30+08:00,16,1643845149,Chapter 16：The Journey of Common Sense-1,https://www.wattpad.com/1643845149-planet-phoenix-chapter-16%EF%BC%9Athe-journey-of-common,2,1,0,90.01,2026-07-28T18:00:03Z
2026-08-01T20:00:30+08:00,17,1643845633,Chapter 17：The Journey of Common Sense-2,https://www.wattpad.com/1643845633-planet-phoenix-chapter-17%EF%BC%9Athe-journey-of-common,1,0,0,76.01,2026-07-29T08:00:02Z
2026-08-01T20:00:30+08:00,18,1643845966,Chapter 18：The Journey of Common Sense-3,https://www.wattpad.com/1643845966-planet-phoenix-chapter-18%EF%BC%9Athe-journey-of-common,0,0,0,62.01,2026-07-29T22:00:02Z
2026-08-01T20:00:30+08:00,19,1643846464,"Chapter 19：Strictly Speaking, It is Cohabitation",https://www.wattpad.com/1643846464-planet-phoenix-chapter-19%EF%BC%9Astrictly-speaking-it-is,0,0,0,48.01,2026-07-30T12:00:02Z
2026-08-01T20:00:30+08:00,20,1643846919,Chapter 20：A Neighborhood Hiccup,https://www.wattpad.com/1643846919-planet-phoenix-chapter-20%EF%BC%9Aa-neighborhood-hiccup,0,0,0,34.01,2026-07-31T02:00:03Z
2026-08-01T20:00:30+08:00,21,1643848472,Chapter 21：Impromptu Shopping Trip,https://www.wattpad.com/1643848472-planet-phoenix-chapter-21%EF%BC%9Aimpromptu-shopping-trip,0,0,0,20.01,2026-07-31T16:00:03Z
2026-08-01T20:00:30+08:00,22,1643848845,Chapter 22：Palace,https://www.wattpad.com/1643848845-planet-phoenix-chapter-22%EF%BC%9Apalace,0,0,0,6.01,2026-08-01T06:00:02Z
2026-08-01T21:00:32+08:00,1,1643734560,Chapter 1 massive earthquake-1,https://www.wattpad.com/1643734560-planet-phoenix-chapter-1-massive-earthquake-1,15,0,0,301.01,2026-07-20T00:00:02Z
2026-08-01T21:00:32+08:00,2,1643743618,Chapter 2 massive earthquake-2,https://www.wattpad.com/1643743618-planet-phoenix-chapter-2-massive-earthquake-2,12,1,0,287.01,2026-07-20T14:00:02Z
2026-08-01T21:00:32+08:00,3,1643746352,Chapter 3 massive earthquake-3,https://www.wattpad.com/1643746352-planet-phoenix-chapter-3-massive-earthquake-3,5,0,0,273.01,2026-07-21T04:00:02Z
2026-08-01T21:00:32+08:00,4,1643746654,Chapter 4 massive earthquake-4,https://www.wattpad.com/1643746654-planet-phoenix-chapter-4-massive-earthquake-4,9,1,-1,259.01,2026-07-21T18:00:02Z
2026-08-01T21:00:32+08:00,5,1643747136,Chapter 5 Escape from death,https://www.wattpad.com/1643747136-planet-phoenix-chapter-5-escape-from-death,1,0,0,245.01,2026-07-22T08:00:03Z
2026-08-01T21:00:32+08:00,6,1643747955,Chapter 6：Interlude,https://www.wattpad.com/1643747955-planet-phoenix-chapter-6%EF%BC%9Ainterlude,7,0,0,231.01,2026-07-22T22:00:02Z
2026-08-01T21:00:32+08:00,7,1643748308,Chapter 7：The cabin in the forest,https://www.wattpad.com/1643748308-planet-phoenix-chapter-7%EF%BC%9Athe-cabin-in-the-forest,10,0,1,217.01,2026-07-23T12:00:02Z
2026-08-01T21:00:32+08:00,8,1643748909,Chapter 8：Weird person in the train,https://www.wattpad.com/1643748909-planet-phoenix-chapter-8%EF%BC%9Aweird-person-in-the-train,5,0,0,203.01,2026-07-24T02:00:02Z
2026-08-01T21:00:32+08:00,9,1643749360,Chapter 9：Weird person-1,https://www.wattpad.com/1643749360-planet-phoenix-chapter-9%EF%BC%9Aweird-person-1,1,0,0,189.01,2026-07-24T16:00:03Z
2026-08-01T21:00:32+08:00,10,1643749998,Chapter 10：Weird person-2,https://www.wattpad.com/1643749998-planet-phoenix-chapter-10%EF%BC%9Aweird-person-2,4,0,0,175.01,2026-07-25T06:00:02Z
2026-08-01T21:00:32+08:00,11,1643750323,Chapter 11：Weird person-3,https://www.wattpad.com/1643750323-planet-phoenix-chapter-11%EF%BC%9Aweird-person-3,4,0,0,161.01,2026-07-25T20:00:02Z
2026-08-01T21:00:32+08:00,12,1643751148,Chapter 12：Homestead,https://www.wattpad.com/1643751148-planet-phoenix-chapter-12%EF%BC%9Ahomestead,0,0,0,147.01,2026-07-26T10:00:03Z
2026-08-01T21:00:32+08:00,13,1643843952,Chapter 13：Report anomalous individuals-1,https://www.wattpad.com/1643843952-planet-phoenix-chapter-13%EF%BC%9Areport-anomalous,2,0,0,133.01,2026-07-27T00:00:02Z
2026-08-01T21:00:32+08:00,14,1643844249,Chapter 14：Report anomalous individuals-2,https://www.wattpad.com/1643844249-planet-phoenix-chapter-14%EF%BC%9Areport-anomalous,2,0,0,119.01,2026-07-27T14:00:03Z
2026-08-01T21:00:32+08:00,15,1643844641,Chapter 15：Report anomalous individuals-3,https://www.wattpad.com/1643844641-planet-phoenix-chapter-15%EF%BC%9Areport-anomalous,1,0,0,105.01,2026-07-28T04:00:03Z
2026-08-01T21:00:32+08:00,16,1643845149,Chapter 16：The Journey of Common Sense-1,https://www.wattpad.com/1643845149-planet-phoenix-chapter-16%EF%BC%9Athe-journey-of-common,2,1,0,91.01,2026-07-28T18:00:03Z
2026-08-01T21:00:32+08:00,17,1643845633,Chapter 17：The Journey of Common Sense-2,https://www.wattpad.com/1643845633-planet-phoenix-chapter-17%EF%BC%9Athe-journey-of-common,1,0,0,77.01,2026-07-29T08:00:02Z
2026-08-01T21:00:32+08:00,18,1643845966,Chapter 18：The Journey of Common Sense-3,https://www.wattpad.com/1643845966-planet-phoenix-chapter-18%EF%BC%9Athe-journey-of-common,0,0,0,63.01,2026-07-29T22:00:02Z
2026-08-01T21:00:32+08:00,19,1643846464,"Chapter 19：Strictly Speaking, It is Cohabitation",https://www.wattpad.com/1643846464-planet-phoenix-chapter-19%EF%BC%9Astrictly-speaking-it-is,0,0,0,49.01,2026-07-30T12:00:02Z
2026-08-01T21:00:32+08:00,20,1643846919,Chapter 20：A Neighborhood Hiccup,https://www.wattpad.com/1643846919-planet-phoenix-chapter-20%EF%BC%9Aa-neighborhood-hiccup,0,0,0,35.01,2026-07-31T02:00:03Z
2026-08-01T21:00:32+08:00,21,1643848472,Chapter 21：Impromptu Shopping Trip,https://www.wattpad.com/1643848472-planet-phoenix-chapter-21%EF%BC%9Aimpromptu-shopping-trip,0,0,0,21.01,2026-07-31T16:00:03Z
2026-08-01T21:00:32+08:00,22,1643848845,Chapter 22：Palace,https://www.wattpad.com/1643848845-planet-phoenix-chapter-22%EF%BC%9Apalace,0,0,0,7.01,2026-08-01T06:00:02Z
2026-08-01T22:00:32+08:00,1,1643734560,Chapter 1 massive earthquake-1,https://www.wattpad.com/1643734560-planet-phoenix-chapter-1-massive-earthquake-1,15,0,0,302.01,2026-07-20T00:00:02Z
2026-08-01T22:00:32+08:00,2,1643743618,Chapter 2 massive earthquake-2,https://www.wattpad.com/1643743618-planet-phoenix-chapter-2-massive-earthquake-2,12,1,0,288.01,2026-07-20T14:00:02Z
2026-08-01T22:00:32+08:00,3,1643746352,Chapter 3 massive earthquake-3,https://www.wattpad.com/1643746352-planet-phoenix-chapter-3-massive-earthquake-3,5,0,0,274.01,2026-07-21T04:00:02Z
2026-08-01T22:00:32+08:00,4,1643746654,Chapter 4 massive earthquake-4,https://www.wattpad.com/1643746654-planet-phoenix-chapter-4-massive-earthquake-4,9,1,-1,260.01,2026-07-21T18:00:02Z
2026-08-01T22:00:32+08:00,5,1643747136,Chapter 5 Escape from death,https://www.wattpad.com/1643747136-planet-phoenix-chapter-5-escape-from-death,1,0,0,246.01,2026-07-22T08:00:03Z
2026-08-01T22:00:32+08:00,6,1643747955,Chapter 6：Interlude,https://www.wattpad.com/1643747955-planet-phoenix-chapter-6%EF%BC%9Ainterlude,7,0,0,232.01,2026-07-22T22:00:02Z
2026-08-01T22:00:32+08:00,7,1643748308,Chapter 7：The cabin in the forest,https://www.wattpad.com/1643748308-planet-phoenix-chapter-7%EF%BC%9Athe-cabin-in-the-forest,10,0,1,218.01,2026-07-23T12:00:02Z
2026-08-01T22:00:32+08:00,8,1643748909,Chapter 8：Weird person in the train,https://www.wattpad.com/1643748909-planet-phoenix-chapter-8%EF%BC%9Aweird-person-in-the-train,5,0,0,204.01,2026-07-24T02:00:02Z
2026-08-01T22:00:32+08:00,9,1643749360,Chapter 9：Weird person-1,https://www.wattpad.com/1643749360-planet-phoenix-chapter-9%EF%BC%9Aweird-person-1,1,0,0,190.01,2026-07-24T16:00:03Z
2026-08-01T22:00:32+08:00,10,1643749998,Chapter 10：Weird person-2,https://www.wattpad.com/1643749998-planet-phoenix-chapter-10%EF%BC%9Aweird-person-2,4,0,0,176.01,2026-07-25T06:00:02Z
2026-08-01T22:00:32+08:00,11,1643750323,Chapter 11：Weird person-3,https://www.wattpad.com/1643750323-planet-phoenix-chapter-11%EF%BC%9Aweird-person-3,4,0,0,162.01,2026-07-25T20:00:02Z
2026-08-01T22:00:32+08:00,12,1643751148,Chapter 12：Homestead,https://www.wattpad.com/1643751148-planet-phoenix-chapter-12%EF%BC%9Ahomestead,0,0,0,148.01,2026-07-26T10:00:03Z
2026-08-01T22:00:32+08:00,13,1643843952,Chapter 13：Report anomalous individuals-1,https://www.wattpad.com/1643843952-planet-phoenix-chapter-13%EF%BC%9Areport-anomalous,2,0,0,134.01,2026-07-27T00:00:02Z
2026-08-01T22:00:32+08:00,14,1643844249,Chapter 14：Report anomalous individuals-2,https://www.wattpad.com/1643844249-planet-phoenix-chapter-14%EF%BC%9Areport-anomalous,2,0,0,120.01,2026-07-27T14:00:03Z
2026-08-01T22:00:32+08:00,15,1643844641,Chapter 15：Report anomalous individuals-3,https://www.wattpad.com/1643844641-planet-phoenix-chapter-15%EF%BC%9Areport-anomalous,1,0,0,106.01,2026-07-28T04:00:03Z
2026-08-01T22:00:32+08:00,16,1643845149,Chapter 16：The Journey of Common Sense-1,https://www.wattpad.com/1643845149-planet-phoenix-chapter-16%EF%BC%9Athe-journey-of-common,2,1,0,92.01,2026-07-28T18:00:03Z
2026-08-01T22:00:32+08:00,17,1643845633,Chapter 17：The Journey of Common Sense-2,https://www.wattpad.com/1643845633-planet-phoenix-chapter-17%EF%BC%9Athe-journey-of-common,1,0,0,78.01,2026-07-29T08:00:02Z
2026-08-01T22:00:32+08:00,18,1643845966,Chapter 18：The Journey of Common Sense-3,https://www.wattpad.com/1643845966-planet-phoenix-chapter-18%EF%BC%9Athe-journey-of-common,0,0,0,64.01,2026-07-29T22:00:02Z
2026-08-01T22:00:32+08:00,19,1643846464,"Chapter 19：Strictly Speaking, It is Cohabitation",https://www.wattpad.com/1643846464-planet-phoenix-chapter-19%EF%BC%9Astrictly-speaking-it-is,0,0,0,50.01,2026-07-30T12:00:02Z
2026-08-01T22:00:32+08:00,20,1643846919,Chapter 20：A Neighborhood Hiccup,https://www.wattpad.com/1643846919-planet-phoenix-chapter-20%EF%BC%9Aa-neighborhood-hiccup,0,0,0,36.01,2026-07-31T02:00:03Z
2026-08-01T22:00:32+08:00,21,1643848472,Chapter 21：Impromptu Shopping Trip,https://www.wattpad.com/1643848472-planet-phoenix-chapter-21%EF%BC%9Aimpromptu-shopping-trip,0,0,0,22.01,2026-07-31T16:00:03Z
2026-08-01T22:00:32+08:00,22,1643848845,Chapter 22：Palace,https://www.wattpad.com/1643848845-planet-phoenix-chapter-22%EF%BC%9Apalace,0,0,0,8.01,2026-08-01T06:00:02Z
2026-08-01T23:00:31+08:00,1,1643734560,Chapter 1 massive earthquake-1,https://www.wattpad.com/1643734560-planet-phoenix-chapter-1-massive-earthquake-1,15,0,0,303.01,2026-07-20T00:00:02Z
2026-08-01T23:00:31+08:00,2,1643743618,Chapter 2 massive earthquake-2,https://www.wattpad.com/1643743618-planet-phoenix-chapter-2-massive-earthquake-2,12,1,0,289.01,2026-07-20T14:00:02Z
2026-08-01T23:00:31+08:00,3,1643746352,Chapter 3 massive earthquake-3,https://www.wattpad.com/1643746352-planet-phoenix-chapter-3-massive-earthquake-3,5,0,0,275.01,2026-07-21T04:00:02Z
2026-08-01T23:00:31+08:00,4,1643746654,Chapter 4 massive earthquake-4,https://www.wattpad.com/1643746654-planet-phoenix-chapter-4-massive-earthquake-4,9,1,-1,261.01,2026-07-21T18:00:02Z
2026-08-01T23:00:31+08:00,5,1643747136,Chapter 5 Escape from death,https://www.wattpad.com/1643747136-planet-phoenix-chapter-5-escape-from-death,1,0,0,247.01,2026-07-22T08:00:03Z
2026-08-01T23:00:31+08:00,6,1643747955,Chapter 6：Interlude,https://www.wattpad.com/1643747955-planet-phoenix-chapter-6%EF%BC%9Ainterlude,7,0,0,233.01,2026-07-22T22:00:02Z
2026-08-01T23:00:31+08:00,7,1643748308,Chapter 7：The cabin in the forest,https://www.wattpad.com/1643748308-planet-phoenix-chapter-7%EF%BC%9Athe-cabin-in-the-forest,10,0,1,219.01,2026-07-23T12:00:02Z
2026-08-01T23:00:31+08:00,8,1643748909,Chapter 8：Weird person in the train,https://www.wattpad.com/1643748909-planet-phoenix-chapter-8%EF%BC%9Aweird-person-in-the-train,5,0,0,205.01,2026-07-24T02:00:02Z
2026-08-01T23:00:31+08:00,9,1643749360,Chapter 9：Weird person-1,https://www.wattpad.com/1643749360-planet-phoenix-chapter-9%EF%BC%9Aweird-person-1,1,0,0,191.01,2026-07-24T16:00:03Z
2026-08-01T23:00:31+08:00,10,1643749998,Chapter 10：Weird person-2,https://www.wattpad.com/1643749998-planet-phoenix-chapter-10%EF%BC%9Aweird-person-2,4,0,0,177.01,2026-07-25T06:00:02Z
2026-08-01T23:00:31+08:00,11,1643750323,Chapter 11：Weird person-3,https://www.wattpad.com/1643750323-planet-phoenix-chapter-11%EF%BC%9Aweird-person-3,4,0,0,163.01,2026-07-25T20:00:02Z
2026-08-01T23:00:31+08:00,12,1643751148,Chapter 12：Homestead,https://www.wattpad.com/1643751148-planet-phoenix-chapter-12%EF%BC%9Ahomestead,0,0,0,149.01,2026-07-26T10:00:03Z
2026-08-01T23:00:31+08:00,13,1643843952,Chapter 13：Report anomalous individuals-1,https://www.wattpad.com/1643843952-planet-phoenix-chapter-13%EF%BC%9Areport-anomalous,2,0,0,135.01,2026-07-27T00:00:02Z
2026-08-01T23:00:31+08:00,14,1643844249,Chapter 14：Report anomalous individuals-2,https://www.wattpad.com/1643844249-planet-phoenix-chapter-14%EF%BC%9Areport-anomalous,2,0,0,121.01,2026-07-27T14:00:03Z
2026-08-01T23:00:31+08:00,15,1643844641,Chapter 15：Report anomalous individuals-3,https://www.wattpad.com/1643844641-planet-phoenix-chapter-15%EF%BC%9Areport-anomalous,1,0,0,107.01,2026-07-28T04:00:03Z
2026-08-01T23:00:31+08:00,16,1643845149,Chapter 16：The Journey of Common Sense-1,https://www.wattpad.com/1643845149-planet-phoenix-chapter-16%EF%BC%9Athe-journey-of-common,2,1,0,93.01,2026-07-28T18:00:03Z
2026-08-01T23:00:31+08:00,17,1643845633,Chapter 17：The Journey of Common Sense-2,https://www.wattpad.com/1643845633-planet-phoenix-chapter-17%EF%BC%9Athe-journey-of-common,1,0,0,79.01,2026-07-29T08:00:02Z
2026-08-01T23:00:31+08:00,18,1643845966,Chapter 18：The Journey of Common Sense-3,https://www.wattpad.com/1643845966-planet-phoenix-chapter-18%EF%BC%9Athe-journey-of-common,0,0,0,65.01,2026-07-29T22:00:02Z
2026-08-01T23:00:31+08:00,19,1643846464,"Chapter 19：Strictly Speaking, It is Cohabitation",https://www.wattpad.com/1643846464-planet-phoenix-chapter-19%EF%BC%9Astrictly-speaking-it-is,0,0,0,51.01,2026-07-30T12:00:02Z
2026-08-01T23:00:31+08:00,20,1643846919,Chapter 20：A Neighborhood Hiccup,https://www.wattpad.com/1643846919-planet-phoenix-chapter-20%EF%BC%9Aa-neighborhood-hiccup,0,0,0,37.01,2026-07-31T02:00:03Z
2026-08-01T23:00:31+08:00,21,1643848472,Chapter 21：Impromptu Shopping Trip,https://www.wattpad.com/1643848472-planet-phoenix-chapter-21%EF%BC%9Aimpromptu-shopping-trip,0,0,0,23.01,2026-07-31T16:00:03Z
2026-08-01T23:00:31+08:00,22,1643848845,Chapter 22：Palace,https://www.wattpad.com/1643848845-planet-phoenix-chapter-22%EF%BC%9Apalace,0,0,0,9.01,2026-08-01T06:00:02Z
2026-08-02T00:00:29+08:00,1,1643734560,Chapter 1 massive earthquake-1,https://www.wattpad.com/1643734560-planet-phoenix-chapter-1-massive-earthquake-1,15,0,0,304.01,2026-07-20T00:00:02Z
2026-08-02T00:00:29+08:00,2,1643743618,Chapter 2 massive earthquake-2,https://www.wattpad.com/1643743618-planet-phoenix-chapter-2-massive-earthquake-2,12,1,0,290.01,2026-07-20T14:00:02Z
2026-08-02T00:00:29+08:00,3,1643746352,Chapter 3 massive earthquake-3,https://www.wattpad.com/1643746352-planet-phoenix-chapter-3-massive-earthquake-3,5,0,0,276.01,2026-07-21T04:00:02Z
2026-08-02T00:00:29+08:00,4,1643746654,Chapter 4 massive earthquake-4,https://www.wattpad.com/1643746654-planet-phoenix-chapter-4-massive-earthquake-4,9,1,-1,262.01,2026-07-21T18:00:02Z
2026-08-02T00:00:29+08:00,5,1643747136,Chapter 5 Escape from death,https://www.wattpad.com/1643747136-planet-phoenix-chapter-5-escape-from-death,1,0,0,248.01,2026-07-22T08:00:03Z
2026-08-02T00:00:29+08:00,6,1643747955,Chapter 6：Interlude,https://www.wattpad.com/1643747955-planet-phoenix-chapter-6%EF%BC%9Ainterlude,7,0,0,234.01,2026-07-22T22:00:02Z
2026-08-02T00:00:29+08:00,7,1643748308,Chapter 7：The cabin in the forest,https://www.wattpad.com/1643748308-planet-phoenix-chapter-7%EF%BC%9Athe-cabin-in-the-forest,10,0,1,220.01,2026-07-23T12:00:02Z
2026-08-02T00:00:29+08:00,8,1643748909,Chapter 8：Weird person in the train,https://www.wattpad.com/1643748909-planet-phoenix-chapter-8%EF%BC%9Aweird-person-in-the-train,5,0,0,206.01,2026-07-24T02:00:02Z
2026-08-02T00:00:29+08:00,9,1643749360,Chapter 9：Weird person-1,https://www.wattpad.com/1643749360-planet-phoenix-chapter-9%EF%BC%9Aweird-person-1,1,0,0,192.01,2026-07-24T16:00:03Z
2026-08-02T00:00:29+08:00,10,1643749998,Chapter 10：Weird person-2,https://www.wattpad.com/1643749998-planet-phoenix-chapter-10%EF%BC%9Aweird-person-2,4,0,0,178.01,2026-07-25T06:00:02Z
2026-08-02T00:00:29+08:00,11,1643750323,Chapter 11：Weird person-3,https://www.wattpad.com/1643750323-planet-phoenix-chapter-11%EF%BC%9Aweird-person-3,4,0,0,164.01,2026-07-25T20:00:02Z
2026-08-02T00:00:29+08:00,12,1643751148,Chapter 12：Homestead,https://www.wattpad.com/1643751148-planet-phoenix-chapter-12%EF%BC%9Ahomestead,0,0,0,150.01,2026-07-26T10:00:03Z
2026-08-02T00:00:29+08:00,13,1643843952,Chapter 13：Report anomalous individuals-1,https://www.wattpad.com/1643843952-planet-phoenix-chapter-13%EF%BC%9Areport-anomalous,2,0,0,136.01,2026-07-27T00:00:02Z
2026-08-02T00:00:29+08:00,14,1643844249,Chapter 14：Report anomalous individuals-2,https://www.wattpad.com/1643844249-planet-phoenix-chapter-14%EF%BC%9Areport-anomalous,2,0,0,122.01,2026-07-27T14:00:03Z
2026-08-02T00:00:29+08:00,15,1643844641,Chapter 15：Report anomalous individuals-3,https://www.wattpad.com/1643844641-planet-phoenix-chapter-15%EF%BC%9Areport-anomalous,1,0,0,108.01,2026-07-28T04:00:03Z
2026-08-02T00:00:29+08:00,16,1643845149,Chapter 16：The Journey of Common Sense-1,https://www.wattpad.com/1643845149-planet-phoenix-chapter-16%EF%BC%9Athe-journey-of-common,2,1,0,94.01,2026-07-28T18:00:03Z
2026-08-02T00:00:29+08:00,17,1643845633,Chapter 17：The Journey of Common Sense-2,https://www.wattpad.com/1643845633-planet-phoenix-chapter-17%EF%BC%9Athe-journey-of-common,1,0,0,80.01,2026-07-29T08:00:02Z
2026-08-02T00:00:29+08:00,18,1643845966,Chapter 18：The Journey of Common Sense-3,https://www.wattpad.com/1643845966-planet-phoenix-chapter-18%EF%BC%9Athe-journey-of-common,0,0,0,66.01,2026-07-29T22:00:02Z
2026-08-02T00:00:29+08:00,19,1643846464,"Chapter 19：Strictly Speaking, It is Cohabitation",https://www.wattpad.com/1643846464-planet-phoenix-chapter-19%EF%BC%9Astrictly-speaking-it-is,0,0,0,52.01,2026-07-30T12:00:02Z
2026-08-02T00:00:29+08:00,20,1643846919,Chapter 20：A Neighborhood Hiccup,https://www.wattpad.com/1643846919-planet-phoenix-chapter-20%EF%BC%9Aa-neighborhood-hiccup,0,0,0,38.01,2026-07-31T02:00:03Z
2026-08-02T00:00:29+08:00,21,1643848472,Chapter 21：Impromptu Shopping Trip,https://www.wattpad.com/1643848472-planet-phoenix-chapter-21%EF%BC%9Aimpromptu-shopping-trip,0,0,0,24.01,2026-07-31T16:00:03Z
2026-08-02T00:00:29+08:00,22,1643848845,Chapter 22：Palace,https://www.wattpad.com/1643848845-planet-phoenix-chapter-22%EF%BC%9Apalace,0,0,0,10.01,2026-08-01T06:00:02Z
2026-08-02T01:00:31+08:00,1,1643734560,Chapter 1 massive earthquake-1,https://www.wattpad.com/1643734560-planet-phoenix-chapter-1-massive-earthquake-1,15,0,0,305.01,2026-07-20T00:00:02Z
2026-08-02T01:00:31+08:00,2,1643743618,Chapter 2 massive earthquake-2,https://www.wattpad.com/1643743618-planet-phoenix-chapter-2-massive-earthquake-2,12,1,0,291.01,2026-07-20T14:00:02Z
2026-08-02T01:00:31+08:00,3,1643746352,Chapter 3 massive earthquake-3,https://www.wattpad.com/1643746352-planet-phoenix-chapter-3-massive-earthquake-3,5,0,0,277.01,2026-07-21T04:00:02Z
2026-08-02T01:00:31+08:00,4,1643746654,Chapter 4 massive earthquake-4,https://www.wattpad.com/1643746654-planet-phoenix-chapter-4-massive-earthquake-4,9,1,-1,263.01,2026-07-21T18:00:02Z
2026-08-02T01:00:31+08:00,5,1643747136,Chapter 5 Escape from death,https://www.wattpad.com/1643747136-planet-phoenix-chapter-5-escape-from-death,1,0,0,249.01,2026-07-22T08:00:03Z
2026-08-02T01:00:31+08:00,6,1643747955,Chapter 6：Interlude,https://www.wattpad.com/1643747955-planet-phoenix-chapter-6%EF%BC%9Ainterlude,7,0,0,235.01,2026-07-22T22:00:02Z
2026-08-02T01:00:31+08:00,7,1643748308,Chapter 7：The cabin in the forest,https://www.wattpad.com/1643748308-planet-phoenix-chapter-7%EF%BC%9Athe-cabin-in-the-forest,10,0,1,221.01,2026-07-23T12:00:02Z
2026-08-02T01:00:31+08:00,8,1643748909,Chapter 8：Weird person in the train,https://www.wattpad.com/1643748909-planet-phoenix-chapter-8%EF%BC%9Aweird-person-in-the-train,5,0,0,207.01,2026-07-24T02:00:02Z
2026-08-02T01:00:31+08:00,9,1643749360,Chapter 9：Weird person-1,https://www.wattpad.com/1643749360-planet-phoenix-chapter-9%EF%BC%9Aweird-person-1,1,0,0,193.01,2026-07-24T16:00:03Z
2026-08-02T01:00:31+08:00,10,1643749998,Chapter 10：Weird person-2,https://www.wattpad.com/1643749998-planet-phoenix-chapter-10%EF%BC%9Aweird-person-2,4,0,0,179.01,2026-07-25T06:00:02Z
2026-08-02T01:00:31+08:00,11,1643750323,Chapter 11：Weird person-3,https://www.wattpad.com/1643750323-planet-phoenix-chapter-11%EF%BC%9Aweird-person-3,4,0,0,165.01,2026-07-25T20:00:02Z
2026-08-02T01:00:31+08:00,12,1643751148,Chapter 12：Homestead,https://www.wattpad.com/1643751148-planet-phoenix-chapter-12%EF%BC%9Ahomestead,0,0,0,151.01,2026-07-26T10:00:03Z
2026-08-02T01:00:31+08:00,13,1643843952,Chapter 13：Report anomalous individuals-1,https://www.wattpad.com/1643843952-planet-phoenix-chapter-13%EF%BC%9Areport-anomalous,2,0,0,137.01,2026-07-27T00:00:02Z
2026-08-02T01:00:31+08:00,14,1643844249,Chapter 14：Report anomalous individuals-2,https://www.wattpad.com/1643844249-planet-phoenix-chapter-14%EF%BC%9Areport-anomalous,2,0,0,123.01,2026-07-27T14:00:03Z
2026-08-02T01:00:31+08:00,15,1643844641,Chapter 15：Report anomalous individuals-3,https://www.wattpad.com/1643844641-planet-phoenix-chapter-15%EF%BC%9Areport-anomalous,1,0,0,109.01,2026-07-28T04:00:03Z
2026-08-02T01:00:31+08:00,16,1643845149,Chapter 16：The Journey of Common Sense-1,https://www.wattpad.com/1643845149-planet-phoenix-chapter-16%EF%BC%9Athe-journey-of-common,2,1,0,95.01,2026-07-28T18:00:03Z
2026-08-02T01:00:31+08:00,17,1643845633,Chapter 17：The Journey of Common Sense-2,https://www.wattpad.com/1643845633-planet-phoenix-chapter-17%EF%BC%9Athe-journey-of-common,1,0,0,81.01,2026-07-29T08:00:02Z
2026-08-02T01:00:31+08:00,18,1643845966,Chapter 18：The Journey of Common Sense-3,https://www.wattpad.com/1643845966-planet-phoenix-chapter-18%EF%BC%9Athe-journey-of-common,0,0,0,67.01,2026-07-29T22:00:02Z
2026-08-02T01:00:31+08:00,19,1643846464,"Chapter 19：Strictly Speaking, It is Cohabitation",https://www.wattpad.com/1643846464-planet-phoenix-chapter-19%EF%BC%9Astrictly-speaking-it-is,0,0,0,53.01,2026-07-30T12:00:02Z
2026-08-02T01:00:31+08:00,20,1643846919,Chapter 20：A Neighborhood Hiccup,https://www.wattpad.com/1643846919-planet-phoenix-chapter-20%EF%BC%9Aa-neighborhood-hiccup,0,0,0,39.01,2026-07-31T02:00:03Z
2026-08-02T01:00:31+08:00,21,1643848472,Chapter 21：Impromptu Shopping Trip,https://www.wattpad.com/1643848472-planet-phoenix-chapter-21%EF%BC%9Aimpromptu-shopping-trip,0,0,0,25.01,2026-07-31T16:00:03Z
2026-08-02T01:00:31+08:00,22,1643848845,Chapter 22：Palace,https://www.wattpad.com/1643848845-planet-phoenix-chapter-22%EF%BC%9Apalace,0,0,0,11.01,2026-08-01T06:00:02Z
2026-08-02T02:00:37+08:00,1,1643734560,Chapter 1 massive earthquake-1,https://www.wattpad.com/1643734560-planet-phoenix-chapter-1-massive-earthquake-1,15,0,0,306.01,2026-07-20T00:00:02Z
2026-08-02T02:00:37+08:00,2,1643743618,Chapter 2 massive earthquake-2,https://www.wattpad.com/1643743618-planet-phoenix-chapter-2-massive-earthquake-2,12,1,0,292.01,2026-07-20T14:00:02Z
2026-08-02T02:00:37+08:00,3,1643746352,Chapter 3 massive earthquake-3,https://www.wattpad.com/1643746352-planet-phoenix-chapter-3-massive-earthquake-3,5,0,0,278.01,2026-07-21T04:00:02Z
2026-08-02T02:00:37+08:00,4,1643746654,Chapter 4 massive earthquake-4,https://www.wattpad.com/1643746654-planet-phoenix-chapter-4-massive-earthquake-4,9,1,-1,264.01,2026-07-21T18:00:02Z
2026-08-02T02:00:37+08:00,5,1643747136,Chapter 5 Escape from death,https://www.wattpad.com/1643747136-planet-phoenix-chapter-5-escape-from-death,1,0,0,250.01,2026-07-22T08:00:03Z
2026-08-02T02:00:37+08:00,6,1643747955,Chapter 6：Interlude,https://www.wattpad.com/1643747955-planet-phoenix-chapter-6%EF%BC%9Ainterlude,7,0,0,236.01,2026-07-22T22:00:02Z
2026-08-02T02:00:37+08:00,7,1643748308,Chapter 7：The cabin in the forest,https://www.wattpad.com/1643748308-planet-phoenix-chapter-7%EF%BC%9Athe-cabin-in-the-forest,10,0,1,222.01,2026-07-23T12:00:02Z
2026-08-02T02:00:37+08:00,8,1643748909,Chapter 8：Weird person in the train,https://www.wattpad.com/1643748909-planet-phoenix-chapter-8%EF%BC%9Aweird-person-in-the-train,5,0,0,208.01,2026-07-24T02:00:02Z
2026-08-02T02:00:37+08:00,9,1643749360,Chapter 9：Weird person-1,https://www.wattpad.com/1643749360-planet-phoenix-chapter-9%EF%BC%9Aweird-person-1,1,0,0,194.01,2026-07-24T16:00:03Z
2026-08-02T02:00:37+08:00,10,1643749998,Chapter 10：Weird person-2,https://www.wattpad.com/1643749998-planet-phoenix-chapter-10%EF%BC%9Aweird-person-2,4,0,0,180.01,2026-07-25T06:00:02Z
2026-08-02T02:00:37+08:00,11,1643750323,Chapter 11：Weird person-3,https://www.wattpad.com/1643750323-planet-phoenix-chapter-11%EF%BC%9Aweird-person-3,4,0,0,166.01,2026-07-25T20:00:02Z
2026-08-02T02:00:37+08:00,12,1643751148,Chapter 12：Homestead,https://www.wattpad.com/1643751148-planet-phoenix-chapter-12%EF%BC%9Ahomestead,0,0,0,152.01,2026-07-26T10:00:03Z
2026-08-02T02:00:37+08:00,13,1643843952,Chapter 13：Report anomalous individuals-1,https://www.wattpad.com/1643843952-planet-phoenix-chapter-13%EF%BC%9Areport-anomalous,2,0,0,138.01,2026-07-27T00:00:02Z
2026-08-02T02:00:37+08:00,14,1643844249,Chapter 14：Report anomalous individuals-2,https://www.wattpad.com/1643844249-planet-phoenix-chapter-14%EF%BC%9Areport-anomalous,2,0,0,124.01,2026-07-27T14:00:03Z
2026-08-02T02:00:37+08:00,15,1643844641,Chapter 15：Report anomalous individuals-3,https://www.wattpad.com/1643844641-planet-phoenix-chapter-15%EF%BC%9Areport-anomalous,1,0,0,110.01,2026-07-28T04:00:03Z
2026-08-02T02:00:37+08:00,16,1643845149,Chapter 16：The Journey of Common Sense-1,https://www.wattpad.com/1643845149-planet-phoenix-chapter-16%EF%BC%9Athe-journey-of-common,2,1,0,96.01,2026-07-28T18:00:03Z
2026-08-02T02:00:37+08:00,17,1643845633,Chapter 17：The Journey of Common Sense-2,https://www.wattpad.com/1643845633-planet-phoenix-chapter-17%EF%BC%9Athe-journey-of-common,1,0,0,82.01,2026-07-29T08:00:02Z
2026-08-02T02:00:37+08:00,18,1643845966,Chapter 18：The Journey of Common Sense-3,https://www.wattpad.com/1643845966-planet-phoenix-chapter-18%EF%BC%9Athe-journey-of-common,0,0,0,68.01,2026-07-29T22:00:02Z
2026-08-02T02:00:37+08:00,19,1643846464,"Chapter 19：Strictly Speaking, It is Cohabitation",https://www.wattpad.com/1643846464-planet-phoenix-chapter-19%EF%BC%9Astrictly-speaking-it-is,0,0,0,54.01,2026-07-30T12:00:02Z
2026-08-02T02:00:37+08:00,20,1643846919,Chapter 20：A Neighborhood Hiccup,https://www.wattpad.com/1643846919-planet-phoenix-chapter-20%EF%BC%9Aa-neighborhood-hiccup,0,0,0,40.01,2026-07-31T02:00:03Z
2026-08-02T02:00:37+08:00,21,1643848472,Chapter 21：Impromptu Shopping Trip,https://www.wattpad.com/1643848472-planet-phoenix-chapter-21%EF%BC%9Aimpromptu-shopping-trip,0,0,0,26.01,2026-07-31T16:00:03Z
2026-08-02T02:00:37+08:00,22,1643848845,Chapter 22：Palace,https://www.wattpad.com/1643848845-planet-phoenix-chapter-22%EF%BC%9Apalace,0,0,0,12.01,2026-08-01T06:00:02Z
2026-08-02T03:00:37+08:00,1,1643734560,Chapter 1 massive earthquake-1,https://www.wattpad.com/1643734560-planet-phoenix-chapter-1-massive-earthquake-1,15,0,0,307.01,2026-07-20T00:00:02Z
2026-08-02T03:00:37+08:00,2,1643743618,Chapter 2 massive earthquake-2,https://www.wattpad.com/1643743618-planet-phoenix-chapter-2-massive-earthquake-2,12,1,0,293.01,2026-07-20T14:00:02Z
2026-08-02T03:00:37+08:00,3,1643746352,Chapter 3 massive earthquake-3,https://www.wattpad.com/1643746352-planet-phoenix-chapter-3-massive-earthquake-3,5,0,0,279.01,2026-07-21T04:00:02Z
2026-08-02T03:00:37+08:00,4,1643746654,Chapter 4 massive earthquake-4,https://www.wattpad.com/1643746654-planet-phoenix-chapter-4-massive-earthquake-4,9,1,-1,265.01,2026-07-21T18:00:02Z
2026-08-02T03:00:37+08:00,5,1643747136,Chapter 5 Escape from death,https://www.wattpad.com/1643747136-planet-phoenix-chapter-5-escape-from-death,1,0,0,251.01,2026-07-22T08:00:03Z
2026-08-02T03:00:37+08:00,6,1643747955,Chapter 6：Interlude,https://www.wattpad.com/1643747955-planet-phoenix-chapter-6%EF%BC%9Ainterlude,7,0,0,237.01,2026-07-22T22:00:02Z
2026-08-02T03:00:37+08:00,7,1643748308,Chapter 7：The cabin in the forest,https://www.wattpad.com/1643748308-planet-phoenix-chapter-7%EF%BC%9Athe-cabin-in-the-forest,10,0,1,223.01,2026-07-23T12:00:02Z
2026-08-02T03:00:37+08:00,8,1643748909,Chapter 8：Weird person in the train,https://www.wattpad.com/1643748909-planet-phoenix-chapter-8%EF%BC%9Aweird-person-in-the-train,5,0,0,209.01,2026-07-24T02:00:02Z
2026-08-02T03:00:37+08:00,9,1643749360,Chapter 9：Weird person-1,https://www.wattpad.com/1643749360-planet-phoenix-chapter-9%EF%BC%9Aweird-person-1,1,0,0,195.01,2026-07-24T16:00:03Z
2026-08-02T03:00:37+08:00,10,1643749998,Chapter 10：Weird person-2,https://www.wattpad.com/1643749998-planet-phoenix-chapter-10%EF%BC%9Aweird-person-2,4,0,0,181.01,2026-07-25T06:00:02Z
2026-08-02T03:00:37+08:00,11,1643750323,Chapter 11：Weird person-3,https://www.wattpad.com/1643750323-planet-phoenix-chapter-11%EF%BC%9Aweird-person-3,4,0,0,167.01,2026-07-25T20:00:02Z
2026-08-02T03:00:37+08:00,12,1643751148,Chapter 12：Homestead,https://www.wattpad.com/1643751148-planet-phoenix-chapter-12%EF%BC%9Ahomestead,0,0,0,153.01,2026-07-26T10:00:03Z
2026-08-02T03:00:37+08:00,13,1643843952,Chapter 13：Report anomalous individuals-1,https://www.wattpad.com/1643843952-planet-phoenix-chapter-13%EF%BC%9Areport-anomalous,2,0,0,139.01,2026-07-27T00:00:02Z
2026-08-02T03:00:37+08:00,14,1643844249,Chapter 14：Report anomalous individuals-2,https://www.wattpad.com/1643844249-planet-phoenix-chapter-14%EF%BC%9Areport-anomalous,2,0,0,125.01,2026-07-27T14:00:03Z
2026-08-02T03:00:37+08:00,15,1643844641,Chapter 15：Report anomalous individuals-3,https://www.wattpad.com/1643844641-planet-phoenix-chapter-15%EF%BC%9Areport-anomalous,1,0,0,111.01,2026-07-28T04:00:03Z
2026-08-02T03:00:37+08:00,16,1643845149,Chapter 16：The Journey of Common Sense-1,https://www.wattpad.com/1643845149-planet-phoenix-chapter-16%EF%BC%9Athe-journey-of-common,2,1,0,97.01,2026-07-28T18:00:03Z
2026-08-02T03:00:37+08:00,17,1643845633,Chapter 17：The Journey of Common Sense-2,https://www.wattpad.com/1643845633-planet-phoenix-chapter-17%EF%BC%9Athe-journey-of-common,1,0,0,83.01,2026-07-29T08:00:02Z
2026-08-02T03:00:37+08:00,18,1643845966,Chapter 18：The Journey of Common Sense-3,https://www.wattpad.com/1643845966-planet-phoenix-chapter-18%EF%BC%9Athe-journey-of-common,0,0,0,69.01,2026-07-29T22:00:02Z
2026-08-02T03:00:37+08:00,19,1643846464,"Chapter 19：Strictly Speaking, It is Cohabitation",https://www.wattpad.com/1643846464-planet-phoenix-chapter-19%EF%BC%9Astrictly-speaking-it-is,0,0,0,55.01,2026-07-30T12:00:02Z
2026-08-02T03:00:37+08:00,20,1643846919,Chapter 20：A Neighborhood Hiccup,https://www.wattpad.com/1643846919-planet-phoenix-chapter-20%EF%BC%9Aa-neighborhood-hiccup,0,0,0,41.01,2026-07-31T02:00:03Z
2026-08-02T03:00:37+08:00,21,1643848472,Chapter 21：Impromptu Shopping Trip,https://www.wattpad.com/1643848472-planet-phoenix-chapter-21%EF%BC%9Aimpromptu-shopping-trip,0,0,0,27.01,2026-07-31T16:00:03Z
2026-08-02T03:00:37+08:00,22,1643848845,Chapter 22：Palace,https://www.wattpad.com/1643848845-planet-phoenix-chapter-22%EF%BC%9Apalace,0,0,0,13.01,2026-08-01T06:00:02Z
2026-08-02T04:00:30+08:00,1,1643734560,Chapter 1 massive earthquake-1,https://www.wattpad.com/1643734560-planet-phoenix-chapter-1-massive-earthquake-1,15,0,0,308.01,2026-07-20T00:00:02Z
2026-08-02T04:00:30+08:00,2,1643743618,Chapter 2 massive earthquake-2,https://www.wattpad.com/1643743618-planet-phoenix-chapter-2-massive-earthquake-2,12,1,0,294.01,2026-07-20T14:00:02Z
2026-08-02T04:00:30+08:00,3,1643746352,Chapter 3 massive earthquake-3,https://www.wattpad.com/1643746352-planet-phoenix-chapter-3-massive-earthquake-3,5,0,0,280.01,2026-07-21T04:00:02Z
2026-08-02T04:00:30+08:00,4,1643746654,Chapter 4 massive earthquake-4,https://www.wattpad.com/1643746654-planet-phoenix-chapter-4-massive-earthquake-4,9,1,-1,266.01,2026-07-21T18:00:02Z
2026-08-02T04:00:30+08:00,5,1643747136,Chapter 5 Escape from death,https://www.wattpad.com/1643747136-planet-phoenix-chapter-5-escape-from-death,1,0,0,252.01,2026-07-22T08:00:03Z
2026-08-02T04:00:30+08:00,6,1643747955,Chapter 6：Interlude,https://www.wattpad.com/1643747955-planet-phoenix-chapter-6%EF%BC%9Ainterlude,7,0,0,238.01,2026-07-22T22:00:02Z
2026-08-02T04:00:30+08:00,7,1643748308,Chapter 7：The cabin in the forest,https://www.wattpad.com/1643748308-planet-phoenix-chapter-7%EF%BC%9Athe-cabin-in-the-forest,10,0,1,224.01,2026-07-23T12:00:02Z
2026-08-02T04:00:30+08:00,8,1643748909,Chapter 8：Weird person in the train,https://www.wattpad.com/1643748909-planet-phoenix-chapter-8%EF%BC%9Aweird-person-in-the-train,5,0,0,210.01,2026-07-24T02:00:02Z
2026-08-02T04:00:30+08:00,9,1643749360,Chapter 9：Weird person-1,https://www.wattpad.com/1643749360-planet-phoenix-chapter-9%EF%BC%9Aweird-person-1,1,0,0,196.01,2026-07-24T16:00:03Z
2026-08-02T04:00:30+08:00,10,1643749998,Chapter 10：Weird person-2,https://www.wattpad.com/1643749998-planet-phoenix-chapter-10%EF%BC%9Aweird-person-2,4,0,0,182.01,2026-07-25T06:00:02Z
2026-08-02T04:00:30+08:00,11,1643750323,Chapter 11：Weird person-3,https://www.wattpad.com/1643750323-planet-phoenix-chapter-11%EF%BC%9Aweird-person-3,4,0,0,168.01,2026-07-25T20:00:02Z
2026-08-02T04:00:30+08:00,12,1643751148,Chapter 12：Homestead,https://www.wattpad.com/1643751148-planet-phoenix-chapter-12%EF%BC%9Ahomestead,0,0,0,154.01,2026-07-26T10:00:03Z
2026-08-02T04:00:30+08:00,13,1643843952,Chapter 13：Report anomalous individuals-1,https://www.wattpad.com/1643843952-planet-phoenix-chapter-13%EF%BC%9Areport-anomalous,2,0,0,140.01,2026-07-27T00:00:02Z
2026-08-02T04:00:30+08:00,14,1643844249,Chapter 14：Report anomalous individuals-2,https://www.wattpad.com/1643844249-planet-phoenix-chapter-14%EF%BC%9Areport-anomalous,2,0,0,126.01,2026-07-27T14:00:03Z
2026-08-02T04:00:30+08:00,15,1643844641,Chapter 15：Report anomalous individuals-3,https://www.wattpad.com/1643844641-planet-phoenix-chapter-15%EF%BC%9Areport-anomalous,1,0,0,112.01,2026-07-28T04:00:03Z
2026-08-02T04:00:30+08:00,16,1643845149,Chapter 16：The Journey of Common Sense-1,https://www.wattpad.com/1643845149-planet-phoenix-chapter-16%EF%BC%9Athe-journey-of-common,2,1,0,98.01,2026-07-28T18:00:03Z
2026-08-02T04:00:30+08:00,17,1643845633,Chapter 17：The Journey of Common Sense-2,https://www.wattpad.com/1643845633-planet-phoenix-chapter-17%EF%BC%9Athe-journey-of-common,1,0,0,84.01,2026-07-29T08:00:02Z
2026-08-02T04:00:30+08:00,18,1643845966,Chapter 18：The Journey of Common Sense-3,https://www.wattpad.com/1643845966-planet-phoenix-chapter-18%EF%BC%9Athe-journey-of-common,0,0,0,70.01,2026-07-29T22:00:02Z
2026-08-02T04:00:30+08:00,19,1643846464,"Chapter 19：Strictly Speaking, It is Cohabitation",https://www.wattpad.com/1643846464-planet-phoenix-chapter-19%EF%BC%9Astrictly-speaking-it-is,0,0,0,56.01,2026-07-30T12:00:02Z
2026-08-02T04:00:30+08:00,20,1643846919,Chapter 20：A Neighborhood Hiccup,https://www.wattpad.com/1643846919-planet-phoenix-chapter-20%EF%BC%9Aa-neighborhood-hiccup,0,0,0,42.01,2026-07-31T02:00:03Z
2026-08-02T04:00:30+08:00,21,1643848472,Chapter 21：Impromptu Shopping Trip,https://www.wattpad.com/1643848472-planet-phoenix-chapter-21%EF%BC%9Aimpromptu-shopping-trip,0,0,0,28.01,2026-07-31T16:00:03Z
2026-08-02T04:00:30+08:00,22,1643848845,Chapter 22：Palace,https://www.wattpad.com/1643848845-planet-phoenix-chapter-22%EF%BC%9Apalace,0,0,0,14.01,2026-08-01T06:00:02Z
2026-08-02T04:00:30+08:00,23,1643849123,Chapter 23：Bay Bazzar Station,https://www.wattpad.com/1643849123-planet-phoenix-chapter-23%EF%BC%9Abay-bazzar-station,0,0,0,0.01,2026-08-01T20:00:05Z
2026-08-02T05:00:32+08:00,1,1643734560,Chapter 1 massive earthquake-1,https://www.wattpad.com/1643734560-planet-phoenix-chapter-1-massive-earthquake-1,15,0,0,309.01,2026-07-20T00:00:02Z
2026-08-02T05:00:32+08:00,2,1643743618,Chapter 2 massive earthquake-2,https://www.wattpad.com/1643743618-planet-phoenix-chapter-2-massive-earthquake-2,12,1,0,295.01,2026-07-20T14:00:02Z
2026-08-02T05:00:32+08:00,3,1643746352,Chapter 3 massive earthquake-3,https://www.wattpad.com/1643746352-planet-phoenix-chapter-3-massive-earthquake-3,5,0,0,281.01,2026-07-21T04:00:02Z
2026-08-02T05:00:32+08:00,4,1643746654,Chapter 4 massive earthquake-4,https://www.wattpad.com/1643746654-planet-phoenix-chapter-4-massive-earthquake-4,9,1,-1,267.01,2026-07-21T18:00:02Z
2026-08-02T05:00:32+08:00,5,1643747136,Chapter 5 Escape from death,https://www.wattpad.com/1643747136-planet-phoenix-chapter-5-escape-from-death,1,0,0,253.01,2026-07-22T08:00:03Z
2026-08-02T05:00:32+08:00,6,1643747955,Chapter 6：Interlude,https://www.wattpad.com/1643747955-planet-phoenix-chapter-6%EF%BC%9Ainterlude,7,0,0,239.01,2026-07-22T22:00:02Z
2026-08-02T05:00:32+08:00,7,1643748308,Chapter 7：The cabin in the forest,https://www.wattpad.com/1643748308-planet-phoenix-chapter-7%EF%BC%9Athe-cabin-in-the-forest,10,0,1,225.01,2026-07-23T12:00:02Z
2026-08-02T05:00:32+08:00,8,1643748909,Chapter 8：Weird person in the train,https://www.wattpad.com/1643748909-planet-phoenix-chapter-8%EF%BC%9Aweird-person-in-the-train,5,0,0,211.01,2026-07-24T02:00:02Z
2026-08-02T05:00:32+08:00,9,1643749360,Chapter 9：Weird person-1,https://www.wattpad.com/1643749360-planet-phoenix-chapter-9%EF%BC%9Aweird-person-1,1,0,0,197.01,2026-07-24T16:00:03Z
2026-08-02T05:00:32+08:00,10,1643749998,Chapter 10：Weird person-2,https://www.wattpad.com/1643749998-planet-phoenix-chapter-10%EF%BC%9Aweird-person-2,4,0,0,183.01,2026-07-25T06:00:02Z
2026-08-02T05:00:32+08:00,11,1643750323,Chapter 11：Weird person-3,https://www.wattpad.com/1643750323-planet-phoenix-chapter-11%EF%BC%9Aweird-person-3,4,0,0,169.01,2026-07-25T20:00:02Z
2026-08-02T05:00:32+08:00,12,1643751148,Chapter 12：Homestead,https://www.wattpad.com/1643751148-planet-phoenix-chapter-12%EF%BC%9Ahomestead,0,0,0,155.01,2026-07-26T10:00:03Z
2026-08-02T05:00:32+08:00,13,1643843952,Chapter 13：Report anomalous individuals-1,https://www.wattpad.com/1643843952-planet-phoenix-chapter-13%EF%BC%9Areport-anomalous,2,0,0,141.01,2026-07-27T00:00:02Z
2026-08-02T05:00:32+08:00,14,1643844249,Chapter 14：Report anomalous individuals-2,https://www.wattpad.com/1643844249-planet-phoenix-chapter-14%EF%BC%9Areport-anomalous,2,0,0,127.01,2026-07-27T14:00:03Z
2026-08-02T05:00:32+08:00,15,1643844641,Chapter 15：Report anomalous individuals-3,https://www.wattpad.com/1643844641-planet-phoenix-chapter-15%EF%BC%9Areport-anomalous,1,0,0,113.01,2026-07-28T04:00:03Z
2026-08-02T05:00:32+08:00,16,1643845149,Chapter 16：The Journey of Common Sense-1,https://www.wattpad.com/1643845149-planet-phoenix-chapter-16%EF%BC%9Athe-journey-of-common,2,1,0,99.01,2026-07-28T18:00:03Z
2026-08-02T05:00:32+08:00,17,1643845633,Chapter 17：The Journey of Common Sense-2,https://www.wattpad.com/1643845633-planet-phoenix-chapter-17%EF%BC%9Athe-journey-of-common,1,0,0,85.01,2026-07-29T08:00:02Z
2026-08-02T05:00:32+08:00,18,1643845966,Chapter 18：The Journey of Common Sense-3,https://www.wattpad.com/1643845966-planet-phoenix-chapter-18%EF%BC%9Athe-journey-of-common,0,0,0,71.01,2026-07-29T22:00:02Z
2026-08-02T05:00:32+08:00,19,1643846464,"Chapter 19：Strictly Speaking, It is Cohabitation",https://www.wattpad.com/1643846464-planet-phoenix-chapter-19%EF%BC%9Astrictly-speaking-it-is,0,0,0,57.01,2026-07-30T12:00:02Z
2026-08-02T05:00:32+08:00,20,1643846919,Chapter 20：A Neighborhood Hiccup,https://www.wattpad.com/1643846919-planet-phoenix-chapter-20%EF%BC%9Aa-neighborhood-hiccup,0,0,0,43.01,2026-07-31T02:00:03Z
2026-08-02T05:00:32+08:00,21,1643848472,Chapter 21：Impromptu Shopping Trip,https://www.wattpad.com/1643848472-planet-phoenix-chapter-21%EF%BC%9Aimpromptu-shopping-trip,0,0,0,29.01,2026-07-31T16:00:03Z
2026-08-02T05:00:32+08:00,22,1643848845,Chapter 22：Palace,https://www.wattpad.com/1643848845-planet-phoenix-chapter-22%EF%BC%9Apalace,0,0,0,15.01,2026-08-01T06:00:02Z
2026-08-02T05:00:32+08:00,23,1643849123,Chapter 23：Bay Bazzar Station,https://www.wattpad.com/1643849123-planet-phoenix-chapter-23%EF%BC%9Abay-bazzar-station,0,0,0,1.01,2026-08-01T20:00:05Z
2026-08-02T06:00:34+08:00,1,1643734560,Chapter 1 massive earthquake-1,https://www.wattpad.com/1643734560-planet-phoenix-chapter-1-massive-earthquake-1,15,0,0,310.01,2026-07-20T00:00:02Z
2026-08-02T06:00:34+08:00,2,1643743618,Chapter 2 massive earthquake-2,https://www.wattpad.com/1643743618-planet-phoenix-chapter-2-massive-earthquake-2,12,1,0,296.01,2026-07-20T14:00:02Z
2026-08-02T06:00:34+08:00,3,1643746352,Chapter 3 massive earthquake-3,https://www.wattpad.com/1643746352-planet-phoenix-chapter-3-massive-earthquake-3,5,0,0,282.01,2026-07-21T04:00:02Z
2026-08-02T06:00:34+08:00,4,1643746654,Chapter 4 massive earthquake-4,https://www.wattpad.com/1643746654-planet-phoenix-chapter-4-massive-earthquake-4,9,1,-1,268.01,2026-07-21T18:00:02Z
2026-08-02T06:00:34+08:00,5,1643747136,Chapter 5 Escape from death,https://www.wattpad.com/1643747136-planet-phoenix-chapter-5-escape-from-death,1,0,0,254.01,2026-07-22T08:00:03Z
2026-08-02T06:00:34+08:00,6,1643747955,Chapter 6：Interlude,https://www.wattpad.com/1643747955-planet-phoenix-chapter-6%EF%BC%9Ainterlude,7,0,0,240.01,2026-07-22T22:00:02Z
2026-08-02T06:00:34+08:00,7,1643748308,Chapter 7：The cabin in the forest,https://www.wattpad.com/1643748308-planet-phoenix-chapter-7%EF%BC%9Athe-cabin-in-the-forest,10,0,1,226.01,2026-07-23T12:00:02Z
2026-08-02T06:00:34+08:00,8,1643748909,Chapter 8：Weird person in the train,https://www.wattpad.com/1643748909-planet-phoenix-chapter-8%EF%BC%9Aweird-person-in-the-train,5,0,0,212.01,2026-07-24T02:00:02Z
2026-08-02T06:00:34+08:00,9,1643749360,Chapter 9：Weird person-1,https://www.wattpad.com/1643749360-planet-phoenix-chapter-9%EF%BC%9Aweird-person-1,1,0,0,198.01,2026-07-24T16:00:03Z
2026-08-02T06:00:34+08:00,10,1643749998,Chapter 10：Weird person-2,https://www.wattpad.com/1643749998-planet-phoenix-chapter-10%EF%BC%9Aweird-person-2,4,0,0,184.01,2026-07-25T06:00:02Z
2026-08-02T06:00:34+08:00,11,1643750323,Chapter 11：Weird person-3,https://www.wattpad.com/1643750323-planet-phoenix-chapter-11%EF%BC%9Aweird-person-3,4,0,0,170.01,2026-07-25T20:00:02Z
2026-08-02T06:00:34+08:00,12,1643751148,Chapter 12：Homestead,https://www.wattpad.com/1643751148-planet-phoenix-chapter-12%EF%BC%9Ahomestead,0,0,0,156.01,2026-07-26T10:00:03Z
2026-08-02T06:00:34+08:00,13,1643843952,Chapter 13：Report anomalous individuals-1,https://www.wattpad.com/1643843952-planet-phoenix-chapter-13%EF%BC%9Areport-anomalous,2,0,0,142.01,2026-07-27T00:00:02Z
2026-08-02T06:00:34+08:00,14,1643844249,Chapter 14：Report anomalous individuals-2,https://www.wattpad.com/1643844249-planet-phoenix-chapter-14%EF%BC%9Areport-anomalous,2,0,0,128.01,2026-07-27T14:00:03Z
2026-08-02T06:00:34+08:00,15,1643844641,Chapter 15：Report anomalous individuals-3,https://www.wattpad.com/1643844641-planet-phoenix-chapter-15%EF%BC%9Areport-anomalous,1,0,0,114.01,2026-07-28T04:00:03Z
2026-08-02T06:00:34+08:00,16,1643845149,Chapter 16：The Journey of Common Sense-1,https://www.wattpad.com/1643845149-planet-phoenix-chapter-16%EF%BC%9Athe-journey-of-common,2,1,0,100.01,2026-07-28T18:00:03Z
2026-08-02T06:00:34+08:00,17,1643845633,Chapter 17：The Journey of Common Sense-2,https://www.wattpad.com/1643845633-planet-phoenix-chapter-17%EF%BC%9Athe-journey-of-common,1,0,0,86.01,2026-07-29T08:00:02Z
2026-08-02T06:00:34+08:00,18,1643845966,Chapter 18：The Journey of Common Sense-3,https://www.wattpad.com/1643845966-planet-phoenix-chapter-18%EF%BC%9Athe-journey-of-common,0,0,0,72.01,2026-07-29T22:00:02Z
2026-08-02T06:00:34+08:00,19,1643846464,"Chapter 19：Strictly Speaking, It is Cohabitation",https://www.wattpad.com/1643846464-planet-phoenix-chapter-19%EF%BC%9Astrictly-speaking-it-is,0,0,0,58.01,2026-07-30T12:00:02Z
2026-08-02T06:00:34+08:00,20,1643846919,Chapter 20：A Neighborhood Hiccup,https://www.wattpad.com/1643846919-planet-phoenix-chapter-20%EF%BC%9Aa-neighborhood-hiccup,0,0,0,44.01,2026-07-31T02:00:03Z
2026-08-02T06:00:34+08:00,21,1643848472,Chapter 21：Impromptu Shopping Trip,https://www.wattpad.com/1643848472-planet-phoenix-chapter-21%EF%BC%9Aimpromptu-shopping-trip,0,0,0,30.01,2026-07-31T16:00:03Z
2026-08-02T06:00:34+08:00,22,1643848845,Chapter 22：Palace,https://www.wattpad.com/1643848845-planet-phoenix-chapter-22%EF%BC%9Apalace,0,0,0,16.01,2026-08-01T06:00:02Z
2026-08-02T06:00:34+08:00,23,1643849123,Chapter 23：Bay Bazzar Station,https://www.wattpad.com/1643849123-planet-phoenix-chapter-23%EF%BC%9Abay-bazzar-station,0,0,0,2.01,2026-08-01T20:00:05Z
2026-08-02T07:00:36+08:00,1,1643734560,Chapter 1 massive earthquake-1,https://www.wattpad.com/1643734560-planet-phoenix-chapter-1-massive-earthquake-1,15,0,0,311.01,2026-07-20T00:00:02Z
2026-08-02T07:00:36+08:00,2,1643743618,Chapter 2 massive earthquake-2,https://www.wattpad.com/1643743618-planet-phoenix-chapter-2-massive-earthquake-2,12,1,0,297.01,2026-07-20T14:00:02Z
2026-08-02T07:00:36+08:00,3,1643746352,Chapter 3 massive earthquake-3,https://www.wattpad.com/1643746352-planet-phoenix-chapter-3-massive-earthquake-3,5,0,0,283.01,2026-07-21T04:00:02Z
2026-08-02T07:00:36+08:00,4,1643746654,Chapter 4 massive earthquake-4,https://www.wattpad.com/1643746654-planet-phoenix-chapter-4-massive-earthquake-4,9,1,-1,269.01,2026-07-21T18:00:02Z
2026-08-02T07:00:36+08:00,5,1643747136,Chapter 5 Escape from death,https://www.wattpad.com/1643747136-planet-phoenix-chapter-5-escape-from-death,1,0,0,255.01,2026-07-22T08:00:03Z
2026-08-02T07:00:36+08:00,6,1643747955,Chapter 6：Interlude,https://www.wattpad.com/1643747955-planet-phoenix-chapter-6%EF%BC%9Ainterlude,7,0,0,241.01,2026-07-22T22:00:02Z
2026-08-02T07:00:36+08:00,7,1643748308,Chapter 7：The cabin in the forest,https://www.wattpad.com/1643748308-planet-phoenix-chapter-7%EF%BC%9Athe-cabin-in-the-forest,10,0,1,227.01,2026-07-23T12:00:02Z
2026-08-02T07:00:36+08:00,8,1643748909,Chapter 8：Weird person in the train,https://www.wattpad.com/1643748909-planet-phoenix-chapter-8%EF%BC%9Aweird-person-in-the-train,5,0,0,213.01,2026-07-24T02:00:02Z
2026-08-02T07:00:36+08:00,9,1643749360,Chapter 9：Weird person-1,https://www.wattpad.com/1643749360-planet-phoenix-chapter-9%EF%BC%9Aweird-person-1,1,0,0,199.01,2026-07-24T16:00:03Z
2026-08-02T07:00:36+08:00,10,1643749998,Chapter 10：Weird person-2,https://www.wattpad.com/1643749998-planet-phoenix-chapter-10%EF%BC%9Aweird-person-2,4,0,0,185.01,2026-07-25T06:00:02Z
2026-08-02T07:00:36+08:00,11,1643750323,Chapter 11：Weird person-3,https://www.wattpad.com/1643750323-planet-phoenix-chapter-11%EF%BC%9Aweird-person-3,4,0,0,171.01,2026-07-25T20:00:02Z
2026-08-02T07:00:36+08:00,12,1643751148,Chapter 12：Homestead,https://www.wattpad.com/1643751148-planet-phoenix-chapter-12%EF%BC%9Ahomestead,0,0,0,157.01,2026-07-26T10:00:03Z
2026-08-02T07:00:36+08:00,13,1643843952,Chapter 13：Report anomalous individuals-1,https://www.wattpad.com/1643843952-planet-phoenix-chapter-13%EF%BC%9Areport-anomalous,2,0,0,143.01,2026-07-27T00:00:02Z
2026-08-02T07:00:36+08:00,14,1643844249,Chapter 14：Report anomalous individuals-2,https://www.wattpad.com/1643844249-planet-phoenix-chapter-14%EF%BC%9Areport-anomalous,2,0,0,129.01,2026-07-27T14:00:03Z
2026-08-02T07:00:36+08:00,15,1643844641,Chapter 15：Report anomalous individuals-3,https://www.wattpad.com/1643844641-planet-phoenix-chapter-15%EF%BC%9Areport-anomalous,1,0,0,115.01,2026-07-28T04:00:03Z
2026-08-02T07:00:36+08:00,16,1643845149,Chapter 16：The Journey of Common Sense-1,https://www.wattpad.com/1643845149-planet-phoenix-chapter-16%EF%BC%9Athe-journey-of-common,2,1,0,101.01,2026-07-28T18:00:03Z
2026-08-02T07:00:36+08:00,17,1643845633,Chapter 17：The Journey of Common Sense-2,https://www.wattpad.com/1643845633-planet-phoenix-chapter-17%EF%BC%9Athe-journey-of-common,1,0,0,87.01,2026-07-29T08:00:02Z
2026-08-02T07:00:36+08:00,18,1643845966,Chapter 18：The Journey of Common Sense-3,https://www.wattpad.com/1643845966-planet-phoenix-chapter-18%EF%BC%9Athe-journey-of-common,0,0,0,73.01,2026-07-29T22:00:02Z
2026-08-02T07:00:36+08:00,19,1643846464,"Chapter 19：Strictly Speaking, It is Cohabitation",https://www.wattpad.com/1643846464-planet-phoenix-chapter-19%EF%BC%9Astrictly-speaking-it-is,0,0,0,59.01,2026-07-30T12:00:02Z
2026-08-02T07:00:36+08:00,20,1643846919,Chapter 20：A Neighborhood Hiccup,https://www.wattpad.com/1643846919-planet-phoenix-chapter-20%EF%BC%9Aa-neighborhood-hiccup,0,0,0,45.01,2026-07-31T02:00:03Z
2026-08-02T07:00:36+08:00,21,1643848472,Chapter 21：Impromptu Shopping Trip,https://www.wattpad.com/1643848472-planet-phoenix-chapter-21%EF%BC%9Aimpromptu-shopping-trip,0,0,0,31.01,2026-07-31T16:00:03Z
2026-08-02T07:00:36+08:00,22,1643848845,Chapter 22：Palace,https://www.wattpad.com/1643848845-planet-phoenix-chapter-22%EF%BC%9Apalace,0,0,0,17.01,2026-08-01T06:00:02Z
2026-08-02T07:00:36+08:00,23,1643849123,Chapter 23：Bay Bazzar Station,https://www.wattpad.com/1643849123-planet-phoenix-chapter-23%EF%BC%9Abay-bazzar-station,1,0,1,3.01,2026-08-01T20:00:05Z
2026-08-02T08:00:33+08:00,1,1643734560,Chapter 1 massive earthquake-1,https://www.wattpad.com/1643734560-planet-phoenix-chapter-1-massive-earthquake-1,15,0,0,312.01,2026-07-20T00:00:02Z
2026-08-02T08:00:33+08:00,2,1643743618,Chapter 2 massive earthquake-2,https://www.wattpad.com/1643743618-planet-phoenix-chapter-2-massive-earthquake-2,12,1,0,298.01,2026-07-20T14:00:02Z
2026-08-02T08:00:33+08:00,3,1643746352,Chapter 3 massive earthquake-3,https://www.wattpad.com/1643746352-planet-phoenix-chapter-3-massive-earthquake-3,5,0,0,284.01,2026-07-21T04:00:02Z
2026-08-02T08:00:33+08:00,4,1643746654,Chapter 4 massive earthquake-4,https://www.wattpad.com/1643746654-planet-phoenix-chapter-4-massive-earthquake-4,9,1,-1,270.01,2026-07-21T18:00:02Z
2026-08-02T08:00:33+08:00,5,1643747136,Chapter 5 Escape from death,https://www.wattpad.com/1643747136-planet-phoenix-chapter-5-escape-from-death,1,0,0,256.01,2026-07-22T08:00:03Z
2026-08-02T08:00:33+08:00,6,1643747955,Chapter 6：Interlude,https://www.wattpad.com/1643747955-planet-phoenix-chapter-6%EF%BC%9Ainterlude,7,0,0,242.01,2026-07-22T22:00:02Z
2026-08-02T08:00:33+08:00,7,1643748308,Chapter 7：The cabin in the forest,https://www.wattpad.com/1643748308-planet-phoenix-chapter-7%EF%BC%9Athe-cabin-in-the-forest,10,0,1,228.01,2026-07-23T12:00:02Z
2026-08-02T08:00:33+08:00,8,1643748909,Chapter 8：Weird person in the train,https://www.wattpad.com/1643748909-planet-phoenix-chapter-8%EF%BC%9Aweird-person-in-the-train,6,0,1,214.01,2026-07-24T02:00:02Z
2026-08-02T08:00:33+08:00,9,1643749360,Chapter 9：Weird person-1,https://www.wattpad.com/1643749360-planet-phoenix-chapter-9%EF%BC%9Aweird-person-1,1,0,0,200.01,2026-07-24T16:00:03Z
2026-08-02T08:00:33+08:00,10,1643749998,Chapter 10：Weird person-2,https://www.wattpad.com/1643749998-planet-phoenix-chapter-10%EF%BC%9Aweird-person-2,4,0,0,186.01,2026-07-25T06:00:02Z
2026-08-02T08:00:33+08:00,11,1643750323,Chapter 11：Weird person-3,https://www.wattpad.com/1643750323-planet-phoenix-chapter-11%EF%BC%9Aweird-person-3,4,0,0,172.01,2026-07-25T20:00:02Z
2026-08-02T08:00:33+08:00,12,1643751148,Chapter 12：Homestead,https://www.wattpad.com/1643751148-planet-phoenix-chapter-12%EF%BC%9Ahomestead,0,0,0,158.01,2026-07-26T10:00:03Z
2026-08-02T08:00:33+08:00,13,1643843952,Chapter 13：Report anomalous individuals-1,https://www.wattpad.com/1643843952-planet-phoenix-chapter-13%EF%BC%9Areport-anomalous,2,0,0,144.01,2026-07-27T00:00:02Z
2026-08-02T08:00:33+08:00,14,1643844249,Chapter 14：Report anomalous individuals-2,https://www.wattpad.com/1643844249-planet-phoenix-chapter-14%EF%BC%9Areport-anomalous,2,0,0,130.01,2026-07-27T14:00:03Z
2026-08-02T08:00:33+08:00,15,1643844641,Chapter 15：Report anomalous individuals-3,https://www.wattpad.com/1643844641-planet-phoenix-chapter-15%EF%BC%9Areport-anomalous,1,0,0,116.01,2026-07-28T04:00:03Z
2026-08-02T08:00:33+08:00,16,1643845149,Chapter 16：The Journey of Common Sense-1,https://www.wattpad.com/1643845149-planet-phoenix-chapter-16%EF%BC%9Athe-journey-of-common,2,1,0,102.01,2026-07-28T18:00:03Z
2026-08-02T08:00:33+08:00,17,1643845633,Chapter 17：The Journey of Common Sense-2,https://www.wattpad.com/1643845633-planet-phoenix-chapter-17%EF%BC%9Athe-journey-of-common,1,0,0,88.01,2026-07-29T08:00:02Z
2026-08-02T08:00:33+08:00,18,1643845966,Chapter 18：The Journey of Common Sense-3,https://www.wattpad.com/1643845966-planet-phoenix-chapter-18%EF%BC%9Athe-journey-of-common,0,0,0,74.01,2026-07-29T22:00:02Z
2026-08-02T08:00:33+08:00,19,1643846464,"Chapter 19：Strictly Speaking, It is Cohabitation",https://www.wattpad.com/1643846464-planet-phoenix-chapter-19%EF%BC%9Astrictly-speaking-it-is,0,0,0,60.01,2026-07-30T12:00:02Z
2026-08-02T08:00:33+08:00,20,1643846919,Chapter 20：A Neighborhood Hiccup,https://www.wattpad.com/1643846919-planet-phoenix-chapter-20%EF%BC%9Aa-neighborhood-hiccup,0,0,0,46.01,2026-07-31T02:00:03Z
2026-08-02T08:00:33+08:00,21,1643848472,Chapter 21：Impromptu Shopping Trip,https://www.wattpad.com/1643848472-planet-phoenix-chapter-21%EF%BC%9Aimpromptu-shopping-trip,0,0,0,32.01,2026-07-31T16:00:03Z
2026-08-02T08:00:33+08:00,22,1643848845,Chapter 22：Palace,https://www.wattpad.com/1643848845-planet-phoenix-chapter-22%EF%BC%9Apalace,0,0,0,18.01,2026-08-01T06:00:02Z
2026-08-02T08:00:33+08:00,23,1643849123,Chapter 23：Bay Bazzar Station,https://www.wattpad.com/1643849123-planet-phoenix-chapter-23%EF%BC%9Abay-bazzar-station,2,0,1,4.01,2026-08-01T20:00:05Z
2026-08-02T09:00:32+08:00,1,1643734560,Chapter 1 massive earthquake-1,https://www.wattpad.com/1643734560-planet-phoenix-chapter-1-massive-earthquake-1,15,0,0,313.01,2026-07-20T00:00:02Z
2026-08-02T09:00:32+08:00,2,1643743618,Chapter 2 massive earthquake-2,https://www.wattpad.com/1643743618-planet-phoenix-chapter-2-massive-earthquake-2,12,1,0,299.01,2026-07-20T14:00:02Z
2026-08-02T09:00:32+08:00,3,1643746352,Chapter 3 massive earthquake-3,https://www.wattpad.com/1643746352-planet-phoenix-chapter-3-massive-earthquake-3,5,0,0,285.01,2026-07-21T04:00:02Z
2026-08-02T09:00:32+08:00,4,1643746654,Chapter 4 massive earthquake-4,https://www.wattpad.com/1643746654-planet-phoenix-chapter-4-massive-earthquake-4,9,1,-1,271.01,2026-07-21T18:00:02Z
2026-08-02T09:00:32+08:00,5,1643747136,Chapter 5 Escape from death,https://www.wattpad.com/1643747136-planet-phoenix-chapter-5-escape-from-death,1,0,0,257.01,2026-07-22T08:00:03Z
2026-08-02T09:00:32+08:00,6,1643747955,Chapter 6：Interlude,https://www.wattpad.com/1643747955-planet-phoenix-chapter-6%EF%BC%9Ainterlude,7,0,0,243.01,2026-07-22T22:00:02Z
2026-08-02T09:00:32+08:00,7,1643748308,Chapter 7：The cabin in the forest,https://www.wattpad.com/1643748308-planet-phoenix-chapter-7%EF%BC%9Athe-cabin-in-the-forest,10,0,1,229.01,2026-07-23T12:00:02Z
2026-08-02T09:00:32+08:00,8,1643748909,Chapter 8：Weird person in the train,https://www.wattpad.com/1643748909-planet-phoenix-chapter-8%EF%BC%9Aweird-person-in-the-train,6,0,1,215.01,2026-07-24T02:00:02Z
2026-08-02T09:00:32+08:00,9,1643749360,Chapter 9：Weird person-1,https://www.wattpad.com/1643749360-planet-phoenix-chapter-9%EF%BC%9Aweird-person-1,1,0,0,201.01,2026-07-24T16:00:03Z
2026-08-02T09:00:32+08:00,10,1643749998,Chapter 10：Weird person-2,https://www.wattpad.com/1643749998-planet-phoenix-chapter-10%EF%BC%9Aweird-person-2,4,0,0,187.01,2026-07-25T06:00:02Z
2026-08-02T09:00:32+08:00,11,1643750323,Chapter 11：Weird person-3,https://www.wattpad.com/1643750323-planet-phoenix-chapter-11%EF%BC%9Aweird-person-3,4,0,0,173.01,2026-07-25T20:00:02Z
2026-08-02T09:00:32+08:00,12,1643751148,Chapter 12：Homestead,https://www.wattpad.com/1643751148-planet-phoenix-chapter-12%EF%BC%9Ahomestead,0,0,0,159.01,2026-07-26T10:00:03Z
2026-08-02T09:00:32+08:00,13,1643843952,Chapter 13：Report anomalous individuals-1,https://www.wattpad.com/1643843952-planet-phoenix-chapter-13%EF%BC%9Areport-anomalous,2,0,0,145.01,2026-07-27T00:00:02Z
2026-08-02T09:00:32+08:00,14,1643844249,Chapter 14：Report anomalous individuals-2,https://www.wattpad.com/1643844249-planet-phoenix-chapter-14%EF%BC%9Areport-anomalous,2,0,0,131.01,2026-07-27T14:00:03Z
2026-08-02T09:00:32+08:00,15,1643844641,Chapter 15：Report anomalous individuals-3,https://www.wattpad.com/1643844641-planet-phoenix-chapter-15%EF%BC%9Areport-anomalous,1,0,0,117.01,2026-07-28T04:00:03Z
2026-08-02T09:00:32+08:00,16,1643845149,Chapter 16：The Journey of Common Sense-1,https://www.wattpad.com/1643845149-planet-phoenix-chapter-16%EF%BC%9Athe-journey-of-common,2,1,0,103.01,2026-07-28T18:00:03Z
2026-08-02T09:00:32+08:00,17,1643845633,Chapter 17：The Journey of Common Sense-2,https://www.wattpad.com/1643845633-planet-phoenix-chapter-17%EF%BC%9Athe-journey-of-common,1,0,0,89.01,2026-07-29T08:00:02Z
2026-08-02T09:00:32+08:00,18,1643845966,Chapter 18：The Journey of Common Sense-3,https://www.wattpad.com/1643845966-planet-phoenix-chapter-18%EF%BC%9Athe-journey-of-common,0,0,0,75.01,2026-07-29T22:00:02Z
2026-08-02T09:00:32+08:00,19,1643846464,"Chapter 19：Strictly Speaking, It is Cohabitation",https://www.wattpad.com/1643846464-planet-phoenix-chapter-19%EF%BC%9Astrictly-speaking-it-is,0,0,0,61.01,2026-07-30T12:00:02Z
2026-08-02T09:00:32+08:00,20,1643846919,Chapter 20：A Neighborhood Hiccup,https://www.wattpad.com/1643846919-planet-phoenix-chapter-20%EF%BC%9Aa-neighborhood-hiccup,0,0,0,47.01,2026-07-31T02:00:03Z
2026-08-02T09:00:32+08:00,21,1643848472,Chapter 21：Impromptu Shopping Trip,https://www.wattpad.com/1643848472-planet-phoenix-chapter-21%EF%BC%9Aimpromptu-shopping-trip,0,0,0,33.01,2026-07-31T16:00:03Z
2026-08-02T09:00:32+08:00,22,1643848845,Chapter 22：Palace,https://www.wattpad.com/1643848845-planet-phoenix-chapter-22%EF%BC%9Apalace,0,0,0,19.01,2026-08-01T06:00:02Z
2026-08-02T09:00:32+08:00,23,1643849123,Chapter 23：Bay Bazzar Station,https://www.wattpad.com/1643849123-planet-phoenix-chapter-23%EF%BC%9Abay-bazzar-station,2,0,1,5.01,2026-08-01T20:00:05Z
2026-08-02T10:00:28+08:00,1,1643734560,Chapter 1 massive earthquake-1,https://www.wattpad.com/1643734560-planet-phoenix-chapter-1-massive-earthquake-1,15,0,0,314.01,2026-07-20T00:00:02Z
2026-08-02T10:00:28+08:00,2,1643743618,Chapter 2 massive earthquake-2,https://www.wattpad.com/1643743618-planet-phoenix-chapter-2-massive-earthquake-2,12,1,0,300.01,2026-07-20T14:00:02Z
2026-08-02T10:00:28+08:00,3,1643746352,Chapter 3 massive earthquake-3,https://www.wattpad.com/1643746352-planet-phoenix-chapter-3-massive-earthquake-3,5,0,0,286.01,2026-07-21T04:00:02Z
2026-08-02T10:00:28+08:00,4,1643746654,Chapter 4 massive earthquake-4,https://www.wattpad.com/1643746654-planet-phoenix-chapter-4-massive-earthquake-4,9,1,-1,272.01,2026-07-21T18:00:02Z
2026-08-02T10:00:28+08:00,5,1643747136,Chapter 5 Escape from death,https://www.wattpad.com/1643747136-planet-phoenix-chapter-5-escape-from-death,1,0,0,258.01,2026-07-22T08:00:03Z
2026-08-02T10:00:28+08:00,6,1643747955,Chapter 6：Interlude,https://www.wattpad.com/1643747955-planet-phoenix-chapter-6%EF%BC%9Ainterlude,7,0,0,244.01,2026-07-22T22:00:02Z
2026-08-02T10:00:28+08:00,7,1643748308,Chapter 7：The cabin in the forest,https://www.wattpad.com/1643748308-planet-phoenix-chapter-7%EF%BC%9Athe-cabin-in-the-forest,10,0,1,230.01,2026-07-23T12:00:02Z
2026-08-02T10:00:28+08:00,8,1643748909,Chapter 8：Weird person in the train,https://www.wattpad.com/1643748909-planet-phoenix-chapter-8%EF%BC%9Aweird-person-in-the-train,7,0,1,216.01,2026-07-24T02:00:02Z
2026-08-02T10:00:28+08:00,9,1643749360,Chapter 9：Weird person-1,https://www.wattpad.com/1643749360-planet-phoenix-chapter-9%EF%BC%9Aweird-person-1,1,0,0,202.01,2026-07-24T16:00:03Z
2026-08-02T10:00:28+08:00,10,1643749998,Chapter 10：Weird person-2,https://www.wattpad.com/1643749998-planet-phoenix-chapter-10%EF%BC%9Aweird-person-2,4,0,0,188.01,2026-07-25T06:00:02Z
2026-08-02T10:00:28+08:00,11,1643750323,Chapter 11：Weird person-3,https://www.wattpad.com/1643750323-planet-phoenix-chapter-11%EF%BC%9Aweird-person-3,4,0,0,174.01,2026-07-25T20:00:02Z
2026-08-02T10:00:28+08:00,12,1643751148,Chapter 12：Homestead,https://www.wattpad.com/1643751148-planet-phoenix-chapter-12%EF%BC%9Ahomestead,0,0,0,160.01,2026-07-26T10:00:03Z
2026-08-02T10:00:28+08:00,13,1643843952,Chapter 13：Report anomalous individuals-1,https://www.wattpad.com/1643843952-planet-phoenix-chapter-13%EF%BC%9Areport-anomalous,2,0,0,146.01,2026-07-27T00:00:02Z
2026-08-02T10:00:28+08:00,14,1643844249,Chapter 14：Report anomalous individuals-2,https://www.wattpad.com/1643844249-planet-phoenix-chapter-14%EF%BC%9Areport-anomalous,2,0,0,132.01,2026-07-27T14:00:03Z
2026-08-02T10:00:28+08:00,15,1643844641,Chapter 15：Report anomalous individuals-3,https://www.wattpad.com/1643844641-planet-phoenix-chapter-15%EF%BC%9Areport-anomalous,1,0,0,118.01,2026-07-28T04:00:03Z
2026-08-02T10:00:28+08:00,16,1643845149,Chapter 16：The Journey of Common Sense-1,https://www.wattpad.com/1643845149-planet-phoenix-chapter-16%EF%BC%9Athe-journey-of-common,2,1,0,104.01,2026-07-28T18:00:03Z
2026-08-02T10:00:28+08:00,17,1643845633,Chapter 17：The Journey of Common Sense-2,https://www.wattpad.com/1643845633-planet-phoenix-chapter-17%EF%BC%9Athe-journey-of-common,1,0,0,90.01,2026-07-29T08:00:02Z
2026-08-02T10:00:28+08:00,18,1643845966,Chapter 18：The Journey of Common Sense-3,https://www.wattpad.com/1643845966-planet-phoenix-chapter-18%EF%BC%9Athe-journey-of-common,0,0,0,76.01,2026-07-29T22:00:02Z
2026-08-02T10:00:28+08:00,19,1643846464,"Chapter 19：Strictly Speaking, It is Cohabitation",https://www.wattpad.com/1643846464-planet-phoenix-chapter-19%EF%BC%9Astrictly-speaking-it-is,0,0,0,62.01,2026-07-30T12:00:02Z
2026-08-02T10:00:28+08:00,20,1643846919,Chapter 20：A Neighborhood Hiccup,https://www.wattpad.com/1643846919-planet-phoenix-chapter-20%EF%BC%9Aa-neighborhood-hiccup,0,0,0,48.01,2026-07-31T02:00:03Z
2026-08-02T10:00:28+08:00,21,1643848472,Chapter 21：Impromptu Shopping Trip,https://www.wattpad.com/1643848472-planet-phoenix-chapter-21%EF%BC%9Aimpromptu-shopping-trip,0,0,0,34.01,2026-07-31T16:00:03Z
2026-08-02T10:00:28+08:00,22,1643848845,Chapter 22：Palace,https://www.wattpad.com/1643848845-planet-phoenix-chapter-22%EF%BC%9Apalace,0,0,0,20.01,2026-08-01T06:00:02Z
2026-08-02T10:00:28+08:00,23,1643849123,Chapter 23：Bay Bazzar Station,https://www.wattpad.com/1643849123-planet-phoenix-chapter-23%EF%BC%9Abay-bazzar-station,3,0,2,6.01,2026-08-01T20:00:05Z
2026-08-02T11:00:31+08:00,1,1643734560,Chapter 1 massive earthquake-1,https://www.wattpad.com/1643734560-planet-phoenix-chapter-1-massive-earthquake-1,15,0,0,315.01,2026-07-20T00:00:02Z
2026-08-02T11:00:31+08:00,2,1643743618,Chapter 2 massive earthquake-2,https://www.wattpad.com/1643743618-planet-phoenix-chapter-2-massive-earthquake-2,12,1,0,301.01,2026-07-20T14:00:02Z
2026-08-02T11:00:31+08:00,3,1643746352,Chapter 3 massive earthquake-3,https://www.wattpad.com/1643746352-planet-phoenix-chapter-3-massive-earthquake-3,5,0,0,287.01,2026-07-21T04:00:02Z
2026-08-02T11:00:31+08:00,4,1643746654,Chapter 4 massive earthquake-4,https://www.wattpad.com/1643746654-planet-phoenix-chapter-4-massive-earthquake-4,9,1,-1,273.01,2026-07-21T18:00:02Z
2026-08-02T11:00:31+08:00,5,1643747136,Chapter 5 Escape from death,https://www.wattpad.com/1643747136-planet-phoenix-chapter-5-escape-from-death,1,0,0,259.01,2026-07-22T08:00:03Z
2026-08-02T11:00:31+08:00,6,1643747955,Chapter 6：Interlude,https://www.wattpad.com/1643747955-planet-phoenix-chapter-6%EF%BC%9Ainterlude,7,0,0,245.01,2026-07-22T22:00:02Z
2026-08-02T11:00:31+08:00,7,1643748308,Chapter 7：The cabin in the forest,https://www.wattpad.com/1643748308-planet-phoenix-chapter-7%EF%BC%9Athe-cabin-in-the-forest,10,0,1,231.01,2026-07-23T12:00:02Z
2026-08-02T11:00:31+08:00,8,1643748909,Chapter 8：Weird person in the train,https://www.wattpad.com/1643748909-planet-phoenix-chapter-8%EF%BC%9Aweird-person-in-the-train,7,0,1,217.01,2026-07-24T02:00:02Z
2026-08-02T11:00:31+08:00,9,1643749360,Chapter 9：Weird person-1,https://www.wattpad.com/1643749360-planet-phoenix-chapter-9%EF%BC%9Aweird-person-1,1,0,0,203.01,2026-07-24T16:00:03Z
2026-08-02T11:00:31+08:00,10,1643749998,Chapter 10：Weird person-2,https://www.wattpad.com/1643749998-planet-phoenix-chapter-10%EF%BC%9Aweird-person-2,4,0,0,189.01,2026-07-25T06:00:02Z
2026-08-02T11:00:31+08:00,11,1643750323,Chapter 11：Weird person-3,https://www.wattpad.com/1643750323-planet-phoenix-chapter-11%EF%BC%9Aweird-person-3,4,0,0,175.01,2026-07-25T20:00:02Z
2026-08-02T11:00:31+08:00,12,1643751148,Chapter 12：Homestead,https://www.wattpad.com/1643751148-planet-phoenix-chapter-12%EF%BC%9Ahomestead,0,0,0,161.01,2026-07-26T10:00:03Z
2026-08-02T11:00:31+08:00,13,1643843952,Chapter 13：Report anomalous individuals-1,https://www.wattpad.com/1643843952-planet-phoenix-chapter-13%EF%BC%9Areport-anomalous,2,0,0,147.01,2026-07-27T00:00:02Z
2026-08-02T11:00:31+08:00,14,1643844249,Chapter 14：Report anomalous individuals-2,https://www.wattpad.com/1643844249-planet-phoenix-chapter-14%EF%BC%9Areport-anomalous,2,0,0,133.01,2026-07-27T14:00:03Z
2026-08-02T11:00:31+08:00,15,1643844641,Chapter 15：Report anomalous individuals-3,https://www.wattpad.com/1643844641-planet-phoenix-chapter-15%EF%BC%9Areport-anomalous,1,0,0,119.01,2026-07-28T04:00:03Z
2026-08-02T11:00:31+08:00,16,1643845149,Chapter 16：The Journey of Common Sense-1,https://www.wattpad.com/1643845149-planet-phoenix-chapter-16%EF%BC%9Athe-journey-of-common,2,1,0,105.01,2026-07-28T18:00:03Z
2026-08-02T11:00:31+08:00,17,1643845633,Chapter 17：The Journey of Common Sense-2,https://www.wattpad.com/1643845633-planet-phoenix-chapter-17%EF%BC%9Athe-journey-of-common,1,0,0,91.01,2026-07-29T08:00:02Z
2026-08-02T11:00:31+08:00,18,1643845966,Chapter 18：The Journey of Common Sense-3,https://www.wattpad.com/1643845966-planet-phoenix-chapter-18%EF%BC%9Athe-journey-of-common,0,0,0,77.01,2026-07-29T22:00:02Z
2026-08-02T11:00:31+08:00,19,1643846464,"Chapter 19：Strictly Speaking, It is Cohabitation",https://www.wattpad.com/1643846464-planet-phoenix-chapter-19%EF%BC%9Astrictly-speaking-it-is,0,0,0,63.01,2026-07-30T12:00:02Z
2026-08-02T11:00:31+08:00,20,1643846919,Chapter 20：A Neighborhood Hiccup,https://www.wattpad.com/1643846919-planet-phoenix-chapter-20%EF%BC%9Aa-neighborhood-hiccup,0,0,0,49.01,2026-07-31T02:00:03Z
2026-08-02T11:00:31+08:00,21,1643848472,Chapter 21：Impromptu Shopping Trip,https://www.wattpad.com/1643848472-planet-phoenix-chapter-21%EF%BC%9Aimpromptu-shopping-trip,0,0,0,35.01,2026-07-31T16:00:03Z
2026-08-02T11:00:31+08:00,22,1643848845,Chapter 22：Palace,https://www.wattpad.com/1643848845-planet-phoenix-chapter-22%EF%BC%9Apalace,0,0,0,21.01,2026-08-01T06:00:02Z
2026-08-02T11:00:31+08:00,23,1643849123,Chapter 23：Bay Bazzar Station,https://www.wattpad.com/1643849123-planet-phoenix-chapter-23%EF%BC%9Abay-bazzar-station,4,0,2,7.01,2026-08-01T20:00:05Z
2026-08-02T12:00:35+08:00,1,1643734560,Chapter 1 massive earthquake-1,https://www.wattpad.com/1643734560-planet-phoenix-chapter-1-massive-earthquake-1,15,0,0,316.01,2026-07-20T00:00:02Z
2026-08-02T12:00:35+08:00,2,1643743618,Chapter 2 massive earthquake-2,https://www.wattpad.com/1643743618-planet-phoenix-chapter-2-massive-earthquake-2,12,1,0,302.01,2026-07-20T14:00:02Z
2026-08-02T12:00:35+08:00,3,1643746352,Chapter 3 massive earthquake-3,https://www.wattpad.com/1643746352-planet-phoenix-chapter-3-massive-earthquake-3,5,0,0,288.01,2026-07-21T04:00:02Z
2026-08-02T12:00:35+08:00,4,1643746654,Chapter 4 massive earthquake-4,https://www.wattpad.com/1643746654-planet-phoenix-chapter-4-massive-earthquake-4,9,1,-1,274.01,2026-07-21T18:00:02Z
2026-08-02T12:00:35+08:00,5,1643747136,Chapter 5 Escape from death,https://www.wattpad.com/1643747136-planet-phoenix-chapter-5-escape-from-death,1,0,0,260.01,2026-07-22T08:00:03Z
2026-08-02T12:00:35+08:00,6,1643747955,Chapter 6：Interlude,https://www.wattpad.com/1643747955-planet-phoenix-chapter-6%EF%BC%9Ainterlude,7,0,0,246.01,2026-07-22T22:00:02Z
2026-08-02T12:00:35+08:00,7,1643748308,Chapter 7：The cabin in the forest,https://www.wattpad.com/1643748308-planet-phoenix-chapter-7%EF%BC%9Athe-cabin-in-the-forest,10,0,1,232.01,2026-07-23T12:00:02Z
2026-08-02T12:00:35+08:00,8,1643748909,Chapter 8：Weird person in the train,https://www.wattpad.com/1643748909-planet-phoenix-chapter-8%EF%BC%9Aweird-person-in-the-train,7,0,1,218.01,2026-07-24T02:00:02Z
2026-08-02T12:00:35+08:00,9,1643749360,Chapter 9：Weird person-1,https://www.wattpad.com/1643749360-planet-phoenix-chapter-9%EF%BC%9Aweird-person-1,1,0,0,204.01,2026-07-24T16:00:03Z
2026-08-02T12:00:35+08:00,10,1643749998,Chapter 10：Weird person-2,https://www.wattpad.com/1643749998-planet-phoenix-chapter-10%EF%BC%9Aweird-person-2,4,0,0,190.01,2026-07-25T06:00:02Z
2026-08-02T12:00:35+08:00,11,1643750323,Chapter 11：Weird person-3,https://www.wattpad.com/1643750323-planet-phoenix-chapter-11%EF%BC%9Aweird-person-3,4,0,0,176.01,2026-07-25T20:00:02Z
2026-08-02T12:00:35+08:00,12,1643751148,Chapter 12：Homestead,https://www.wattpad.com/1643751148-planet-phoenix-chapter-12%EF%BC%9Ahomestead,0,0,0,162.01,2026-07-26T10:00:03Z
2026-08-02T12:00:35+08:00,13,1643843952,Chapter 13：Report anomalous individuals-1,https://www.wattpad.com/1643843952-planet-phoenix-chapter-13%EF%BC%9Areport-anomalous,2,0,0,148.01,2026-07-27T00:00:02Z
2026-08-02T12:00:35+08:00,14,1643844249,Chapter 14：Report anomalous individuals-2,https://www.wattpad.com/1643844249-planet-phoenix-chapter-14%EF%BC%9Areport-anomalous,2,0,0,134.01,2026-07-27T14:00:03Z
2026-08-02T12:00:35+08:00,15,1643844641,Chapter 15：Report anomalous individuals-3,https://www.wattpad.com/1643844641-planet-phoenix-chapter-15%EF%BC%9Areport-anomalous,1,0,0,120.01,2026-07-28T04:00:03Z
2026-08-02T12:00:35+08:00,16,1643845149,Chapter 16：The Journey of Common Sense-1,https://www.wattpad.com/1643845149-planet-phoenix-chapter-16%EF%BC%9Athe-journey-of-common,2,1,0,106.01,2026-07-28T18:00:03Z
2026-08-02T12:00:35+08:00,17,1643845633,Chapter 17：The Journey of Common Sense-2,https://www.wattpad.com/1643845633-planet-phoenix-chapter-17%EF%BC%9Athe-journey-of-common,1,0,0,92.01,2026-07-29T08:00:02Z
2026-08-02T12:00:35+08:00,18,1643845966,Chapter 18：The Journey of Common Sense-3,https://www.wattpad.com/1643845966-planet-phoenix-chapter-18%EF%BC%9Athe-journey-of-common,0,0,0,78.01,2026-07-29T22:00:02Z
2026-08-02T12:00:35+08:00,19,1643846464,"Chapter 19：Strictly Speaking, It is Cohabitation",https://www.wattpad.com/1643846464-planet-phoenix-chapter-19%EF%BC%9Astrictly-speaking-it-is,0,0,0,64.01,2026-07-30T12:00:02Z
2026-08-02T12:00:35+08:00,20,1643846919,Chapter 20：A Neighborhood Hiccup,https://www.wattpad.com/1643846919-planet-phoenix-chapter-20%EF%BC%9Aa-neighborhood-hiccup,0,0,0,50.01,2026-07-31T02:00:03Z
2026-08-02T12:00:35+08:00,21,1643848472,Chapter 21：Impromptu Shopping Trip,https://www.wattpad.com/1643848472-planet-phoenix-chapter-21%EF%BC%9Aimpromptu-shopping-trip,0,0,0,36.01,2026-07-31T16:00:03Z
2026-08-02T12:00:35+08:00,22,1643848845,Chapter 22：Palace,https://www.wattpad.com/1643848845-planet-phoenix-chapter-22%EF%BC%9Apalace,0,0,0,22.01,2026-08-01T06:00:02Z
2026-08-02T12:00:35+08:00,23,1643849123,Chapter 23：Bay Bazzar Station,https://www.wattpad.com/1643849123-planet-phoenix-chapter-23%EF%BC%9Abay-bazzar-station,4,0,2,8.01,2026-08-01T20:00:05Z
2026-08-02T13:00:27+08:00,1,1643734560,Chapter 1 massive earthquake-1,https://www.wattpad.com/1643734560-planet-phoenix-chapter-1-massive-earthquake-1,15,0,0,317.01,2026-07-20T00:00:02Z
2026-08-02T13:00:27+08:00,2,1643743618,Chapter 2 massive earthquake-2,https://www.wattpad.com/1643743618-planet-phoenix-chapter-2-massive-earthquake-2,12,1,0,303.01,2026-07-20T14:00:02Z
2026-08-02T13:00:27+08:00,3,1643746352,Chapter 3 massive earthquake-3,https://www.wattpad.com/1643746352-planet-phoenix-chapter-3-massive-earthquake-3,5,0,0,289.01,2026-07-21T04:00:02Z
2026-08-02T13:00:27+08:00,4,1643746654,Chapter 4 massive earthquake-4,https://www.wattpad.com/1643746654-planet-phoenix-chapter-4-massive-earthquake-4,9,1,-1,275.01,2026-07-21T18:00:02Z
2026-08-02T13:00:27+08:00,5,1643747136,Chapter 5 Escape from death,https://www.wattpad.com/1643747136-planet-phoenix-chapter-5-escape-from-death,1,0,0,261.01,2026-07-22T08:00:03Z
2026-08-02T13:00:27+08:00,6,1643747955,Chapter 6：Interlude,https://www.wattpad.com/1643747955-planet-phoenix-chapter-6%EF%BC%9Ainterlude,7,0,0,247.01,2026-07-22T22:00:02Z
2026-08-02T13:00:27+08:00,7,1643748308,Chapter 7：The cabin in the forest,https://www.wattpad.com/1643748308-planet-phoenix-chapter-7%EF%BC%9Athe-cabin-in-the-forest,10,0,1,233.01,2026-07-23T12:00:02Z
2026-08-02T13:00:27+08:00,8,1643748909,Chapter 8：Weird person in the train,https://www.wattpad.com/1643748909-planet-phoenix-chapter-8%EF%BC%9Aweird-person-in-the-train,7,0,1,219.01,2026-07-24T02:00:02Z
2026-08-02T13:00:27+08:00,9,1643749360,Chapter 9：Weird person-1,https://www.wattpad.com/1643749360-planet-phoenix-chapter-9%EF%BC%9Aweird-person-1,1,0,0,205.01,2026-07-24T16:00:03Z
2026-08-02T13:00:27+08:00,10,1643749998,Chapter 10：Weird person-2,https://www.wattpad.com/1643749998-planet-phoenix-chapter-10%EF%BC%9Aweird-person-2,4,0,0,191.01,2026-07-25T06:00:02Z
2026-08-02T13:00:27+08:00,11,1643750323,Chapter 11：Weird person-3,https://www.wattpad.com/1643750323-planet-phoenix-chapter-11%EF%BC%9Aweird-person-3,4,0,0,177.01,2026-07-25T20:00:02Z
2026-08-02T13:00:27+08:00,12,1643751148,Chapter 12：Homestead,https://www.wattpad.com/1643751148-planet-phoenix-chapter-12%EF%BC%9Ahomestead,0,0,0,163.01,2026-07-26T10:00:03Z
2026-08-02T13:00:27+08:00,13,1643843952,Chapter 13：Report anomalous individuals-1,https://www.wattpad.com/1643843952-planet-phoenix-chapter-13%EF%BC%9Areport-anomalous,2,0,0,149.01,2026-07-27T00:00:02Z
2026-08-02T13:00:27+08:00,14,1643844249,Chapter 14：Report anomalous individuals-2,https://www.wattpad.com/1643844249-planet-phoenix-chapter-14%EF%BC%9Areport-anomalous,2,0,0,135.01,2026-07-27T14:00:03Z
2026-08-02T13:00:27+08:00,15,1643844641,Chapter 15：Report anomalous individuals-3,https://www.wattpad.com/1643844641-planet-phoenix-chapter-15%EF%BC%9Areport-anomalous,1,0,0,121.01,2026-07-28T04:00:03Z
2026-08-02T13:00:27+08:00,16,1643845149,Chapter 16：The Journey of Common Sense-1,https://www.wattpad.com/1643845149-planet-phoenix-chapter-16%EF%BC%9Athe-journey-of-common,2,1,0,107.01,2026-07-28T18:00:03Z
2026-08-02T13:00:27+08:00,17,1643845633,Chapter 17：The Journey of Common Sense-2,https://www.wattpad.com/1643845633-planet-phoenix-chapter-17%EF%BC%9Athe-journey-of-common,1,0,0,93.01,2026-07-29T08:00:02Z
2026-08-02T13:00:27+08:00,18,1643845966,Chapter 18：The Journey of Common Sense-3,https://www.wattpad.com/1643845966-planet-phoenix-chapter-18%EF%BC%9Athe-journey-of-common,0,0,0,79.01,2026-07-29T22:00:02Z
2026-08-02T13:00:27+08:00,19,1643846464,"Chapter 19：Strictly Speaking, It is Cohabitation",https://www.wattpad.com/1643846464-planet-phoenix-chapter-19%EF%BC%9Astrictly-speaking-it-is,0,0,0,65.01,2026-07-30T12:00:02Z
2026-08-02T13:00:27+08:00,20,1643846919,Chapter 20：A Neighborhood Hiccup,https://www.wattpad.com/1643846919-planet-phoenix-chapter-20%EF%BC%9Aa-neighborhood-hiccup,0,0,0,51.01,2026-07-31T02:00:03Z
2026-08-02T13:00:27+08:00,21,1643848472,Chapter 21：Impromptu Shopping Trip,https://www.wattpad.com/1643848472-planet-phoenix-chapter-21%EF%BC%9Aimpromptu-shopping-trip,0,0,0,37.01,2026-07-31T16:00:03Z
2026-08-02T13:00:27+08:00,22,1643848845,Chapter 22：Palace,https://www.wattpad.com/1643848845-planet-phoenix-chapter-22%EF%BC%9Apalace,0,0,0,23.01,2026-08-01T06:00:02Z
2026-08-02T13:00:27+08:00,23,1643849123,Chapter 23：Bay Bazzar Station,https://www.wattpad.com/1643849123-planet-phoenix-chapter-23%EF%BC%9Abay-bazzar-station,5,0,2,9.01,2026-08-01T20:00:05Z
2026-08-02T14:00:28+08:00,1,1643734560,Chapter 1 massive earthquake-1,https://www.wattpad.com/1643734560-planet-phoenix-chapter-1-massive-earthquake-1,15,0,0,318.01,2026-07-20T00:00:02Z
2026-08-02T14:00:28+08:00,2,1643743618,Chapter 2 massive earthquake-2,https://www.wattpad.com/1643743618-planet-phoenix-chapter-2-massive-earthquake-2,12,1,0,304.01,2026-07-20T14:00:02Z
2026-08-02T14:00:28+08:00,3,1643746352,Chapter 3 massive earthquake-3,https://www.wattpad.com/1643746352-planet-phoenix-chapter-3-massive-earthquake-3,5,0,0,290.01,2026-07-21T04:00:02Z
2026-08-02T14:00:28+08:00,4,1643746654,Chapter 4 massive earthquake-4,https://www.wattpad.com/1643746654-planet-phoenix-chapter-4-massive-earthquake-4,9,1,-1,276.01,2026-07-21T18:00:02Z
2026-08-02T14:00:28+08:00,5,1643747136,Chapter 5 Escape from death,https://www.wattpad.com/1643747136-planet-phoenix-chapter-5-escape-from-death,1,0,0,262.01,2026-07-22T08:00:03Z
2026-08-02T14:00:28+08:00,6,1643747955,Chapter 6：Interlude,https://www.wattpad.com/1643747955-planet-phoenix-chapter-6%EF%BC%9Ainterlude,7,0,0,248.01,2026-07-22T22:00:02Z
2026-08-02T14:00:28+08:00,7,1643748308,Chapter 7：The cabin in the forest,https://www.wattpad.com/1643748308-planet-phoenix-chapter-7%EF%BC%9Athe-cabin-in-the-forest,10,0,1,234.01,2026-07-23T12:00:02Z
2026-08-02T14:00:28+08:00,8,1643748909,Chapter 8：Weird person in the train,https://www.wattpad.com/1643748909-planet-phoenix-chapter-8%EF%BC%9Aweird-person-in-the-train,7,0,1,220.01,2026-07-24T02:00:02Z
2026-08-02T14:00:28+08:00,9,1643749360,Chapter 9：Weird person-1,https://www.wattpad.com/1643749360-planet-phoenix-chapter-9%EF%BC%9Aweird-person-1,1,0,0,206.01,2026-07-24T16:00:03Z
2026-08-02T14:00:28+08:00,10,1643749998,Chapter 10：Weird person-2,https://www.wattpad.com/1643749998-planet-phoenix-chapter-10%EF%BC%9Aweird-person-2,4,0,0,192.01,2026-07-25T06:00:02Z
2026-08-02T14:00:28+08:00,11,1643750323,Chapter 11：Weird person-3,https://www.wattpad.com/1643750323-planet-phoenix-chapter-11%EF%BC%9Aweird-person-3,4,0,0,178.01,2026-07-25T20:00:02Z
2026-08-02T14:00:28+08:00,12,1643751148,Chapter 12：Homestead,https://www.wattpad.com/1643751148-planet-phoenix-chapter-12%EF%BC%9Ahomestead,0,0,0,164.01,2026-07-26T10:00:03Z
2026-08-02T14:00:28+08:00,13,1643843952,Chapter 13：Report anomalous individuals-1,https://www.wattpad.com/1643843952-planet-phoenix-chapter-13%EF%BC%9Areport-anomalous,2,0,0,150.01,2026-07-27T00:00:02Z
2026-08-02T14:00:28+08:00,14,1643844249,Chapter 14：Report anomalous individuals-2,https://www.wattpad.com/1643844249-planet-phoenix-chapter-14%EF%BC%9Areport-anomalous,2,0,0,136.01,2026-07-27T14:00:03Z
2026-08-02T14:00:28+08:00,15,1643844641,Chapter 15：Report anomalous individuals-3,https://www.wattpad.com/1643844641-planet-phoenix-chapter-15%EF%BC%9Areport-anomalous,1,0,0,122.01,2026-07-28T04:00:03Z
2026-08-02T14:00:28+08:00,16,1643845149,Chapter 16：The Journey of Common Sense-1,https://www.wattpad.com/1643845149-planet-phoenix-chapter-16%EF%BC%9Athe-journey-of-common,2,1,0,108.01,2026-07-28T18:00:03Z
2026-08-02T14:00:28+08:00,17,1643845633,Chapter 17：The Journey of Common Sense-2,https://www.wattpad.com/1643845633-planet-phoenix-chapter-17%EF%BC%9Athe-journey-of-common,1,0,0,94.01,2026-07-29T08:00:02Z
2026-08-02T14:00:28+08:00,18,1643845966,Chapter 18：The Journey of Common Sense-3,https://www.wattpad.com/1643845966-planet-phoenix-chapter-18%EF%BC%9Athe-journey-of-common,0,0,0,80.01,2026-07-29T22:00:02Z
2026-08-02T14:00:28+08:00,19,1643846464,"Chapter 19：Strictly Speaking, It is Cohabitation",https://www.wattpad.com/1643846464-planet-phoenix-chapter-19%EF%BC%9Astrictly-speaking-it-is,0,0,0,66.01,2026-07-30T12:00:02Z
2026-08-02T14:00:28+08:00,20,1643846919,Chapter 20：A Neighborhood Hiccup,https://www.wattpad.com/1643846919-planet-phoenix-chapter-20%EF%BC%9Aa-neighborhood-hiccup,0,0,0,52.01,2026-07-31T02:00:03Z
2026-08-02T14:00:28+08:00,21,1643848472,Chapter 21：Impromptu Shopping Trip,https://www.wattpad.com/1643848472-planet-phoenix-chapter-21%EF%BC%9Aimpromptu-shopping-trip,0,0,0,38.01,2026-07-31T16:00:03Z
2026-08-02T14:00:28+08:00,22,1643848845,Chapter 22：Palace,https://www.wattpad.com/1643848845-planet-phoenix-chapter-22%EF%BC%9Apalace,0,0,0,24.01,2026-08-01T06:00:02Z
2026-08-02T14:00:28+08:00,23,1643849123,Chapter 23：Bay Bazzar Station,https://www.wattpad.com/1643849123-planet-phoenix-chapter-23%EF%BC%9Abay-bazzar-station,5,0,2,10.01,2026-08-01T20:00:05Z
2026-08-02T15:00:29+08:00,1,1643734560,Chapter 1 massive earthquake-1,https://www.wattpad.com/1643734560-planet-phoenix-chapter-1-massive-earthquake-1,15,0,0,319.01,2026-07-20T00:00:02Z
2026-08-02T15:00:29+08:00,2,1643743618,Chapter 2 massive earthquake-2,https://www.wattpad.com/1643743618-planet-phoenix-chapter-2-massive-earthquake-2,12,1,0,305.01,2026-07-20T14:00:02Z
2026-08-02T15:00:29+08:00,3,1643746352,Chapter 3 massive earthquake-3,https://www.wattpad.com/1643746352-planet-phoenix-chapter-3-massive-earthquake-3,5,0,0,291.01,2026-07-21T04:00:02Z
2026-08-02T15:00:29+08:00,4,1643746654,Chapter 4 massive earthquake-4,https://www.wattpad.com/1643746654-planet-phoenix-chapter-4-massive-earthquake-4,9,1,-1,277.01,2026-07-21T18:00:02Z
2026-08-02T15:00:29+08:00,5,1643747136,Chapter 5 Escape from death,https://www.wattpad.com/1643747136-planet-phoenix-chapter-5-escape-from-death,1,0,0,263.01,2026-07-22T08:00:03Z
2026-08-02T15:00:29+08:00,6,1643747955,Chapter 6：Interlude,https://www.wattpad.com/1643747955-planet-phoenix-chapter-6%EF%BC%9Ainterlude,7,0,0,249.01,2026-07-22T22:00:02Z
2026-08-02T15:00:29+08:00,7,1643748308,Chapter 7：The cabin in the forest,https://www.wattpad.com/1643748308-planet-phoenix-chapter-7%EF%BC%9Athe-cabin-in-the-forest,10,0,1,235.01,2026-07-23T12:00:02Z
2026-08-02T15:00:29+08:00,8,1643748909,Chapter 8：Weird person in the train,https://www.wattpad.com/1643748909-planet-phoenix-chapter-8%EF%BC%9Aweird-person-in-the-train,7,0,1,221.01,2026-07-24T02:00:02Z
2026-08-02T15:00:29+08:00,9,1643749360,Chapter 9：Weird person-1,https://www.wattpad.com/1643749360-planet-phoenix-chapter-9%EF%BC%9Aweird-person-1,1,0,0,207.01,2026-07-24T16:00:03Z
2026-08-02T15:00:29+08:00,10,1643749998,Chapter 10：Weird person-2,https://www.wattpad.com/1643749998-planet-phoenix-chapter-10%EF%BC%9Aweird-person-2,4,0,0,193.01,2026-07-25T06:00:02Z
2026-08-02T15:00:29+08:00,11,1643750323,Chapter 11：Weird person-3,https://www.wattpad.com/1643750323-planet-phoenix-chapter-11%EF%BC%9Aweird-person-3,4,0,0,179.01,2026-07-25T20:00:02Z
2026-08-02T15:00:29+08:00,12,1643751148,Chapter 12：Homestead,https://www.wattpad.com/1643751148-planet-phoenix-chapter-12%EF%BC%9Ahomestead,0,0,0,165.01,2026-07-26T10:00:03Z
2026-08-02T15:00:29+08:00,13,1643843952,Chapter 13：Report anomalous individuals-1,https://www.wattpad.com/1643843952-planet-phoenix-chapter-13%EF%BC%9Areport-anomalous,2,0,0,151.01,2026-07-27T00:00:02Z
2026-08-02T15:00:29+08:00,14,1643844249,Chapter 14：Report anomalous individuals-2,https://www.wattpad.com/1643844249-planet-phoenix-chapter-14%EF%BC%9Areport-anomalous,2,0,0,137.01,2026-07-27T14:00:03Z
2026-08-02T15:00:29+08:00,15,1643844641,Chapter 15：Report anomalous individuals-3,https://www.wattpad.com/1643844641-planet-phoenix-chapter-15%EF%BC%9Areport-anomalous,1,0,0,123.01,2026-07-28T04:00:03Z
2026-08-02T15:00:29+08:00,16,1643845149,Chapter 16：The Journey of Common Sense-1,https://www.wattpad.com/1643845149-planet-phoenix-chapter-16%EF%BC%9Athe-journey-of-common,2,1,0,109.01,2026-07-28T18:00:03Z
2026-08-02T15:00:29+08:00,17,1643845633,Chapter 17：The Journey of Common Sense-2,https://www.wattpad.com/1643845633-planet-phoenix-chapter-17%EF%BC%9Athe-journey-of-common,1,0,0,95.01,2026-07-29T08:00:02Z
2026-08-02T15:00:29+08:00,18,1643845966,Chapter 18：The Journey of Common Sense-3,https://www.wattpad.com/1643845966-planet-phoenix-chapter-18%EF%BC%9Athe-journey-of-common,0,0,0,81.01,2026-07-29T22:00:02Z
2026-08-02T15:00:29+08:00,19,1643846464,"Chapter 19：Strictly Speaking, It is Cohabitation",https://www.wattpad.com/1643846464-planet-phoenix-chapter-19%EF%BC%9Astrictly-speaking-it-is,0,0,0,67.01,2026-07-30T12:00:02Z
2026-08-02T15:00:29+08:00,20,1643846919,Chapter 20：A Neighborhood Hiccup,https://www.wattpad.com/1643846919-planet-phoenix-chapter-20%EF%BC%9Aa-neighborhood-hiccup,0,0,0,53.01,2026-07-31T02:00:03Z
2026-08-02T15:00:29+08:00,21,1643848472,Chapter 21：Impromptu Shopping Trip,https://www.wattpad.com/1643848472-planet-phoenix-chapter-21%EF%BC%9Aimpromptu-shopping-trip,0,0,0,39.01,2026-07-31T16:00:03Z
2026-08-02T15:00:29+08:00,22,1643848845,Chapter 22：Palace,https://www.wattpad.com/1643848845-planet-phoenix-chapter-22%EF%BC%9Apalace,0,0,0,25.01,2026-08-01T06:00:02Z
2026-08-02T15:00:29+08:00,23,1643849123,Chapter 23：Bay Bazzar Station,https://www.wattpad.com/1643849123-planet-phoenix-chapter-23%EF%BC%9Abay-bazzar-station,5,0,2,11.01,2026-08-01T20:00:05Z
2026-08-02T16:00:30+08:00,1,1643734560,Chapter 1 massive earthquake-1,https://www.wattpad.com/1643734560-planet-phoenix-chapter-1-massive-earthquake-1,15,0,0,320.01,2026-07-20T00:00:02Z
2026-08-02T16:00:30+08:00,2,1643743618,Chapter 2 massive earthquake-2,https://www.wattpad.com/1643743618-planet-phoenix-chapter-2-massive-earthquake-2,12,1,0,306.01,2026-07-20T14:00:02Z
2026-08-02T16:00:30+08:00,3,1643746352,Chapter 3 massive earthquake-3,https://www.wattpad.com/1643746352-planet-phoenix-chapter-3-massive-earthquake-3,5,0,0,292.01,2026-07-21T04:00:02Z
2026-08-02T16:00:30+08:00,4,1643746654,Chapter 4 massive earthquake-4,https://www.wattpad.com/1643746654-planet-phoenix-chapter-4-massive-earthquake-4,9,1,-1,278.01,2026-07-21T18:00:02Z
2026-08-02T16:00:30+08:00,5,1643747136,Chapter 5 Escape from death,https://www.wattpad.com/1643747136-planet-phoenix-chapter-5-escape-from-death,1,0,0,264.01,2026-07-22T08:00:03Z
2026-08-02T16:00:30+08:00,6,1643747955,Chapter 6：Interlude,https://www.wattpad.com/1643747955-planet-phoenix-chapter-6%EF%BC%9Ainterlude,7,0,0,250.01,2026-07-22T22:00:02Z
2026-08-02T16:00:30+08:00,7,1643748308,Chapter 7：The cabin in the forest,https://www.wattpad.com/1643748308-planet-phoenix-chapter-7%EF%BC%9Athe-cabin-in-the-forest,10,0,1,236.01,2026-07-23T12:00:02Z
2026-08-02T16:00:30+08:00,8,1643748909,Chapter 8：Weird person in the train,https://www.wattpad.com/1643748909-planet-phoenix-chapter-8%EF%BC%9Aweird-person-in-the-train,7,0,1,222.01,2026-07-24T02:00:02Z
2026-08-02T16:00:30+08:00,9,1643749360,Chapter 9：Weird person-1,https://www.wattpad.com/1643749360-planet-phoenix-chapter-9%EF%BC%9Aweird-person-1,1,0,0,208.01,2026-07-24T16:00:03Z
2026-08-02T16:00:30+08:00,10,1643749998,Chapter 10：Weird person-2,https://www.wattpad.com/1643749998-planet-phoenix-chapter-10%EF%BC%9Aweird-person-2,4,0,0,194.01,2026-07-25T06:00:02Z
2026-08-02T16:00:30+08:00,11,1643750323,Chapter 11：Weird person-3,https://www.wattpad.com/1643750323-planet-phoenix-chapter-11%EF%BC%9Aweird-person-3,4,0,0,180.01,2026-07-25T20:00:02Z
2026-08-02T16:00:30+08:00,12,1643751148,Chapter 12：Homestead,https://www.wattpad.com/1643751148-planet-phoenix-chapter-12%EF%BC%9Ahomestead,0,0,0,166.01,2026-07-26T10:00:03Z
2026-08-02T16:00:30+08:00,13,1643843952,Chapter 13：Report anomalous individuals-1,https://www.wattpad.com/1643843952-planet-phoenix-chapter-13%EF%BC%9Areport-anomalous,2,0,0,152.01,2026-07-27T00:00:02Z
2026-08-02T16:00:30+08:00,14,1643844249,Chapter 14：Report anomalous individuals-2,https://www.wattpad.com/1643844249-planet-phoenix-chapter-14%EF%BC%9Areport-anomalous,2,0,0,138.01,2026-07-27T14:00:03Z
2026-08-02T16:00:30+08:00,15,1643844641,Chapter 15：Report anomalous individuals-3,https://www.wattpad.com/1643844641-planet-phoenix-chapter-15%EF%BC%9Areport-anomalous,1,0,0,124.01,2026-07-28T04:00:03Z
2026-08-02T16:00:30+08:00,16,1643845149,Chapter 16：The Journey of Common Sense-1,https://www.wattpad.com/1643845149-planet-phoenix-chapter-16%EF%BC%9Athe-journey-of-common,2,1,0,110.01,2026-07-28T18:00:03Z
2026-08-02T16:00:30+08:00,17,1643845633,Chapter 17：The Journey of Common Sense-2,https://www.wattpad.com/1643845633-planet-phoenix-chapter-17%EF%BC%9Athe-journey-of-common,1,0,0,96.01,2026-07-29T08:00:02Z
2026-08-02T16:00:30+08:00,18,1643845966,Chapter 18：The Journey of Common Sense-3,https://www.wattpad.com/1643845966-planet-phoenix-chapter-18%EF%BC%9Athe-journey-of-common,0,0,0,82.01,2026-07-29T22:00:02Z
2026-08-02T16:00:30+08:00,19,1643846464,"Chapter 19：Strictly Speaking, It is Cohabitation",https://www.wattpad.com/1643846464-planet-phoenix-chapter-19%EF%BC%9Astrictly-speaking-it-is,0,0,0,68.01,2026-07-30T12:00:02Z
2026-08-02T16:00:30+08:00,20,1643846919,Chapter 20：A Neighborhood Hiccup,https://www.wattpad.com/1643846919-planet-phoenix-chapter-20%EF%BC%9Aa-neighborhood-hiccup,0,0,0,54.01,2026-07-31T02:00:03Z
2026-08-02T16:00:30+08:00,21,1643848472,Chapter 21：Impromptu Shopping Trip,https://www.wattpad.com/1643848472-planet-phoenix-chapter-21%EF%BC%9Aimpromptu-shopping-trip,0,0,0,40.01,2026-07-31T16:00:03Z
2026-08-02T16:00:30+08:00,22,1643848845,Chapter 22：Palace,https://www.wattpad.com/1643848845-planet-phoenix-chapter-22%EF%BC%9Apalace,0,0,0,26.01,2026-08-01T06:00:02Z
2026-08-02T16:00:30+08:00,23,1643849123,Chapter 23：Bay Bazzar Station,https://www.wattpad.com/1643849123-planet-phoenix-chapter-23%EF%BC%9Abay-bazzar-station,5,0,2,12.01,2026-08-01T20:00:05Z
2026-08-02T17:00:30+08:00,1,1643734560,Chapter 1 massive earthquake-1,https://www.wattpad.com/1643734560-planet-phoenix-chapter-1-massive-earthquake-1,15,0,0,321.01,2026-07-20T00:00:02Z
2026-08-02T17:00:30+08:00,2,1643743618,Chapter 2 massive earthquake-2,https://www.wattpad.com/1643743618-planet-phoenix-chapter-2-massive-earthquake-2,12,1,0,307.01,2026-07-20T14:00:02Z
2026-08-02T17:00:30+08:00,3,1643746352,Chapter 3 massive earthquake-3,https://www.wattpad.com/1643746352-planet-phoenix-chapter-3-massive-earthquake-3,5,0,0,293.01,2026-07-21T04:00:02Z
2026-08-02T17:00:30+08:00,4,1643746654,Chapter 4 massive earthquake-4,https://www.wattpad.com/1643746654-planet-phoenix-chapter-4-massive-earthquake-4,9,1,-1,279.01,2026-07-21T18:00:02Z
2026-08-02T17:00:30+08:00,5,1643747136,Chapter 5 Escape from death,https://www.wattpad.com/1643747136-planet-phoenix-chapter-5-escape-from-death,1,0,0,265.01,2026-07-22T08:00:03Z
2026-08-02T17:00:30+08:00,6,1643747955,Chapter 6：Interlude,https://www.wattpad.com/1643747955-planet-phoenix-chapter-6%EF%BC%9Ainterlude,7,0,0,251.01,2026-07-22T22:00:02Z
2026-08-02T17:00:30+08:00,7,1643748308,Chapter 7：The cabin in the forest,https://www.wattpad.com/1643748308-planet-phoenix-chapter-7%EF%BC%9Athe-cabin-in-the-forest,10,0,1,237.01,2026-07-23T12:00:02Z
2026-08-02T17:00:30+08:00,8,1643748909,Chapter 8：Weird person in the train,https://www.wattpad.com/1643748909-planet-phoenix-chapter-8%EF%BC%9Aweird-person-in-the-train,7,0,1,223.01,2026-07-24T02:00:02Z
2026-08-02T17:00:30+08:00,9,1643749360,Chapter 9：Weird person-1,https://www.wattpad.com/1643749360-planet-phoenix-chapter-9%EF%BC%9Aweird-person-1,1,0,0,209.01,2026-07-24T16:00:03Z
2026-08-02T17:00:30+08:00,10,1643749998,Chapter 10：Weird person-2,https://www.wattpad.com/1643749998-planet-phoenix-chapter-10%EF%BC%9Aweird-person-2,4,0,0,195.01,2026-07-25T06:00:02Z
2026-08-02T17:00:30+08:00,11,1643750323,Chapter 11：Weird person-3,https://www.wattpad.com/1643750323-planet-phoenix-chapter-11%EF%BC%9Aweird-person-3,4,0,0,181.01,2026-07-25T20:00:02Z
2026-08-02T17:00:30+08:00,12,1643751148,Chapter 12：Homestead,https://www.wattpad.com/1643751148-planet-phoenix-chapter-12%EF%BC%9Ahomestead,0,0,0,167.01,2026-07-26T10:00:03Z
2026-08-02T17:00:30+08:00,13,1643843952,Chapter 13：Report anomalous individuals-1,https://www.wattpad.com/1643843952-planet-phoenix-chapter-13%EF%BC%9Areport-anomalous,2,0,0,153.01,2026-07-27T00:00:02Z
2026-08-02T17:00:30+08:00,14,1643844249,Chapter 14：Report anomalous individuals-2,https://www.wattpad.com/1643844249-planet-phoenix-chapter-14%EF%BC%9Areport-anomalous,2,0,0,139.01,2026-07-27T14:00:03Z
2026-08-02T17:00:30+08:00,15,1643844641,Chapter 15：Report anomalous individuals-3,https://www.wattpad.com/1643844641-planet-phoenix-chapter-15%EF%BC%9Areport-anomalous,1,0,0,125.01,2026-07-28T04:00:03Z
2026-08-02T17:00:30+08:00,16,1643845149,Chapter 16：The Journey of Common Sense-1,https://www.wattpad.com/1643845149-planet-phoenix-chapter-16%EF%BC%9Athe-journey-of-common,2,1,0,111.01,2026-07-28T18:00:03Z
2026-08-02T17:00:30+08:00,17,1643845633,Chapter 17：The Journey of Common Sense-2,https://www.wattpad.com/1643845633-planet-phoenix-chapter-17%EF%BC%9Athe-journey-of-common,1,0,0,97.01,2026-07-29T08:00:02Z
2026-08-02T17:00:30+08:00,18,1643845966,Chapter 18：The Journey of Common Sense-3,https://www.wattpad.com/1643845966-planet-phoenix-chapter-18%EF%BC%9Athe-journey-of-common,0,0,0,83.01,2026-07-29T22:00:02Z
2026-08-02T17:00:30+08:00,19,1643846464,"Chapter 19：Strictly Speaking, It is Cohabitation",https://www.wattpad.com/1643846464-planet-phoenix-chapter-19%EF%BC%9Astrictly-speaking-it-is,0,0,0,69.01,2026-07-30T12:00:02Z
2026-08-02T17:00:30+08:00,20,1643846919,Chapter 20：A Neighborhood Hiccup,https://www.wattpad.com/1643846919-planet-phoenix-chapter-20%EF%BC%9Aa-neighborhood-hiccup,0,0,0,55.01,2026-07-31T02:00:03Z
2026-08-02T17:00:30+08:00,21,1643848472,Chapter 21：Impromptu Shopping Trip,https://www.wattpad.com/1643848472-planet-phoenix-chapter-21%EF%BC%9Aimpromptu-shopping-trip,0,0,0,41.01,2026-07-31T16:00:03Z
2026-08-02T17:00:30+08:00,22,1643848845,Chapter 22：Palace,https://www.wattpad.com/1643848845-planet-phoenix-chapter-22%EF%BC%9Apalace,0,0,0,27.01,2026-08-01T06:00:02Z
2026-08-02T17:00:30+08:00,23,1643849123,Chapter 23：Bay Bazzar Station,https://www.wattpad.com/1643849123-planet-phoenix-chapter-23%EF%BC%9Abay-bazzar-station,5,0,2,13.01,2026-08-01T20:00:05Z
2026-08-02T18:00:34+08:00,1,1643734560,Chapter 1 massive earthquake-1,https://www.wattpad.com/1643734560-planet-phoenix-chapter-1-massive-earthquake-1,15,0,0,322.01,2026-07-20T00:00:02Z
2026-08-02T18:00:34+08:00,2,1643743618,Chapter 2 massive earthquake-2,https://www.wattpad.com/1643743618-planet-phoenix-chapter-2-massive-earthquake-2,12,1,0,308.01,2026-07-20T14:00:02Z
2026-08-02T18:00:34+08:00,3,1643746352,Chapter 3 massive earthquake-3,https://www.wattpad.com/1643746352-planet-phoenix-chapter-3-massive-earthquake-3,5,0,0,294.01,2026-07-21T04:00:02Z
2026-08-02T18:00:34+08:00,4,1643746654,Chapter 4 massive earthquake-4,https://www.wattpad.com/1643746654-planet-phoenix-chapter-4-massive-earthquake-4,9,1,-1,280.01,2026-07-21T18:00:02Z
2026-08-02T18:00:34+08:00,5,1643747136,Chapter 5 Escape from death,https://www.wattpad.com/1643747136-planet-phoenix-chapter-5-escape-from-death,1,0,0,266.01,2026-07-22T08:00:03Z
2026-08-02T18:00:34+08:00,6,1643747955,Chapter 6：Interlude,https://www.wattpad.com/1643747955-planet-phoenix-chapter-6%EF%BC%9Ainterlude,7,0,0,252.01,2026-07-22T22:00:02Z
2026-08-02T18:00:34+08:00,7,1643748308,Chapter 7：The cabin in the forest,https://www.wattpad.com/1643748308-planet-phoenix-chapter-7%EF%BC%9Athe-cabin-in-the-forest,10,0,1,238.01,2026-07-23T12:00:02Z
2026-08-02T18:00:34+08:00,8,1643748909,Chapter 8：Weird person in the train,https://www.wattpad.com/1643748909-planet-phoenix-chapter-8%EF%BC%9Aweird-person-in-the-train,7,0,1,224.01,2026-07-24T02:00:02Z
2026-08-02T18:00:34+08:00,9,1643749360,Chapter 9：Weird person-1,https://www.wattpad.com/1643749360-planet-phoenix-chapter-9%EF%BC%9Aweird-person-1,1,0,0,210.01,2026-07-24T16:00:03Z
2026-08-02T18:00:34+08:00,10,1643749998,Chapter 10：Weird person-2,https://www.wattpad.com/1643749998-planet-phoenix-chapter-10%EF%BC%9Aweird-person-2,4,0,0,196.01,2026-07-25T06:00:02Z
2026-08-02T18:00:34+08:00,11,1643750323,Chapter 11：Weird person-3,https://www.wattpad.com/1643750323-planet-phoenix-chapter-11%EF%BC%9Aweird-person-3,4,0,0,182.01,2026-07-25T20:00:02Z
2026-08-02T18:00:34+08:00,12,1643751148,Chapter 12：Homestead,https://www.wattpad.com/1643751148-planet-phoenix-chapter-12%EF%BC%9Ahomestead,0,0,0,168.01,2026-07-26T10:00:03Z
2026-08-02T18:00:34+08:00,13,1643843952,Chapter 13：Report anomalous individuals-1,https://www.wattpad.com/1643843952-planet-phoenix-chapter-13%EF%BC%9Areport-anomalous,2,0,0,154.01,2026-07-27T00:00:02Z
2026-08-02T18:00:34+08:00,14,1643844249,Chapter 14：Report anomalous individuals-2,https://www.wattpad.com/1643844249-planet-phoenix-chapter-14%EF%BC%9Areport-anomalous,2,0,0,140.01,2026-07-27T14:00:03Z
2026-08-02T18:00:34+08:00,15,1643844641,Chapter 15：Report anomalous individuals-3,https://www.wattpad.com/1643844641-planet-phoenix-chapter-15%EF%BC%9Areport-anomalous,1,0,0,126.01,2026-07-28T04:00:03Z
2026-08-02T18:00:34+08:00,16,1643845149,Chapter 16：The Journey of Common Sense-1,https://www.wattpad.com/1643845149-planet-phoenix-chapter-16%EF%BC%9Athe-journey-of-common,2,1,0,112.01,2026-07-28T18:00:03Z
2026-08-02T18:00:34+08:00,17,1643845633,Chapter 17：The Journey of Common Sense-2,https://www.wattpad.com/1643845633-planet-phoenix-chapter-17%EF%BC%9Athe-journey-of-common,1,0,0,98.01,2026-07-29T08:00:02Z
2026-08-02T18:00:34+08:00,18,1643845966,Chapter 18：The Journey of Common Sense-3,https://www.wattpad.com/1643845966-planet-phoenix-chapter-18%EF%BC%9Athe-journey-of-common,0,0,0,84.01,2026-07-29T22:00:02Z
2026-08-02T18:00:34+08:00,19,1643846464,"Chapter 19：Strictly Speaking, It is Cohabitation",https://www.wattpad.com/1643846464-planet-phoenix-chapter-19%EF%BC%9Astrictly-speaking-it-is,0,0,0,70.01,2026-07-30T12:00:02Z
2026-08-02T18:00:34+08:00,20,1643846919,Chapter 20：A Neighborhood Hiccup,https://www.wattpad.com/1643846919-planet-phoenix-chapter-20%EF%BC%9Aa-neighborhood-hiccup,0,0,0,56.01,2026-07-31T02:00:03Z
2026-08-02T18:00:34+08:00,21,1643848472,Chapter 21：Impromptu Shopping Trip,https://www.wattpad.com/1643848472-planet-phoenix-chapter-21%EF%BC%9Aimpromptu-shopping-trip,0,0,0,42.01,2026-07-31T16:00:03Z
2026-08-02T18:00:34+08:00,22,1643848845,Chapter 22：Palace,https://www.wattpad.com/1643848845-planet-phoenix-chapter-22%EF%BC%9Apalace,0,0,0,28.01,2026-08-01T06:00:02Z
2026-08-02T18:00:34+08:00,23,1643849123,Chapter 23：Bay Bazzar Station,https://www.wattpad.com/1643849123-planet-phoenix-chapter-23%EF%BC%9Abay-bazzar-station,5,0,2,14.01,2026-08-01T20:00:05Z
2026-08-02T18:00:34+08:00,24,1643849651,Chapter 24：Journey for Supplies-1,https://www.wattpad.com/1643849651-planet-phoenix-chapter-24%EF%BC%9Ajourney-for-supplies-1,0,0,0,0.01,2026-08-02T10:00:02Z
2026-08-02T19:00:28+08:00,1,1643734560,Chapter 1 massive earthquake-1,https://www.wattpad.com/1643734560-planet-phoenix-chapter-1-massive-earthquake-1,15,0,0,323.01,2026-07-20T00:00:02Z
2026-08-02T19:00:28+08:00,2,1643743618,Chapter 2 massive earthquake-2,https://www.wattpad.com/1643743618-planet-phoenix-chapter-2-massive-earthquake-2,12,1,0,309.01,2026-07-20T14:00:02Z
2026-08-02T19:00:28+08:00,3,1643746352,Chapter 3 massive earthquake-3,https://www.wattpad.com/1643746352-planet-phoenix-chapter-3-massive-earthquake-3,5,0,0,295.01,2026-07-21T04:00:02Z
2026-08-02T19:00:28+08:00,4,1643746654,Chapter 4 massive earthquake-4,https://www.wattpad.com/1643746654-planet-phoenix-chapter-4-massive-earthquake-4,9,1,-1,281.01,2026-07-21T18:00:02Z
2026-08-02T19:00:28+08:00,5,1643747136,Chapter 5 Escape from death,https://www.wattpad.com/1643747136-planet-phoenix-chapter-5-escape-from-death,1,0,0,267.01,2026-07-22T08:00:03Z
2026-08-02T19:00:28+08:00,6,1643747955,Chapter 6：Interlude,https://www.wattpad.com/1643747955-planet-phoenix-chapter-6%EF%BC%9Ainterlude,7,0,0,253.01,2026-07-22T22:00:02Z
2026-08-02T19:00:28+08:00,7,1643748308,Chapter 7：The cabin in the forest,https://www.wattpad.com/1643748308-planet-phoenix-chapter-7%EF%BC%9Athe-cabin-in-the-forest,10,0,1,239.01,2026-07-23T12:00:02Z
2026-08-02T19:00:28+08:00,8,1643748909,Chapter 8：Weird person in the train,https://www.wattpad.com/1643748909-planet-phoenix-chapter-8%EF%BC%9Aweird-person-in-the-train,7,0,1,225.01,2026-07-24T02:00:02Z
2026-08-02T19:00:28+08:00,9,1643749360,Chapter 9：Weird person-1,https://www.wattpad.com/1643749360-planet-phoenix-chapter-9%EF%BC%9Aweird-person-1,1,0,0,211.01,2026-07-24T16:00:03Z
2026-08-02T19:00:28+08:00,10,1643749998,Chapter 10：Weird person-2,https://www.wattpad.com/1643749998-planet-phoenix-chapter-10%EF%BC%9Aweird-person-2,4,0,0,197.01,2026-07-25T06:00:02Z
2026-08-02T19:00:28+08:00,11,1643750323,Chapter 11：Weird person-3,https://www.wattpad.com/1643750323-planet-phoenix-chapter-11%EF%BC%9Aweird-person-3,4,0,0,183.01,2026-07-25T20:00:02Z
2026-08-02T19:00:28+08:00,12,1643751148,Chapter 12：Homestead,https://www.wattpad.com/1643751148-planet-phoenix-chapter-12%EF%BC%9Ahomestead,0,0,0,169.01,2026-07-26T10:00:03Z
2026-08-02T19:00:28+08:00,13,1643843952,Chapter 13：Report anomalous individuals-1,https://www.wattpad.com/1643843952-planet-phoenix-chapter-13%EF%BC%9Areport-anomalous,2,0,0,155.01,2026-07-27T00:00:02Z
2026-08-02T19:00:28+08:00,14,1643844249,Chapter 14：Report anomalous individuals-2,https://www.wattpad.com/1643844249-planet-phoenix-chapter-14%EF%BC%9Areport-anomalous,2,0,0,141.01,2026-07-27T14:00:03Z
2026-08-02T19:00:28+08:00,15,1643844641,Chapter 15：Report anomalous individuals-3,https://www.wattpad.com/1643844641-planet-phoenix-chapter-15%EF%BC%9Areport-anomalous,1,0,0,127.01,2026-07-28T04:00:03Z
2026-08-02T19:00:28+08:00,16,1643845149,Chapter 16：The Journey of Common Sense-1,https://www.wattpad.com/1643845149-planet-phoenix-chapter-16%EF%BC%9Athe-journey-of-common,2,1,0,113.01,2026-07-28T18:00:03Z
2026-08-02T19:00:28+08:00,17,1643845633,Chapter 17：The Journey of Common Sense-2,https://www.wattpad.com/1643845633-planet-phoenix-chapter-17%EF%BC%9Athe-journey-of-common,1,0,0,99.01,2026-07-29T08:00:02Z
2026-08-02T19:00:28+08:00,18,1643845966,Chapter 18：The Journey of Common Sense-3,https://www.wattpad.com/1643845966-planet-phoenix-chapter-18%EF%BC%9Athe-journey-of-common,0,0,0,85.01,2026-07-29T22:00:02Z
2026-08-02T19:00:28+08:00,19,1643846464,"Chapter 19：Strictly Speaking, It is Cohabitation",https://www.wattpad.com/1643846464-planet-phoenix-chapter-19%EF%BC%9Astrictly-speaking-it-is,0,0,0,71.01,2026-07-30T12:00:02Z
2026-08-02T19:00:28+08:00,20,1643846919,Chapter 20：A Neighborhood Hiccup,https://www.wattpad.com/1643846919-planet-phoenix-chapter-20%EF%BC%9Aa-neighborhood-hiccup,0,0,0,57.01,2026-07-31T02:00:03Z
2026-08-02T19:00:28+08:00,21,1643848472,Chapter 21：Impromptu Shopping Trip,https://www.wattpad.com/1643848472-planet-phoenix-chapter-21%EF%BC%9Aimpromptu-shopping-trip,0,0,0,43.01,2026-07-31T16:00:03Z
2026-08-02T19:00:28+08:00,22,1643848845,Chapter 22：Palace,https://www.wattpad.com/1643848845-planet-phoenix-chapter-22%EF%BC%9Apalace,0,0,0,29.01,2026-08-01T06:00:02Z
2026-08-02T19:00:28+08:00,23,1643849123,Chapter 23：Bay Bazzar Station,https://www.wattpad.com/1643849123-planet-phoenix-chapter-23%EF%BC%9Abay-bazzar-station,5,0,2,15.01,2026-08-01T20:00:05Z
2026-08-02T19:00:28+08:00,24,1643849651,Chapter 24：Journey for Supplies-1,https://www.wattpad.com/1643849651-planet-phoenix-chapter-24%EF%BC%9Ajourney-for-supplies-1,0,0,0,1.01,2026-08-02T10:00:02Z
2026-08-02T20:00:30+08:00,1,1643734560,Chapter 1 massive earthquake-1,https://www.wattpad.com/1643734560-planet-phoenix-chapter-1-massive-earthquake-1,15,0,0,324.01,2026-07-20T00:00:02Z
2026-08-02T20:00:30+08:00,2,1643743618,Chapter 2 massive earthquake-2,https://www.wattpad.com/1643743618-planet-phoenix-chapter-2-massive-earthquake-2,12,1,0,310.01,2026-07-20T14:00:02Z
2026-08-02T20:00:30+08:00,3,1643746352,Chapter 3 massive earthquake-3,https://www.wattpad.com/1643746352-planet-phoenix-chapter-3-massive-earthquake-3,5,0,0,296.01,2026-07-21T04:00:02Z
2026-08-02T20:00:30+08:00,4,1643746654,Chapter 4 massive earthquake-4,https://www.wattpad.com/1643746654-planet-phoenix-chapter-4-massive-earthquake-4,9,1,-1,282.01,2026-07-21T18:00:02Z
2026-08-02T20:00:30+08:00,5,1643747136,Chapter 5 Escape from death,https://www.wattpad.com/1643747136-planet-phoenix-chapter-5-escape-from-death,1,0,0,268.01,2026-07-22T08:00:03Z
2026-08-02T20:00:30+08:00,6,1643747955,Chapter 6：Interlude,https://www.wattpad.com/1643747955-planet-phoenix-chapter-6%EF%BC%9Ainterlude,7,0,0,254.01,2026-07-22T22:00:02Z
2026-08-02T20:00:30+08:00,7,1643748308,Chapter 7：The cabin in the forest,https://www.wattpad.com/1643748308-planet-phoenix-chapter-7%EF%BC%9Athe-cabin-in-the-forest,10,0,1,240.01,2026-07-23T12:00:02Z
2026-08-02T20:00:30+08:00,8,1643748909,Chapter 8：Weird person in the train,https://www.wattpad.com/1643748909-planet-phoenix-chapter-8%EF%BC%9Aweird-person-in-the-train,7,0,1,226.01,2026-07-24T02:00:02Z
2026-08-02T20:00:30+08:00,9,1643749360,Chapter 9：Weird person-1,https://www.wattpad.com/1643749360-planet-phoenix-chapter-9%EF%BC%9Aweird-person-1,1,0,0,212.01,2026-07-24T16:00:03Z
2026-08-02T20:00:30+08:00,10,1643749998,Chapter 10：Weird person-2,https://www.wattpad.com/1643749998-planet-phoenix-chapter-10%EF%BC%9Aweird-person-2,4,0,0,198.01,2026-07-25T06:00:02Z
2026-08-02T20:00:30+08:00,11,1643750323,Chapter 11：Weird person-3,https://www.wattpad.com/1643750323-planet-phoenix-chapter-11%EF%BC%9Aweird-person-3,4,0,0,184.01,2026-07-25T20:00:02Z
2026-08-02T20:00:30+08:00,12,1643751148,Chapter 12：Homestead,https://www.wattpad.com/1643751148-planet-phoenix-chapter-12%EF%BC%9Ahomestead,0,0,0,170.01,2026-07-26T10:00:03Z
2026-08-02T20:00:30+08:00,13,1643843952,Chapter 13：Report anomalous individuals-1,https://www.wattpad.com/1643843952-planet-phoenix-chapter-13%EF%BC%9Areport-anomalous,2,0,0,156.01,2026-07-27T00:00:02Z
2026-08-02T20:00:30+08:00,14,1643844249,Chapter 14：Report anomalous individuals-2,https://www.wattpad.com/1643844249-planet-phoenix-chapter-14%EF%BC%9Areport-anomalous,2,0,0,142.01,2026-07-27T14:00:03Z
2026-08-02T20:00:30+08:00,15,1643844641,Chapter 15：Report anomalous individuals-3,https://www.wattpad.com/1643844641-planet-phoenix-chapter-15%EF%BC%9Areport-anomalous,1,0,0,128.01,2026-07-28T04:00:03Z
2026-08-02T20:00:30+08:00,16,1643845149,Chapter 16：The Journey of Common Sense-1,https://www.wattpad.com/1643845149-planet-phoenix-chapter-16%EF%BC%9Athe-journey-of-common,2,1,0,114.01,2026-07-28T18:00:03Z
2026-08-02T20:00:30+08:00,17,1643845633,Chapter 17：The Journey of Common Sense-2,https://www.wattpad.com/1643845633-planet-phoenix-chapter-17%EF%BC%9Athe-journey-of-common,1,0,0,100.01,2026-07-29T08:00:02Z
2026-08-02T20:00:30+08:00,18,1643845966,Chapter 18：The Journey of Common Sense-3,https://www.wattpad.com/1643845966-planet-phoenix-chapter-18%EF%BC%9Athe-journey-of-common,0,0,0,86.01,2026-07-29T22:00:02Z
2026-08-02T20:00:30+08:00,19,1643846464,"Chapter 19：Strictly Speaking, It is Cohabitation",https://www.wattpad.com/1643846464-planet-phoenix-chapter-19%EF%BC%9Astrictly-speaking-it-is,0,0,0,72.01,2026-07-30T12:00:02Z
2026-08-02T20:00:30+08:00,20,1643846919,Chapter 20：A Neighborhood Hiccup,https://www.wattpad.com/1643846919-planet-phoenix-chapter-20%EF%BC%9Aa-neighborhood-hiccup,0,0,0,58.01,2026-07-31T02:00:03Z
2026-08-02T20:00:30+08:00,21,1643848472,Chapter 21：Impromptu Shopping Trip,https://www.wattpad.com/1643848472-planet-phoenix-chapter-21%EF%BC%9Aimpromptu-shopping-trip,0,0,0,44.01,2026-07-31T16:00:03Z
2026-08-02T20:00:30+08:00,22,1643848845,Chapter 22：Palace,https://www.wattpad.com/1643848845-planet-phoenix-chapter-22%EF%BC%9Apalace,0,0,0,30.01,2026-08-01T06:00:02Z
2026-08-02T20:00:30+08:00,23,1643849123,Chapter 23：Bay Bazzar Station,https://www.wattpad.com/1643849123-planet-phoenix-chapter-23%EF%BC%9Abay-bazzar-station,5,0,2,16.01,2026-08-01T20:00:05Z
2026-08-02T20:00:30+08:00,24,1643849651,Chapter 24：Journey for Supplies-1,https://www.wattpad.com/1643849651-planet-phoenix-chapter-24%EF%BC%9Ajourney-for-supplies-1,0,0,0,2.01,2026-08-02T10:00:02Z
2026-08-02T21:00:32+08:00,1,1643734560,Chapter 1 massive earthquake-1,https://www.wattpad.com/1643734560-planet-phoenix-chapter-1-massive-earthquake-1,15,0,0,325.01,2026-07-20T00:00:02Z
2026-08-02T21:00:32+08:00,2,1643743618,Chapter 2 massive earthquake-2,https://www.wattpad.com/1643743618-planet-phoenix-chapter-2-massive-earthquake-2,12,1,0,311.01,2026-07-20T14:00:02Z
2026-08-02T21:00:32+08:00,3,1643746352,Chapter 3 massive earthquake-3,https://www.wattpad.com/1643746352-planet-phoenix-chapter-3-massive-earthquake-3,5,0,0,297.01,2026-07-21T04:00:02Z
2026-08-02T21:00:32+08:00,4,1643746654,Chapter 4 massive earthquake-4,https://www.wattpad.com/1643746654-planet-phoenix-chapter-4-massive-earthquake-4,9,1,-1,283.01,2026-07-21T18:00:02Z
2026-08-02T21:00:32+08:00,5,1643747136,Chapter 5 Escape from death,https://www.wattpad.com/1643747136-planet-phoenix-chapter-5-escape-from-death,1,0,0,269.01,2026-07-22T08:00:03Z
2026-08-02T21:00:32+08:00,6,1643747955,Chapter 6：Interlude,https://www.wattpad.com/1643747955-planet-phoenix-chapter-6%EF%BC%9Ainterlude,7,0,0,255.01,2026-07-22T22:00:02Z
2026-08-02T21:00:32+08:00,7,1643748308,Chapter 7：The cabin in the forest,https://www.wattpad.com/1643748308-planet-phoenix-chapter-7%EF%BC%9Athe-cabin-in-the-forest,10,0,1,241.01,2026-07-23T12:00:02Z
2026-08-02T21:00:32+08:00,8,1643748909,Chapter 8：Weird person in the train,https://www.wattpad.com/1643748909-planet-phoenix-chapter-8%EF%BC%9Aweird-person-in-the-train,7,0,1,227.01,2026-07-24T02:00:02Z
2026-08-02T21:00:32+08:00,9,1643749360,Chapter 9：Weird person-1,https://www.wattpad.com/1643749360-planet-phoenix-chapter-9%EF%BC%9Aweird-person-1,1,0,0,213.01,2026-07-24T16:00:03Z
2026-08-02T21:00:32+08:00,10,1643749998,Chapter 10：Weird person-2,https://www.wattpad.com/1643749998-planet-phoenix-chapter-10%EF%BC%9Aweird-person-2,4,0,0,199.01,2026-07-25T06:00:02Z
2026-08-02T21:00:32+08:00,11,1643750323,Chapter 11：Weird person-3,https://www.wattpad.com/1643750323-planet-phoenix-chapter-11%EF%BC%9Aweird-person-3,4,0,0,185.01,2026-07-25T20:00:02Z
2026-08-02T21:00:32+08:00,12,1643751148,Chapter 12：Homestead,https://www.wattpad.com/1643751148-planet-phoenix-chapter-12%EF%BC%9Ahomestead,0,0,0,171.01,2026-07-26T10:00:03Z
2026-08-02T21:00:32+08:00,13,1643843952,Chapter 13：Report anomalous individuals-1,https://www.wattpad.com/1643843952-planet-phoenix-chapter-13%EF%BC%9Areport-anomalous,2,0,0,157.01,2026-07-27T00:00:02Z
2026-08-02T21:00:32+08:00,14,1643844249,Chapter 14：Report anomalous individuals-2,https://www.wattpad.com/1643844249-planet-phoenix-chapter-14%EF%BC%9Areport-anomalous,2,0,0,143.01,2026-07-27T14:00:03Z
2026-08-02T21:00:32+08:00,15,1643844641,Chapter 15：Report anomalous individuals-3,https://www.wattpad.com/1643844641-planet-phoenix-chapter-15%EF%BC%9Areport-anomalous,1,0,0,129.01,2026-07-28T04:00:03Z
2026-08-02T21:00:32+08:00,16,1643845149,Chapter 16：The Journey of Common Sense-1,https://www.wattpad.com/1643845149-planet-phoenix-chapter-16%EF%BC%9Athe-journey-of-common,2,1,0,115.01,2026-07-28T18:00:03Z
2026-08-02T21:00:32+08:00,17,1643845633,Chapter 17：The Journey of Common Sense-2,https://www.wattpad.com/1643845633-planet-phoenix-chapter-17%EF%BC%9Athe-journey-of-common,1,0,0,101.01,2026-07-29T08:00:02Z
2026-08-02T21:00:32+08:00,18,1643845966,Chapter 18：The Journey of Common Sense-3,https://www.wattpad.com/1643845966-planet-phoenix-chapter-18%EF%BC%9Athe-journey-of-common,0,0,0,87.01,2026-07-29T22:00:02Z
2026-08-02T21:00:32+08:00,19,1643846464,"Chapter 19：Strictly Speaking, It is Cohabitation",https://www.wattpad.com/1643846464-planet-phoenix-chapter-19%EF%BC%9Astrictly-speaking-it-is,0,0,0,73.01,2026-07-30T12:00:02Z
2026-08-02T21:00:32+08:00,20,1643846919,Chapter 20：A Neighborhood Hiccup,https://www.wattpad.com/1643846919-planet-phoenix-chapter-20%EF%BC%9Aa-neighborhood-hiccup,0,0,0,59.01,2026-07-31T02:00:03Z
2026-08-02T21:00:32+08:00,21,1643848472,Chapter 21：Impromptu Shopping Trip,https://www.wattpad.com/1643848472-planet-phoenix-chapter-21%EF%BC%9Aimpromptu-shopping-trip,0,0,0,45.01,2026-07-31T16:00:03Z
2026-08-02T21:00:32+08:00,22,1643848845,Chapter 22：Palace,https://www.wattpad.com/1643848845-planet-phoenix-chapter-22%EF%BC%9Apalace,0,0,0,31.01,2026-08-01T06:00:02Z
2026-08-02T21:00:32+08:00,23,1643849123,Chapter 23：Bay Bazzar Station,https://www.wattpad.com/1643849123-planet-phoenix-chapter-23%EF%BC%9Abay-bazzar-station,5,0,2,17.01,2026-08-01T20:00:05Z
2026-08-02T21:00:32+08:00,24,1643849651,Chapter 24：Journey for Supplies-1,https://www.wattpad.com/1643849651-planet-phoenix-chapter-24%EF%BC%9Ajourney-for-supplies-1,0,0,0,3.01,2026-08-02T10:00:02Z
2026-08-02T22:00:30+08:00,1,1643734560,Chapter 1 massive earthquake-1,https://www.wattpad.com/1643734560-planet-phoenix-chapter-1-massive-earthquake-1,15,0,0,326.01,2026-07-20T00:00:02Z
2026-08-02T22:00:30+08:00,2,1643743618,Chapter 2 massive earthquake-2,https://www.wattpad.com/1643743618-planet-phoenix-chapter-2-massive-earthquake-2,12,1,0,312.01,2026-07-20T14:00:02Z
2026-08-02T22:00:30+08:00,3,1643746352,Chapter 3 massive earthquake-3,https://www.wattpad.com/1643746352-planet-phoenix-chapter-3-massive-earthquake-3,5,0,0,298.01,2026-07-21T04:00:02Z
2026-08-02T22:00:30+08:00,4,1643746654,Chapter 4 massive earthquake-4,https://www.wattpad.com/1643746654-planet-phoenix-chapter-4-massive-earthquake-4,9,1,-1,284.01,2026-07-21T18:00:02Z
2026-08-02T22:00:30+08:00,5,1643747136,Chapter 5 Escape from death,https://www.wattpad.com/1643747136-planet-phoenix-chapter-5-escape-from-death,1,0,0,270.01,2026-07-22T08:00:03Z
2026-08-02T22:00:30+08:00,6,1643747955,Chapter 6：Interlude,https://www.wattpad.com/1643747955-planet-phoenix-chapter-6%EF%BC%9Ainterlude,7,0,0,256.01,2026-07-22T22:00:02Z
2026-08-02T22:00:30+08:00,7,1643748308,Chapter 7：The cabin in the forest,https://www.wattpad.com/1643748308-planet-phoenix-chapter-7%EF%BC%9Athe-cabin-in-the-forest,10,0,1,242.01,2026-07-23T12:00:02Z
2026-08-02T22:00:30+08:00,8,1643748909,Chapter 8：Weird person in the train,https://www.wattpad.com/1643748909-planet-phoenix-chapter-8%EF%BC%9Aweird-person-in-the-train,7,0,1,228.01,2026-07-24T02:00:02Z
2026-08-02T22:00:30+08:00,9,1643749360,Chapter 9：Weird person-1,https://www.wattpad.com/1643749360-planet-phoenix-chapter-9%EF%BC%9Aweird-person-1,1,0,0,214.01,2026-07-24T16:00:03Z
2026-08-02T22:00:30+08:00,10,1643749998,Chapter 10：Weird person-2,https://www.wattpad.com/1643749998-planet-phoenix-chapter-10%EF%BC%9Aweird-person-2,4,0,0,200.01,2026-07-25T06:00:02Z
2026-08-02T22:00:30+08:00,11,1643750323,Chapter 11：Weird person-3,https://www.wattpad.com/1643750323-planet-phoenix-chapter-11%EF%BC%9Aweird-person-3,4,0,0,186.01,2026-07-25T20:00:02Z
2026-08-02T22:00:30+08:00,12,1643751148,Chapter 12：Homestead,https://www.wattpad.com/1643751148-planet-phoenix-chapter-12%EF%BC%9Ahomestead,0,0,0,172.01,2026-07-26T10:00:03Z
2026-08-02T22:00:30+08:00,13,1643843952,Chapter 13：Report anomalous individuals-1,https://www.wattpad.com/1643843952-planet-phoenix-chapter-13%EF%BC%9Areport-anomalous,2,0,0,158.01,2026-07-27T00:00:02Z
2026-08-02T22:00:30+08:00,14,1643844249,Chapter 14：Report anomalous individuals-2,https://www.wattpad.com/1643844249-planet-phoenix-chapter-14%EF%BC%9Areport-anomalous,2,0,0,144.01,2026-07-27T14:00:03Z
2026-08-02T22:00:30+08:00,15,1643844641,Chapter 15：Report anomalous individuals-3,https://www.wattpad.com/1643844641-planet-phoenix-chapter-15%EF%BC%9Areport-anomalous,1,0,0,130.01,2026-07-28T04:00:03Z
2026-08-02T22:00:30+08:00,16,1643845149,Chapter 16：The Journey of Common Sense-1,https://www.wattpad.com/1643845149-planet-phoenix-chapter-16%EF%BC%9Athe-journey-of-common,2,1,0,116.01,2026-07-28T18:00:03Z
2026-08-02T22:00:30+08:00,17,1643845633,Chapter 17：The Journey of Common Sense-2,https://www.wattpad.com/1643845633-planet-phoenix-chapter-17%EF%BC%9Athe-journey-of-common,1,0,0,102.01,2026-07-29T08:00:02Z
2026-08-02T22:00:30+08:00,18,1643845966,Chapter 18：The Journey of Common Sense-3,https://www.wattpad.com/1643845966-planet-phoenix-chapter-18%EF%BC%9Athe-journey-of-common,0,0,0,88.01,2026-07-29T22:00:02Z
2026-08-02T22:00:30+08:00,19,1643846464,"Chapter 19：Strictly Speaking, It is Cohabitation",https://www.wattpad.com/1643846464-planet-phoenix-chapter-19%EF%BC%9Astrictly-speaking-it-is,0,0,0,74.01,2026-07-30T12:00:02Z
2026-08-02T22:00:30+08:00,20,1643846919,Chapter 20：A Neighborhood Hiccup,https://www.wattpad.com/1643846919-planet-phoenix-chapter-20%EF%BC%9Aa-neighborhood-hiccup,0,0,0,60.01,2026-07-31T02:00:03Z
2026-08-02T22:00:30+08:00,21,1643848472,Chapter 21：Impromptu Shopping Trip,https://www.wattpad.com/1643848472-planet-phoenix-chapter-21%EF%BC%9Aimpromptu-shopping-trip,0,0,0,46.01,2026-07-31T16:00:03Z
2026-08-02T22:00:30+08:00,22,1643848845,Chapter 22：Palace,https://www.wattpad.com/1643848845-planet-phoenix-chapter-22%EF%BC%9Apalace,0,0,0,32.01,2026-08-01T06:00:02Z
2026-08-02T22:00:30+08:00,23,1643849123,Chapter 23：Bay Bazzar Station,https://www.wattpad.com/1643849123-planet-phoenix-chapter-23%EF%BC%9Abay-bazzar-station,5,0,2,18.01,2026-08-01T20:00:05Z
2026-08-02T22:00:30+08:00,24,1643849651,Chapter 24：Journey for Supplies-1,https://www.wattpad.com/1643849651-planet-phoenix-chapter-24%EF%BC%9Ajourney-for-supplies-1,0,0,0,4.01,2026-08-02T10:00:02Z
2026-08-02T23:00:37+08:00,1,1643734560,Chapter 1 massive earthquake-1,https://www.wattpad.com/1643734560-planet-phoenix-chapter-1-massive-earthquake-1,15,0,0,327.01,2026-07-20T00:00:02Z
2026-08-02T23:00:37+08:00,2,1643743618,Chapter 2 massive earthquake-2,https://www.wattpad.com/1643743618-planet-phoenix-chapter-2-massive-earthquake-2,12,1,0,313.01,2026-07-20T14:00:02Z
2026-08-02T23:00:37+08:00,3,1643746352,Chapter 3 massive earthquake-3,https://www.wattpad.com/1643746352-planet-phoenix-chapter-3-massive-earthquake-3,5,0,0,299.01,2026-07-21T04:00:02Z
2026-08-02T23:00:37+08:00,4,1643746654,Chapter 4 massive earthquake-4,https://www.wattpad.com/1643746654-planet-phoenix-chapter-4-massive-earthquake-4,9,1,-1,285.01,2026-07-21T18:00:02Z
2026-08-02T23:00:37+08:00,5,1643747136,Chapter 5 Escape from death,https://www.wattpad.com/1643747136-planet-phoenix-chapter-5-escape-from-death,1,0,0,271.01,2026-07-22T08:00:03Z
2026-08-02T23:00:37+08:00,6,1643747955,Chapter 6：Interlude,https://www.wattpad.com/1643747955-planet-phoenix-chapter-6%EF%BC%9Ainterlude,7,0,0,257.01,2026-07-22T22:00:02Z
2026-08-02T23:00:37+08:00,7,1643748308,Chapter 7：The cabin in the forest,https://www.wattpad.com/1643748308-planet-phoenix-chapter-7%EF%BC%9Athe-cabin-in-the-forest,10,0,1,243.01,2026-07-23T12:00:02Z
2026-08-02T23:00:37+08:00,8,1643748909,Chapter 8：Weird person in the train,https://www.wattpad.com/1643748909-planet-phoenix-chapter-8%EF%BC%9Aweird-person-in-the-train,7,0,1,229.01,2026-07-24T02:00:02Z
2026-08-02T23:00:37+08:00,9,1643749360,Chapter 9：Weird person-1,https://www.wattpad.com/1643749360-planet-phoenix-chapter-9%EF%BC%9Aweird-person-1,1,0,0,215.01,2026-07-24T16:00:03Z
2026-08-02T23:00:37+08:00,10,1643749998,Chapter 10：Weird person-2,https://www.wattpad.com/1643749998-planet-phoenix-chapter-10%EF%BC%9Aweird-person-2,4,0,0,201.01,2026-07-25T06:00:02Z
2026-08-02T23:00:37+08:00,11,1643750323,Chapter 11：Weird person-3,https://www.wattpad.com/1643750323-planet-phoenix-chapter-11%EF%BC%9Aweird-person-3,4,0,0,187.01,2026-07-25T20:00:02Z
2026-08-02T23:00:37+08:00,12,1643751148,Chapter 12：Homestead,https://www.wattpad.com/1643751148-planet-phoenix-chapter-12%EF%BC%9Ahomestead,0,0,0,173.01,2026-07-26T10:00:03Z
2026-08-02T23:00:37+08:00,13,1643843952,Chapter 13：Report anomalous individuals-1,https://www.wattpad.com/1643843952-planet-phoenix-chapter-13%EF%BC%9Areport-anomalous,2,0,0,159.01,2026-07-27T00:00:02Z
2026-08-02T23:00:37+08:00,14,1643844249,Chapter 14：Report anomalous individuals-2,https://www.wattpad.com/1643844249-planet-phoenix-chapter-14%EF%BC%9Areport-anomalous,2,0,0,145.01,2026-07-27T14:00:03Z
2026-08-02T23:00:37+08:00,15,1643844641,Chapter 15：Report anomalous individuals-3,https://www.wattpad.com/1643844641-planet-phoenix-chapter-15%EF%BC%9Areport-anomalous,1,0,0,131.01,2026-07-28T04:00:03Z
2026-08-02T23:00:37+08:00,16,1643845149,Chapter 16：The Journey of Common Sense-1,https://www.wattpad.com/1643845149-planet-phoenix-chapter-16%EF%BC%9Athe-journey-of-common,2,1,0,117.01,2026-07-28T18:00:03Z
2026-08-02T23:00:37+08:00,17,1643845633,Chapter 17：The Journey of Common Sense-2,https://www.wattpad.com/1643845633-planet-phoenix-chapter-17%EF%BC%9Athe-journey-of-common,1,0,0,103.01,2026-07-29T08:00:02Z
2026-08-02T23:00:37+08:00,18,1643845966,Chapter 18：The Journey of Common Sense-3,https://www.wattpad.com/1643845966-planet-phoenix-chapter-18%EF%BC%9Athe-journey-of-common,0,0,0,89.01,2026-07-29T22:00:02Z
2026-08-02T23:00:37+08:00,19,1643846464,"Chapter 19：Strictly Speaking, It is Cohabitation",https://www.wattpad.com/1643846464-planet-phoenix-chapter-19%EF%BC%9Astrictly-speaking-it-is,0,0,0,75.01,2026-07-30T12:00:02Z
2026-08-02T23:00:37+08:00,20,1643846919,Chapter 20：A Neighborhood Hiccup,https://www.wattpad.com/1643846919-planet-phoenix-chapter-20%EF%BC%9Aa-neighborhood-hiccup,0,0,0,61.01,2026-07-31T02:00:03Z
2026-08-02T23:00:37+08:00,21,1643848472,Chapter 21：Impromptu Shopping Trip,https://www.wattpad.com/1643848472-planet-phoenix-chapter-21%EF%BC%9Aimpromptu-shopping-trip,0,0,0,47.01,2026-07-31T16:00:03Z
2026-08-02T23:00:37+08:00,22,1643848845,Chapter 22：Palace,https://www.wattpad.com/1643848845-planet-phoenix-chapter-22%EF%BC%9Apalace,0,0,0,33.01,2026-08-01T06:00:02Z
2026-08-02T23:00:37+08:00,23,1643849123,Chapter 23：Bay Bazzar Station,https://www.wattpad.com/1643849123-planet-phoenix-chapter-23%EF%BC%9Abay-bazzar-station,5,0,2,19.01,2026-08-01T20:00:05Z
2026-08-02T23:00:37+08:00,24,1643849651,Chapter 24：Journey for Supplies-1,https://www.wattpad.com/1643849651-planet-phoenix-chapter-24%EF%BC%9Ajourney-for-supplies-1,0,0,0,5.01,2026-08-02T10:00:02Z
